direccion_completa,x,y
"Port Melbourne, 1001/101 Bay St, 3207",-37.8406249,144.9395556
"St Kilda, 1002/6 St Kilda Rd, 3182",-37.85662,144.9834395
"Southbank, 1003/133 City Rd, 3006",-37.823361,144.963506
"Melbourne, 1007/594 St Kilda Rd, 3000",-37.8496047,144.9799085
"Abbotsford, 1009/1 Acacia Pl, 3067",-37.8114058,145.0138021
"Melbourne, 1009/70 Queens Rd, 3000",-37.8511907,144.9789082
"Croydon, 100A Alto Av, 3136",-37.7899993,145.269642
"Altona North, 100A Fifth Av, 3025",-37.8343622,144.8511511
"Mooroolbark, 100A Landscape Dr, 3138",-37.7686447,145.3309995
"Oakleigh South, 100 Sherbrooke Av, 3167",-37.9392648,145.0879881
"Murrumbeena, 10/106 Murrumbeena Rd, 3163",-37.8913869,145.0664153
"Carlton North, 10/1072 Lygon St, 3054",-37.7805155,144.9705975
"McKinnon, 101/10 Station Av, 3204",-37.9100368,145.0393667
"Preston, 10/115 High St, 3072",-37.7485967,145.0020553
"Brunswick, 10/116 Albert St, 3056",-37.7700116,144.971548
"Melbourne, 1011/74 Queens Rd, 3000",-37.8522676,144.9793122
"Glen Iris, 101/18 Leopold St, 3146",-37.8595672,145.0430571
"West Melbourne, 10/11 Anderson St, 3003",-37.804797,144.9417308
"Essendon, 101/201 Buckley St, 3040",-37.7562918,144.9088899
"Caulfield North, 10/125 Kambrook Rd, 3161",-37.8802861,145.0346198
"St Kilda, 10/12 Acland St, 3182",-37.8630983,144.974878
"St Kilda, 10/12 Blessington St, 3182",-37.8705838,144.9797169
"Croydon, 10/12 Emora St, 3136",-37.8065387,145.2892621
"Essendon, 10/130 Hoffmans Rd, 3040",-37.7403632,144.892061
"Camberwell, 10/1311 Toorak Rd, 3124",-37.8495299,145.0895776
"Brunswick East, 101/380 Lygon St, 3057",-37.7670374,144.9727047
"Brunswick West, 10/13 Hopetoun Av, 3055",-37.7551796,144.9348396
"Melbourne, 101/461 St Kilda Rd, 3000",-37.840736,144.9781421
"Northcote, 101/4 Beavers Rd, 3070",-37.7665771,144.9985322
"Melbourne, 101/505 St Kilda Rd, 3000",-37.8437711,144.9789454
"Clifton Hill, 101/51 Ramsden St, 3068",-37.7907028,144.9972796
"Glen Iris, 10/1555 High St, 3146",-37.8598018,145.0601589
"Footscray, 10/155 Gordon St, 3011",-37.7964514,144.8887838
"Melbourne, 101/55 Queens Rd, 3000",-37.847853,144.9776096
"Melbourne, 101/598 St Kilda Rd, 3000",-37.8500747,144.9800715
"Toorak, 10/159 Alexandra Av, 3142",-37.8323035,145.0066139
"Thornbury, 10/167 Darebin Rd, 3071",-37.7645393,145.0131509
"Hawthorn, 10/167 Power St, 3122",-37.8255638,145.0258699
"Hawthorn East, 101/729 Burwood Rd, 3123",-37.8239803,145.0482168
"Kew, 101/75 Princess St, 3101",-37.8021384,145.0294736
"Parkville, 101/80 Cade Wy, 3052",-37.7775328,144.938243
"Melbourne, 1018/422 Collins St, 3000",-37.8170971,144.9601487
"Brighton East, 10/196 North Rd, 3187",-37.9003629,145.0087899
"Northcote, 101 Beaconsfield Pde, 3070",-37.7645261,144.9929623
"Cheltenham, 101 Benkel Av, 3192",-37.9678098,145.0859438
"Mulgrave, 101b Wanda St, 3170",-37.9291277,145.16654
"Windsor, 10/1 Ellesmere Rd, 3181",-37.8573004,144.9995068
"Oakleigh, 10/1 Heath Av, 3166",-37.9012948,145.0961459
"Doncaster East, 101 Landscape Dr, 3109",-37.7734861,145.1746245
"St Kilda, 10/1 The Esplanade, 3182",-37.8629367,144.9728804
"Footscray, 10/20 French St, 3011",-37.8012881,144.8967018
"Murrumbeena, 102/124 Murrumbeena Rd, 3163",-37.8926639,145.0661813
"Glen Huntly, 10/21 Royal Av, 3163",-37.8923925,145.0420979
"Brunswick West, 102/2 Olive York Wy, 3055",-37.7585195,144.9396259
"South Melbourne, 102/333 Ferrars St, 3205",-37.8384062,144.9577506
"Box Hill, 10/24 Rose St, 3128",-37.8228965,145.128993
"Maribyrnong, 102/58 La Scala Av, 3032",-37.7808149,144.8929099
"Brighton, 10/260 St Kilda St, 3186",-37.9088823,144.9870716
"Windsor, 102/69 Newry St, 3181",-37.8533987,145.0005143
"Collingwood, 102/6 Mater St, 3066",-37.7951346,144.9851382
"Brunswick, 102/747 Sydney Rd, 3056",-37.7593202,144.9632525
"Kew, 102/75 Princess St, 3101",-37.8021384,145.0294736
"Caulfield East, 10/27 Tattenham St, 3145",-37.8829469,145.0443972
"Toorak, 10/27 Wallace Av, 3142",-37.8386898,145.007396
"Bentleigh East, 102b Parkmore Rd, 3165",-37.9158636,145.0730012
"Glen Huntly, 103/15 Manchester Gr, 3163",-37.8877744,145.0407211
"Footscray, 10/31 Moreland St, 3011",-37.8020911,144.9075098
"Box Hill, 10/32 Ashted Rd, 3128",-37.8237576,145.1257428
"Brunswick East, 10/32 John St, 3057",-37.7756138,144.9766004
"Meadow Heights, 10/32 Papworth Pl, 3048",-37.6499207,144.9186021
"Brighton, 103/32 Warleigh Gr, 3186",-37.9045162,145.0043323
"Niddrie, 103/4 Hotham Rd, 3042",-37.7360258,144.888619
"Fitzroy North, 103/500 Brunswick St, 3068",-37.7919563,144.9800947
"Fairfield, 103/57 Station St, 3078",-37.7809992,145.0179953
"Prahran, 103/59 Porter St, 3181",-37.846934,144.9906588
"Coburg, 103/5 Wardens Wk, 3058",-37.7388316,144.9684218
"Kensington, 103/60 Speakmen St, 3031",-37.7940545,144.9166719
"Moonee Ponds, 10/36 Gladstone St, 3039",-37.7682758,144.9203749
"St Kilda, 10/36 Waterloo Cr, 3182",-37.8625318,144.9839399
"Moonee Ponds, 103/701 Mt Alexander Rd, 3039",-37.7644654,144.9229705
"Kensington, 103/70 Speakmen St, 3031",-37.7939637,144.9159974
"Caulfield North, 10/376 Dandenong Rd, 3161",-37.8606975,145.0113454
"Port Melbourne, 103/77 Nott St, 3207",-37.8407256,144.9383392
"Flemington, 10/37 Bignell St, 3031",-37.7832819,144.9339957
"Albert Park, 103/87 Dundas Pl, 3206",-37.841255,144.9555521
"Craigieburn, 10/38 Mallard Cct, 3064",-37.5954008,144.904358
"Brighton, 10/392 New St, 3186",-37.8976742,144.9946812
"Preston, 10/397 Murray Rd, 3072",-37.7370762,144.9933516
"Point Cook, 10/39 Astley Cr, 3030",-37.8910826,144.7297987
"Mooroolbark, 103 Landscape Dr, 3138",-37.7705051,145.3281343
"Bentleigh East, 103 Matthews Rd, 3165",-37.9290942,145.0731861
"Coburg North, 10/3 Newlands Rd, 3058",-37.7341433,144.9714496
"Altona North, 103 Sixth Av, 3025",-37.835633,144.849405
"Prahran, 104/11 Hillingdon Pl, 3181",-37.8516819,144.9943382
"Northcote, 10/414 High St, 3070",-37.767524,144.9994219
"Richmond, 104/163 Cremorne St, 3121",-37.8301012,144.9904481
"Richmond, 104/18 Coppin St, 3121",-37.8165472,145.0036039
"Cheltenham, 104/19 Hall St, 3192",-37.9639044,145.0535646
"Prahran, 104/22 Chatham St, 3181",-37.8490629,144.9930948
"St Kilda, 104/30 The Esplanade, 3182",-37.8668096,144.9771902
"Collingwood, 104/35 Victoria Pde, 3066",-37.8086499,144.9837888
"Northcote, 10/442 High St, 3070",-37.7667515,144.9994474
"Port Melbourne, 104/54 Nott St, 3207",-37.8406532,144.9389097
"St Kilda, 10/45 Chapel St, 3182",-37.8622054,144.9912645
"Northcote, 104/72 Gadd St, 3070",-37.7622742,144.9893683
"Elsternwick, 10/488 Glenhuntly Rd, 3185",-37.885529,145.0088061
"Toorak, 10/48 Lansell Rd, 3142",-37.8340618,145.0199186
"Preston, 10/4 Austral Av, 3072",-37.7481211,144.9931101
"Knoxfield, 104 Rickards Av, 3180",-37.8863402,145.2475102
"Armadale, 10/507 Dandenong Rd, 3143",-37.8624486,145.0201055
"Kew, 105/191 Barkers Rd, 3101",-37.814275,145.0348735
"Brunswick West, 10/520 Moreland Rd, 3055",-37.7531078,144.9368881
"South Melbourne, 105/211 Dorcas St, 3205",-37.8327914,144.9620468
"Caulfield North, 105/241 Balaclava Rd, 3161",-37.873137,145.0268878
"Port Melbourne, 105/25 Pickles St, 3207",-37.8438951,144.9444928
"Ashburton, 105/315 High St, 3147",-37.8637323,145.083593
"Melbourne, 105/368 Little Collins St, 3000",-37.815461,144.9623199
"Collingwood, 10/55 Islington St, 3066",-37.8074152,144.9906706
"Mentone, 10/56 Milan St, 3194",-37.9830225,145.0606685
"Hawthorn, 10/574 Glenferrie Rd, 3122",-37.8265141,145.0350686
"Reservoir, 10/59 St Vigeons Rd, 3073",-37.706892,145.024936
"Kensington, 105 Stockmans Wy, 3031",-37.7923813,144.9199147
"Tecoma, 105 Terrys Av, 3160",-37.8974326,145.3506965
"Kew, 10/60 Princess St, 3101",-37.8040966,145.029588
"Abbotsford, 106/119 Turner St, 3067",-37.799287,145.0004252
"Prahran, 106/152 Peel St, 3181",-37.8558032,144.9902549
"Hawthorn, 106/17 Riversdale Rd, 3122",-37.8277198,145.0269207
"Richmond, 106/20 Burnley St, 3121",-37.8126488,145.0093583
"Melbourne, 10/628 St Kilda Rd, 3000",-37.8535877,144.9813986
"Northcote, 106/2 Beavers Rd, 3070",-37.7665964,144.998425
"Brunswick West, 106/2 Murray St, 3055",-37.7596086,144.9441272
"South Yarra, 10/63 Alexandra Av, 3141",-37.8322438,144.9892193
"Preston, 106/448 Bell St, 3072",-37.74424,144.996262
"Thornbury, 10/66 Dundas St, 3071",-37.7532092,145.0083144
"Toorak, 10/679 Toorak Rd, 3142",-37.8435445,145.0309617
"Port Melbourne, 106/89 Beach St, 3207",-37.8415825,144.9355606
"Clifton Hill, 106 Noone St, 3068",-37.7936136,144.9950223
"Thornbury, 106 Normanby Av, 3071",-37.758247,144.9903515
"Reservoir, 106 Winter Cr, 3073",-37.7160834,145.0224189
"Murrumbeena, 107/121 Murrumbeena Rd, 3163",-37.8926839,145.0657322
"Keysborough, 10/72 Stanley Rd, 3173",-38.0002576,145.1663821
"Niddrie, 107/388 Keilor Rd, 3042",-37.735475,144.8881798
"Carnegie, 107/6 Kokaribb Rd, 3163",-37.8867859,145.0560346
"South Yarra, 10/77 Park St, 3141",-37.8358051,144.9819865
"Reservoir, 107 Broadhurst Av, 3073",-37.7079007,144.9954138
"Essendon, 108/1044 Mt Alexander Rd, 3040",-37.7487123,144.9136041
"Malvern, 108/1387 Malvern Rd, 3144",-37.8528249,145.0403895
"Melbourne, 108/15 Queens Rd, 3000",-37.8393007,144.9746006
"Carnegie, 108/21 Belsize Av, 3163",-37.8897106,145.0592499
"East Melbourne, 108/33 Cliveden Cl, 3002",-37.8170268,144.9766205
"Richmond, 108/381 Punt Rd, 3121",-37.8255789,144.9888948
"Balaclava, 10/84 Westbury St, 3183",-37.8670995,144.9960618
"Moonee Ponds, 108/525 Mt Alexander Rd, 3039",-37.7706147,144.925918
"Maribyrnong, 108/55 Cumberland Dr, 3032",-37.7864961,144.9008199
"Thornbury, 108/630 High St, 3071",-37.760093,145.0005228
"Mentone, 10/86 Collins St, 3194",-37.9800857,145.0629462
"Elwood, 10/8 Bluff Av, 3184",-37.882661,144.9788099
"Glenroy, 108 Loongana Av, 3046",-37.7083162,144.9056977
"Parkville, 108 Park Dr, 3052",-37.7940686,144.9562711
"Parkville, 108 Parkville Av, 3052",-37.7765537,144.9422933
"Glenroy, 108 Valley Cr, 3046",-37.6990528,144.9094359
"Kensington, 109/102 Rankins Rd, 3031",-37.7922876,144.9310948
"Malvern, 109/1387 Malvern Rd, 3144",-37.8528249,145.0403895
"Wantirna, 109 Alderford Dr, 3152",-37.8671636,145.231917
"Bentleigh, 10/9 Bent St, 3204",-37.9168298,145.0377107
"Hughesdale, 109 Carlisle Cr, 3166",-37.8992723,145.0863784
"Frankston, 109 Franciscan Av, 3199",-38.1656175,145.1554922
"Richmond, 10/9 Somerset St, 3121",-37.8153478,145.000746
"MacLeod, 109 Wungan St, 3085",-37.7215383,145.0701797
"Vermont, 10 Abbey Wk, 3133",-37.8394249,145.2123691
"Bentleigh East, 10a Bevis St, 3165",-37.9185806,145.0536272
"Balwyn North, 10a Bolinda Rd, 3104",-37.7929942,145.086097
"Donvale, 10a Cameron Cl, 3111",-37.7803518,145.1813555
"Brunswick, 10a Latrobe St, 3056",-37.7610272,144.9717692
"Airport West, 10A Laurence Av, 3042",-37.7289034,144.8791934
"Coburg North, 10a Marama St, 3058",-37.7194109,144.958903
"Maribyrnong, 10 Amarco Cr, 3032",-37.7853479,144.8853066
"Spotswood, 10A McNeilage St, 3015",-37.8329702,144.8868913
"Glenroy, 10a Melbourne Av, 3046",-37.7046787,144.93795
"Moorabbin, 10a Narooma St, 3189",-37.9386606,145.0544875
"Newport, 10A Railway Pde, 3015",-37.8489888,144.8698248
"Pascoe Vale, 10 Ashkanasy Av, 3044",-37.7218184,144.9498482
"Bentleigh East, 10a Stratford Av, 3165",-37.9186997,145.0643629
"Glen Iris, 10 Atkins Av, 3146",-37.84807,145.0650582
"Mitcham, 10 Austin St, 3132",-37.8133018,145.1979581
"Maribyrnong, 10a Wardell Cl, 3032",-37.7857074,144.89558
"Bentleigh East, 10a Yaralla Rd, 3165",-37.9226607,145.0790322
"Bentleigh East, 10b Alexander St, 3165",-37.9215642,145.0540389
"Strathmore, 10 Balmanno Cr, 3041",-37.7406222,144.9155287
"Bentleigh, 10B Howell St, 3204",-37.9300438,145.0335692
"Moorabbin, 10b Narooma St, 3189",-37.9387568,145.0545587
"Kealba, 10 Brazilia Av, 3021",-37.7295377,144.822877
"Brighton East, 10b Robinson St, 3187",-37.9190858,145.0200172
"Oakleigh South, 10 Cameron Av, 3167",-37.9216646,145.0878549
"Highett, 10 Ceramics La, 3190",-37.9521021,145.0344436
"Maidstone, 10 Churchill Av, 3012",-37.7831668,144.8683959
"St Kilda, 10 Cintra Av, 3182",-37.8591214,144.99135
"Balwyn North, 10 Citron Av, 3104",-37.7949162,145.1008488
"Prahran, 10 Closeburn Av, 3181",-37.8580059,145.0047115
"Toorak, 10 Cloverdale Av, 3142",-37.8361024,145.0073744
"St Kilda, 10 Clyde St, 3182",-37.865672,144.9780396
"Alphington, 10 Como St, 3078",-37.781572,145.0334997
"Pascoe Vale, 10 Dromana Av, 3044",-37.7300484,144.9348654
"Brunswick, 10 Dunstan Av, 3056",-37.7613068,144.9732321
"Brighton East, 10 Eloura Av, 3187",-37.9120478,145.0225695
"Windsor, 10 Erica St, 3181",-37.8549547,145.0008885
"Oak Park, 10 Esperanto Ct, 3046",-37.7135095,144.9246548
"Chadstone, 10 Evans St, 3148",-37.8834892,145.0976844
"Croydon Hills, 10 Federation Gln, 3136",-37.7766728,145.2736448
"Altona North, 10 Freemans St, 3025",-37.8291051,144.8390702
"Reservoir, 10 Frier Av, 3073",-37.7295026,145.0153199
"Frankston, 10 Frome Av, 3199",-38.1556202,145.124845
"Plumpton, 10 Gordes St, 3335",-37.7137121,144.7237392
"Kew, 10 Gordon Av, 3101",-37.8106248,145.036358
"Glen Iris, 10 Grandview Av, 3146",-37.8503158,145.0836498
"Armadale, 10 Hampden Rd, 3143",-37.855697,145.0133041
"Toorak, 10 Highgate Hl, 3142",-37.8335565,145.014557
"Glenroy, 10 Justin Av, 3046",-37.7058036,144.9338909
"Keilor Park, 10 Lachlan Ct, 3042",-37.720371,144.8593281
"Keilor East, 10 Lakeside Cr, 3033",-37.7395002,144.8760659
"Maribyrnong, 10 Lakeside Cr, 3032",-37.7846296,144.900642
"Knoxfield, 10 Lakewood Dr, 3180",-37.8757875,145.2528446
"Sunbury, 10 Lalor Cr, 3429",-37.5911956,144.7096843
"Jacana, 10 Landy Rd, 3047",-37.6900245,144.9137443
"Mill Park, 10 Langvale Ct, 3082",-37.6551418,145.0542642
"St Helena, 10 Larool Av, 3088",-37.6879998,145.1267961
"Cheltenham, 10 Lauriston Ct, 3192",-37.9568995,145.0587696
"Ringwood, 10 Lauriston Ct, 3134",-37.8031329,145.2332791
"Glen Waverley, 10 Lennox Av, 3150",-37.8747357,145.1864645
"Caulfield East, 10 Lloyds Av, 3145",-37.8862725,145.0446747
"Camberwell, 10 Lofty Av, 3124",-37.8417222,145.0814472
"Oakleigh South, 10 Luain Av, 3167",-37.9261912,145.0845343
"Frankston South, 10 Lyons Av, 3199",-38.1591503,145.1208795
"Fitzroy, 10 MacRobertsons Cl, 3065",-37.7979625,144.9836836
"Strathmore, 10 Madel Av, 3041",-37.7415584,144.9216576
"Camberwell, 10 Mayfield Av, 3124",-37.8400219,145.0817199
"Bulleen, 10 Nevada Rt, 3105",-37.7594005,145.0908025
"Heidelberg, 10 Oakhurst Av, 3084",-37.7481554,145.0647301
"Bentleigh, 10 Osborne Av, 3204",-37.915366,145.0495604
"Taylors Lakes, 10 Panamuna Av, 3038",-37.7053186,144.792516
"Chirnside Park, 10 Parklands Av, 3116",-37.7556233,145.3104247
"Malvern East, 10 Ramona Av, 3145",-37.878119,145.0759768
"Balwyn, 10 Relowe Cr, 3103",-37.8057516,145.1025061
"Keilor Park, 10 Sell St, 3042",-37.7236703,144.8633247
"Coburg, 10 Stockade Av, 3058",-37.7363532,144.9704982
"Patterson Lakes, 10 The Boulevard, 3197",-38.0713282,145.1334615
"Oakleigh South, 10 Tular Av, 3167",-37.9268319,145.083441
"Doncaster, 10 Turana St, 3108",-37.781054,145.1323034
"Kew, 10 Vaughan Cr, 3101",-37.7925286,145.0242885
"Sunshine, 10 Victoria St, 3020",-37.7901822,144.8364498
"Oakleigh South, 10 Ward Av, 3167",-37.9129339,145.0862101
"Altona, 10 Wilga Av, 3018",-37.8731035,144.8124901
"Richmond, 10 Wiltshire St, 3121",-37.8260019,144.9991047
"Heidelberg Heights, 10 Wordsworth Av, 3081",-37.7385824,145.0509915
"Balwyn North, 10 Wynyard Cr, 3104",-37.8035472,145.0926948
"Tarneit, 10 Zizina Av, 3029",-37.8484925,144.6590605
"Reservoir, 1/100 Rathcown Rd, 3073",-37.7092338,145.0221499
"Melbourne, 1102/1 Roy St, 3000",-37.8464972,144.9774734
"Hillside, 1/102 Brindalee Wy, 3037",-37.7010948,144.7468878
"Pascoe Vale, 1/102 Railway Pde, 3044",-37.7241799,144.9253283
"South Yarra, 1103/800 Chapel St, 3141",-37.836117,144.9966236
"Oakleigh, 1/103 Burlington St, 3166",-37.9029712,145.1012127
"Brighton, 1/103 Martin St, 3186",-37.896744,145.0011598
"Melbourne, 1104/55 Queens Rd, 3000",-37.847853,144.9776096
"Melbourne, 1104/582 St Kilda Rd, 3000",-37.8493082,144.9794216
"Doncaster East, 1/1050 Doncaster Rd, 3109",-37.7897067,145.1647607
"South Melbourne, 1105/148 Wells St, 3205",-37.830791,144.9693648
"Thornbury, 1/106 Keon St, 3071",-37.7516638,144.9868849
"Hawthorn, 110/6 Lisson Gr, 3122",-37.8264123,145.0270393
"South Melbourne, 1107/2 Albert Rd, 3205",-37.8328382,144.9714747
"Bentleigh East, 1/107 East Boundary Rd, 3165",-37.9258503,145.0577277
"Southbank, 1108/9 Power St, 3006",-37.8230624,144.9614182
"Southbank, 1109/26 Southgate Av, 3006",-37.8203293,144.9672721
"Gisborne, 1/109 Aitken St, 3437",-37.4962776,144.5910304
"Box Hill, 1/109 Albion Rd, 3128",-37.8254329,145.1349825
"Glen Iris, 1/10 Albion Rd, 3146",-37.8623551,145.0647369
"Camberwell, 1/10 Allambee Av, 3124",-37.8351309,145.0742132
"Heathmont, 1/10 Allens Rd, 3135",-37.8279385,145.248802
"Essendon, 1/10 Ardoch St, 3040",-37.7493932,144.9209727
"Cremorne, 110 Cremorne St, 3121",-37.8284588,144.9903564
"Port Melbourne, 110 Esplanade Pl, 3207",-37.8362817,144.9464282
"Niddrie, 1/10 Haldane Rd, 3042",-37.7352023,144.8848058
"Tarneit, 1/10 Jordyn St, 3029",-37.8664275,144.6608768
"Box Hill, 1/10 Kangerong Rd, 3128",-37.8173164,145.1279042
"Bundoora, 1/10 Lucy Ct, 3083",-37.692995,145.055818
"Doncaster, 1/10 Morrison Cr, 3108",-37.7930342,145.1244635
"Carnegie, 1/10 Newman Av, 3163",-37.9002644,145.0524113
"Pascoe Vale, 1/10 Oak St, 3044",-37.7221976,144.9248855
"Bellfield, 1/10 Poplar Cr, 3081",-37.7514608,145.0358083
"Camberwell, 110 Rowell Av, 3124",-37.8447465,145.0595369
"Reservoir, 1/10 Smith St, 3073",-37.7028334,145.0120039
"Balwyn, 110 Strabane Av, 3103",-37.8064122,145.1021957
"Kew, 11/106 Walpole St, 3101",-37.798226,145.0332143
"Hawthorn, 11/107 Riversdale Rd, 3122",-37.8286603,145.0350506
"Heidelberg, 1/110 Brown St, 3084",-37.7518609,145.0643404
"Murrumbeena, 111/121 Murrumbeena Rd, 3163",-37.8926845,145.0657364
"South Melbourne, 1111/28 Bank St, 3205",-37.8315373,144.9691738
"South Melbourne, 1111/338 Kings Wy, 3205",-37.8349052,144.9699958
"South Melbourne, 1111/38 Bank St, 3205",-37.8318453,144.9681849
"Bundoora, 11/127 Arthur St, 3083",-37.69839,145.045841
"Brunswick West, 111/2 Olive York Wy, 3055",-37.7585195,144.9396259
"Fitzroy, 1/113 Cecil St, 3065",-37.7940798,144.9802469
"Hampton East, 11/13 Kelly Av, 3188",-37.932888,145.027476
"Kensington, 111/465 MacAulay Rd, 3031",-37.794825,144.9313947
"Highett, 1/1149 Nepean Hwy, 3190",-37.9505004,145.0474962
"Toorak, 11/14 Lansell Rd, 3142",-37.8397816,145.016374
"Thomastown, 1/115 High St, 3074",-37.6843696,145.012908
"Lalor, 1/115 Messmate St, 3075",-37.6757215,145.0261154
"Hawthorn, 1/115 Riversdale Rd, 3122",-37.8287519,145.0358177
"South Yarra, 11/17 Como Av, 3141",-37.8377547,145.0021655
"Fairfield, 1/117 Gillies St, 3078",-37.7754379,145.0177783
"Kensington, 111/80 Speakmen St, 3031",-37.7936149,144.9163183
"Reservoir, 1/118 Leamington St, 3073",-37.7118728,144.9979674
"Toorak, 11/18 Tintern Av, 3142",-37.8424598,145.0058504
"Ormond, 11/18 Ulupna Rd, 3204",-37.9022643,145.0430712
"Newport, 1/118 Woods St, 3015",-37.844794,144.8710333
"Bulleen, 1/119 Willow Bnd, 3105",-37.781994,145.1002841
"Abbotsford, 11/1 Abbott St, 3067",-37.7971116,144.9964726
"Thornbury, 111a Darebin Rd, 3071",-37.7641354,145.0094018
"Brooklyn, 1/11 Almond Av, 3012",-37.8218435,144.8384189
"Maidstone, 1/11 Baird St, 3012",-37.7897486,144.8737554
"Mitcham, 1/11 Basingstoke Rd, 3132",-37.8062079,145.1870252
"Caulfield South, 1/11 Brooklyn Av, 3162",-37.8943591,145.0232575
"Hawthorn, 1/11 Creswick St, 3122",-37.8167125,145.0166867
"Meadow Heights, 1/11 Elgata Cl, 3048",-37.648867,144.9227785
"Yarraville, 1/11 Fielding St, 3013",-37.8108919,144.8889098
"Mulgrave, 1/11 Glencairn St, 3170",-37.9277927,145.165633
"Hawthorn East, 1/11 Grandview Gr, 3123",-37.8222295,145.0566473
"Burwood, 1/11 Greenwood St, 3125",-37.8504957,145.1289467
"Burwood, 1/11 Ian Gr, 3125",-37.855464,145.120501
"Sunshine, 1/11 Kinnane Cr, 3020",-37.7809127,144.8360324
"Nunawading, 1/11 Luckie St, 3131",-37.815784,145.174145
"Reservoir, 1/11 Mahoneys Rd, 3073",-37.6951128,145.0089533
"Highett, 1/11 Matthieson St, 3190",-37.9538363,145.0512571
"Malvern, 1/11 Mayfield Av, 3144",-37.8459005,145.0325964
"Thornbury, 111 Pender St, 3071",-37.7545566,145.0134612
"Templestowe Lower, 1/11 Pentlowe Av, 3107",-37.7570661,145.1049408
"Heidelberg West, 1/11 Setani Cr, 3081",-37.7379991,145.0472703
"Greensborough, 1/11 Stubley Ct, 3088",-37.7055682,145.1036846
"Surrey Hills, 1/11 Sunbury Cr, 3127",-37.8247107,145.0942014
"Hadfield, 1/11 Talbot St, 3046",-37.7136826,144.9480232
"Surrey Hills, 1/11 Union Rd, 3127",-37.8344137,145.0960718
"Coburg, 1/11 Wolseley St, 3058",-37.7531234,144.9638132
"Richmond, 11/203 Punt Rd, 3121",-37.8182907,144.9901318
"Oakleigh East, 1/120 Ferntree Gully Rd, 3166",-37.8983668,145.1160379
"Ivanhoe, 1/120 Ford St, 3079",-37.7635713,145.0327881
"Kew, 1/120 Harp Rd, 3101",-37.80062,145.0599228
"Brunswick, 112/10 Pottery Ct, 3056",-37.7702202,144.9523085
"North Melbourne, 112/150 Peel St, 3051",-37.8044074,144.9565996
"Box Hill, 1/121 Albion Rd, 3128",-37.8256091,145.136225
"Brunswick East, 11/22 French Av, 3057",-37.7709459,144.9741977
"Templestowe Lower, 11/231 High St, 3107",-37.7704385,145.1164537
"Reservoir, 1/123 Boldrewood Pde, 3073",-37.7145588,145.0220112
"Pascoe Vale, 1/123 Derby St, 3044",-37.7270713,144.9463783
"Craigieburn, 11/24 Healesville Lp, 3064",-37.5949114,144.9108519
"Toorak, 11/24 Springfield Av, 3142",-37.8450641,145.0118834
"Cheltenham, 11/250 Charman Rd, 3192",-37.9690272,145.0554101
"Armadale, 11/26 Denbigh Rd, 3143",-37.8585323,145.0157962
"Armadale, 11/26 Gladstone Av, 3143",-37.8625507,145.0237136
"Richmond, 11/26 Rotherwood St, 3121",-37.8193632,144.9917037
"Hawthorn, 11/26 Selbourne St, 3122",-37.8209258,145.0443707
"Reservoir, 1/126 St Vigeons Rd, 3073",-37.7057965,145.0194816
"St Kilda, 11/287 Barkly St, 3182",-37.8733239,144.97982
"Thornbury, 1/128 Dundas St, 3071",-37.7539667,145.0149732
"Reservoir, 1/128 St Vigeons Rd, 3073",-37.7057546,145.0193
"Malvern East, 112a Bowen St, 3145",-37.8791435,145.0789687
"Surrey Hills, 112 Broughton Rd, 3127",-37.834623,145.1085836
"Oak Park, 1/12 Cartwright St, 3046",-37.7140521,144.9190994
"Montmorency, 1/12 Davey Rd, 3094",-37.716084,145.1160695
"Glenroy, 1/12 Hartington St, 3046",-37.7022325,144.9173283
"Glen Waverley, 1/12 Jordan Gr, 3150",-37.8868337,145.1677317
"Brighton, 1/12 Laburnum St, 3186",-37.918665,145.005061
"Airport West, 1/12 Laurence Av, 3042",-37.728825,144.8789365
"Ringwood, 1/12 Lena Gr, 3134",-37.8185669,145.2401128
"Glenroy, 1/12 Maude Av, 3046",-37.7058007,144.9350166
"Camberwell, 1/12 Nelson Rd, 3124",-37.8348784,145.0640611
"Flemington, 11/2 Newmarket Wy, 3031",-37.7858766,144.9280496
"Essendon, 1/12 Schofield St, 3040",-37.745002,144.9150375
"Ferntree Gully, 1/12 Wilson St, 3156",-37.8779477,145.2836493
"Alphington, 112 Wingrove St, 3078",-37.7788398,145.0270799
"Thornbury, 11/305 Gooch St, 3071",-37.7602522,145.0260129
"Surrey Hills, 1/130 Windsor Cr, 3127",-37.824977,145.112119
"Preston, 113/100 Plenty Rd, 3072",-37.7498589,145.0035615
"Glen Iris, 113/1555 Malvern Rd, 3146",-37.8536133,145.047763
"Beaumaris, 1/131 Charman Rd, 3193",-37.9780078,145.0530826
"East Melbourne, 11/322 Albert St, 3002",-37.8098272,144.9802798
"Abbotsford, 11/328 Johnston St, 3067",-37.8000038,144.9964245
"Elsternwick, 113/37 Park St, 3185",-37.878881,145.0127542
"Seddon, 1/134 Charles St, 3011",-37.8060665,144.8884741
"Nunawading, 1/134 Junction Rd, 3131",-37.8081951,145.1731773
"Ormond, 11/34 Lillimur Rd, 3204",-37.901152,145.0419104
"Melbourne, 113/55 Queens Rd, 3000",-37.847853,144.9776096
"Brighton East, 1/136 Dendy St, 3187",-37.9212822,145.0080452
"Balwyn, 1/136 Yarrbat Av, 3103",-37.8108247,145.0989361
"Brunswick East, 11/374 Lygon St, 3057",-37.7672291,144.9727344
"Clayton, 1/1377 Centre Rd, 3168",-37.928077,145.116544
"St Kilda, 11/38 Fitzroy St, 3182",-37.8603257,144.975887
"South Yarra, 11/399 Toorak Rd, 3141",-37.8402895,145.0039125
"Port Melbourne, 11/39 Esplanade Pl, 3207",-37.8362817,144.9464282
"Mordialloc, 1/13 Albert St, 3195",-38.0023966,145.0852812
"Prahran, 113 Albert St, 3181",-37.8559047,144.9890008
"Bentleigh East, 113a MacKie Rd, 3165",-37.9129046,145.075023
"Glen Iris, 1/13 Belmont Av, 3146",-37.8572517,145.0479212
"Sunshine North, 1/13 Edna St, 3020",-37.7714278,144.8403306
"Brighton East, 1/13 Glencairn Av, 3187",-37.9294724,145.0188466
"Hampton East, 1/13 Highbury Av, 3188",-37.9344958,145.0332016
"Clayton, 1/13 Kionga St, 3168",-37.9237821,145.1310035
"Heidelberg West, 1/13 Koitaki Ct, 3081",-37.737956,145.042751
"Caulfield South, 1/13 Ludbrook Av, 3162",-37.897942,145.0145349
"Essendon North, 1/13 McCulloch St, 3041",-37.7396138,144.9031009
"Narre Warren, 1/13 Nandina Rd, 3805",-38.0411476,145.3211792
"Vermont, 1/13 Park Cl, 3133",-37.8351758,145.1913729
"Balwyn, 1/13 Relowe Cr, 3103",-37.804996,145.1031512
"Thomastown, 1/13 Spring St, 3074",-37.6826943,145.0113768
"Hampton East, 1/13 Stonehaven Cr, 3188",-37.9359744,145.0291527
"Chadstone, 1/13 Terrigal St, 3148",-37.8766267,145.0947262
"Cheltenham, 1/13 Tilley St, 3192",-37.9684633,145.0724572
"Maribyrnong, 1/13 Warrs Rd, 3032",-37.7702718,144.8924646
"Elwood, 11/3 Wimbledon Av, 3184",-37.8728591,144.9892164
"MacLeod, 11/40 Springthorpe Bvd, 3085",-37.7218108,145.0620524
"Malvern East, 114/141 Waverley Rd, 3145",-37.8759935,145.0494411
"Pascoe Vale, 114/15 Pascoe St, 3044",-37.7165083,144.9351212
"Toorak, 11/41 Tintern Av, 3142",-37.8409418,145.0057329
"Brunswick East, 114/22 Barkly St, 3057",-37.7780107,144.9764397
"Glenroy, 1/143 Melbourne Av, 3046",-37.7030922,144.9214626
"Maidstone, 11/44 Eucalyptus Dr, 3012",-37.7794876,144.8728939
"Newport, 1/145 Mason St, 3015",-37.8414462,144.8715095
"Airport West, 1/145 Parer Rd, 3042",-37.7190456,144.8764246
"Glen Iris, 1/1460 Malvern Rd, 3146",-37.8537758,145.0454729
"Beaumaris, 11/464 Beach Rd, 3193",-37.9924478,145.0414969
"Flemington, 1/146 Ascot Vale Rd, 3031",-37.7810711,144.922704
"St Kilda, 1/146 St Kilda Rd, 3182",-37.8603771,144.9847002
"South Melbourne, 1/147 Cecil St, 3205",-37.8331448,144.9581393
"Brunswick, 1/147 Victoria St, 3056",-37.7678241,144.9702876
"Abbotsford, 114/88 Trenerry Cr, 3067",-37.7979172,144.9981895
"Footscray, 11/49 Hyde St, 3011",-37.8052948,144.9012549
"Dallas, 1/14 Antwerp St, 3047",-37.6729256,144.932926
"Moonee Ponds, 1/14 Ardmillan Rd, 3039",-37.7633628,144.9164719
"Preston, 11/4 Austral Av, 3072",-37.7481211,144.9931101
"Melbourne, 11/4 Bank Pl, 3000",-37.8166723,144.9605851
"Parkdale, 114B Beach Rd, 3195",-37.9946493,145.0699039
"Kew, 114b Princess St, 3101",-37.7998822,145.0303973
"Sunshine North, 1/14 Charles St, 3020",-37.7742636,144.8334639
"Bentleigh East, 1/14 Clements St, 3165",-37.9101136,145.0593792
"Croydon, 1/14 Donald St, 3136",-37.798325,145.2917536
"Blackburn, 1/14 Doulton Rd, 3130",-37.8109349,145.1415141
"Reservoir, 1/14 Epstein St, 3073",-37.709917,144.993331
"Reservoir, 114 Glasgow Av, 3073",-37.7042641,144.9894605
"Prahran, 1/14 Highbury Gr, 3181",-37.8548161,145.0071095
"Keilor, 1/14 Hislop St, 3036",-37.718428,144.831257
"Burwood, 1/14 Hughes St, 3125",-37.8524298,145.108259
"Cheltenham, 1/14 Jack Rd, 3192",-37.9605909,145.0428532
"Burnside Heights, 1/14 Manny Paul Cct, 3023",-37.7289066,144.7570302
"Elwood, 1/14 Milton St, 3184",-37.8738756,144.989099
"South Melbourne, 114 Palmerston Cr, 3205",-37.8358515,144.9674216
"Fawkner, 1/14 Preston St, 3060",-37.6997047,144.9715509
"Sunshine, 1/14 Rawson Av, 3020",-37.7806372,144.8388065
"Beaumaris, 1/14 Reserve Rd, 3193",-37.9916984,145.0321039
"Footscray, 11/4 Saltriver Pl, 3011",-37.8016306,144.9082396
"Reservoir, 1/14 Sturdee St, 3073",-37.701603,145.009116
"Albert Park, 114 Victoria Av, 3206",-37.8448963,144.9502144
"Strathmore, 1/14 Wendora St, 3041",-37.7304409,144.9197785
"Mont Albert, 1/14 Wilson St, 3127",-37.8215268,145.1008462
"Kew East, 1/14 Woodlands Av, 3102",-37.7986428,145.0571504
"North Melbourne, 11/51 Brougham St, 3051",-37.7937118,144.9434649
"Bundoora, 1/152 Greenhills Rd, 3083",-37.689352,145.0515984
"Carlton, 11/538 Swanston St, 3053",-37.8040358,144.963622
"Pascoe Vale, 1/153 Essex St, 3044",-37.7259835,144.9335985
"St Kilda, 11/57 Chapel St, 3182",-37.8630418,144.9911099
"Caulfield North, 11/58 Kambrook Rd, 3161",-37.875864,145.0358589
"Armadale, 11/58 Wattletree Rd, 3143",-37.8620483,145.0205302
"Reservoir, 1/159 Cheddar Rd, 3073",-37.6972205,145.0210119
"Glenroy, 1/159 Melbourne Av, 3046",-37.7028886,144.919835
"Glenroy, 1/15 Acacia St, 3046",-37.7086858,144.9258671
"Elsternwick, 1/15 Alexandra Av, 3185",-37.8888404,145.0030221
"Thornbury, 1/15 Ballantyne St, 3071",-37.7586782,144.9992488
"Tullamarine, 1/15 Banksia Gr, 3043",-37.7069635,144.8825162
"St Kilda, 1/15 Burnett St, 3182",-37.8610545,144.9805649
"MacLeod, 1/15 Cherry St, 3085",-37.724858,145.065949
"Broadmeadows, 1/15 Congram St, 3047",-37.6890162,144.9336548
"Lalor, 1/15 Dickens St, 3075",-37.669407,145.0139796
"Albion, 1/15 Drummartin St, 3020",-37.7827966,144.8202622
"Strathmore, 1/15 Esmale St, 3041",-37.7279895,144.914943
"Essendon, 115 Fawkner St, 3040",-37.7629778,144.8948493
"Niddrie, 1/15 Haldane Rd, 3042",-37.7356044,144.8857498
"Glen Iris, 1/15 Iris Rd, 3146",-37.8478431,145.0579149
"Templestowe Lower, 1/15 Janet St, 3107",-37.7664973,145.102109
"Watsonia, 1/15 Kenmare St, 3087",-37.7128697,145.0772824
"Strathmore, 1/15 Lebanon St, 3041",-37.729311,144.921328
"Port Melbourne, 1/15 Liardet St, 3207",-37.840528,144.945304
"Montmorency, 1/15 Mayona Rd, 3094",-37.7128691,145.1169071
"Ormond, 1/15 Murray Rd, 3204",-37.9061196,145.0261609
"Ringwood, 1/15 Reserve Rd, 3134",-37.807055,145.234356
"Dallas, 1/15 Riches St, 3047",-37.6704373,144.9466874
"Frankston, 1/15 Spray St, 3199",-38.1328751,145.1351637
"Thomastown, 1/15 Spring St, 3074",-37.6826819,145.0112148
"Coburg North, 1/15 Spry St, 3058",-37.7261789,144.966658
"Ringwood, 1/15 Wattle Av, 3134",-37.80841,145.233867
"Pascoe Vale, 1/160 Derby St, 3044",-37.72229,144.947605
"Armadale, 11/60 Wattletree Rd, 3143",-37.8615938,145.0211224
"Mentone, 11/62 Beach Rd, 3194",-37.9870539,145.0588886
"Kensington, 1/162 Stockmans Wy, 3031",-37.7927964,144.9177148
"Brunswick East, 1/164 Nicholson St, 3057",-37.7647893,144.9806888
"Kensington, 11/65 Bayswater Rd, 3031",-37.7939841,144.9230275
"Pascoe Vale, 1/165 Boundary Rd, 3044",-37.7170522,144.9400552
"Berwick, 1/165 High St, 3806",-38.0374509,145.357702
"Ascot Vale, 1/165 Kent St, 3032",-37.7802508,144.9241269
"Doncaster, 116/6 Thiele St, 3108",-37.7859155,145.1355695
"Newport, 1/167 Blackshaws Rd, 3015",-37.8337104,144.8695288
"Kew, 1/168 Brougham St, 3101",-37.7973032,145.0321358
"Bentleigh, 1/168 Centre Rd, 3204",-37.9168681,145.0242149
"South Melbourne, 11/69 Dorcas St, 3205",-37.831116,144.967873
"Fairfield, 116A Arthur St, 3078",-37.7761497,145.0195621
"Northcote, 116a Emmaline St, 3070",-37.7630324,144.9889591
"Braybrook, 1/16 Barrie Ct, 3019",-37.7823188,144.8557777
"Glenroy, 116b Hilton St, 3046",-37.7014772,144.9361069
"Elwood, 1/16 Byron St, 3184",-37.876823,144.990468
"Montmorency, 1/16 Calrossie Av, 3094",-37.7139924,145.1277191
"Bulleen, 1/16 Carrathool St, 3105",-37.764144,145.08904
"St Kilda, 1/16 Charnwood Rd, 3182",-37.8584808,144.9854453
"Mordialloc, 1/16 Chute St, 3195",-38.0086967,145.0924483
"Moorabbin, 1/16 Franklin St, 3189",-37.9379563,145.0538204
"Oakleigh East, 1/16 Franklyn St, 3166",-37.9079392,145.1136368
"Oak Park, 1/16 Grevillia Rd, 3046",-37.7200862,144.9263617
"Watsonia, 1/16 Lambourn Rd, 3087",-37.7119528,145.0806689
"Glenroy, 116 Melbourne Av, 3046",-37.7032866,144.9262009
"Alphington, 1/16 Miller St, 3078",-37.7793018,145.0311857
"Noble Park, 1/16 Mons Pde, 3174",-37.9684181,145.1793027
"Burwood, 1/16 Morton Rd, 3125",-37.8556393,145.1001171
"Hampton East, 1/16 Nepean Av, 3188",-37.9348409,145.0292004
"Coburg North, 1/16 Norris St, 3058",-37.7246866,144.9612245
"Glenroy, 1/16 Patrick St, 3046",-37.7135032,144.921355
"Glen Waverley, 1/16 Pindari St, 3150",-37.8730358,145.1623605
"Montmorency, 1/16 Starling St, 3094",-37.712534,145.11759
"Kew, 11/6 Swinton Av, 3101",-37.8100786,145.0182306
"Research, 116 Thompson Cr, 3095",-37.706302,145.1797126
"Ivanhoe, 1/16 Waverley Av, 3079",-37.7710298,145.0390489
"Meadow Heights, 1/16 Yaralla Ct, 3048",-37.6481394,144.9289926
"Brunswick, 1/170 Albion St, 3056",-37.7613652,144.966236
"St Albans, 1/170 William St, 3021",-37.7359634,144.8048854
"Brighton, 1/171 Church St, 3186",-37.9167821,144.9980396
"Prahran, 117/220 Commercial Rd, 3181",-37.8469523,144.9938048
"Airport West, 1/174 Parer Rd, 3042",-37.7186443,144.876541
"South Kingsville, 1/176 Blackshaws Rd, 3015",-37.8330234,144.8668314
"Coburg, 1/179 Gordon St, 3058",-37.741966,144.949466
"Montmorency, 1/17 Alexander St, 3094",-37.7218097,145.1146598
"Chadstone, 1/17 Carramar St, 3148",-37.8783152,145.1022627
"Frankston, 1/17 Coogee Av, 3199",-38.1594661,145.1393202
"Templestowe Lower, 1/17 Gertrude St, 3107",-37.764636,145.1020817
"MacLeod, 117 Harborne St, 3085",-37.7188347,145.0938153
"Templestowe Lower, 1/17 Howitt Dr, 3107",-37.7650839,145.110733
"Hampton East, 1/17 Keiller St, 3188",-37.9353256,145.0352759
"Mont Albert, 1/17 Kingsley Cr, 3127",-37.815144,145.1122014
"Lilydale, 1/17 Koombooloomba Ct, 3140",-37.7481765,145.3379191
"Altona North, 1/17 Marigold Av, 3025",-37.8278699,144.8549934
"Ashwood, 1/17 May Park Av, 3147",-37.8671378,145.0967326
"Hughesdale, 1/17 Moorookyle Av, 3166",-37.9068691,145.0816583
"Brighton, 1/17 Oakwood Av, 3186",-37.9039527,145.0060045
"Alphington, 1/17 Rex Av, 3078",-37.7855004,145.0240919
"Mill Park, 117 Roycroft Av, 3082",-37.6691413,145.0475037
"Carnegie, 1/17 Tranmere Av, 3163",-37.8888828,145.0615444
"Highett, 1/17 View St, 3190",-37.9498874,145.0448749
"Bentleigh East, 1/17 Warwick St, 3165",-37.9205162,145.0683914
"Williamstown, 11/81 Melbourne Rd, 3016",-37.8597808,144.8947999
"Mentone, 11/81 Warrigal Rd, 3194",-37.982807,145.0710338
"Heidelberg, 1/182 Hawdon St, 3084",-37.7491083,145.0659034
"Moonee Ponds, 1/182 Pascoe Vale Rd, 3039",-37.7591852,144.926485
"Williamstown, 1/183 Ferguson St, 3016",-37.8581238,144.8896835
"Kew, 1/184 Brougham St, 3101",-37.7965716,145.032287
"Fitzroy, 1/186 George St, 3065",-37.8033515,144.9813032
"Chadstone, 1/186 Power Av, 3148",-37.8817195,145.1059173
"Broadmeadows, 1/187 Widford St, 3047",-37.6901542,144.9257928
"Camberwell, 1/18 Allambee Av, 3124",-37.83503,145.0750345
"Newport, 118a Woods St, 3015",-37.8448826,144.8710078
"Oakleigh East, 1/18 Calista Av, 3166",-37.9034668,145.1227779
"Ferntree Gully, 1/18 Doysal Av, 3156",-37.8760154,145.2957901
"Boronia, 1/18 Falconer Rd, 3155",-37.859036,145.270454
"Glen Waverley, 1/18 Glen Ct, 3150",-37.8823578,145.1732922
"Kingsbury, 1/18 Highland St, 3083",-37.7171347,145.0395086
"Watsonia, 1/18 Lambourn Rd, 3087",-37.7119114,145.0805192
"Melbourne, 11/8 Louise St, 3000",-37.8437876,144.977303
"Pascoe Vale, 1/18 Lyking St, 3044",-37.7296595,144.9477426
"Ashwood, 1/18 May Park Av, 3147",-37.8674898,145.0965868
"Essendon, 118 Ogilvie St, 3040",-37.7449662,144.8936265
"Chadstone, 118 Power Av, 3148",-37.8775546,145.1032171
"Westmeadows, 1/18 Riddell St, 3049",-37.6780013,144.8951729
"Braybrook, 1/18 Showers St, 3019",-37.7927255,144.8525998
"Box Hill, 1/18 Standard Av, 3128",-37.8241505,145.11481
"Albert Park, 118 Victoria Av, 3206",-37.8450733,144.9500409
"Balaclava, 11/91 Grosvenor St, 3183",-37.8734904,144.9961347
"Flemington, 119/200 Smithfield Rd, 3031",-37.7892238,144.9218345
"Carnegie, 1/194 Neerim Rd, 3163",-37.8874392,145.0489199
"Abbotsford, 119/52 Nicholson St, 3067",-37.8077567,144.9965107
"Noble Park, 1/19 Agnes St, 3174",-37.9723624,145.1706715
"Mount Waverley, 1/19 Albert St, 3149",-37.883579,145.12654
"Preston, 1/19 Albert St, 3072",-37.750296,145.021059
"Port Melbourne, 11/9 Beach St, 3207",-37.8438318,144.9401637
"Keilor East, 1/19 Berembong Dr, 3033",-37.7341834,144.8616487
"Chadstone, 1/19 Binalong Av, 3148",-37.8750955,145.1033212
"Maidstone, 1/19 Burns St, 3012",-37.7872194,144.8747434
"Ivanhoe, 1/19 Dudley St, 3079",-37.765776,145.03824
"Brunswick West, 1/19 Hopetoun Av, 3055",-37.7546656,144.9349292
"Carlton, 1/19 Keppel St, 3053",-37.7968621,144.9668567
"Glenroy, 1/19 Lytton St, 3046",-37.7059903,144.9135115
"Pascoe Vale, 1/19 Main St, 3044",-37.7249277,144.920572
"Thomastown, 1/19 Plane St, 3074",-37.6764742,145.023009
"Chelsea, 119 Thames Prm, 3196",-38.0465837,145.1282074
"Burwood, 1/19 Uganda St, 3125",-37.8442674,145.1076002
"Doncaster, 11A Balfour St, 3108",-37.7923458,145.1149289
"Bentleigh East, 1/1 Abbin Av, 3165",-37.9312278,145.0507968
"Ormond, 11a Bewdley St, 3204",-37.9074474,145.0490863
"Balwyn North, 11A Capella St, 3104",-37.7859403,145.0718016
"Altona North, 11a Edward Av, 3025",-37.8302984,144.8469729
"Preston, 11a Lahinch St, 3072",-37.7454157,145.0166704
"Bentleigh East, 11a Latham St, 3165",-37.913063,145.0667248
"Burwood, 11 Alder St, 3125",-37.8486877,145.0993716
"Hampton East, 11a Leith Cr, 3188",-37.9422601,145.029078
"South Yarra, 1/1 Alexandra Av, 3141",-37.8286367,144.985145
"Ringwood North, 11A Linden Rd, 3134",-37.8041842,145.2267846
"Avondale Heights, 1/1 Amis Cr, 3034",-37.752524,144.860078
"Aberfeldie, 11a Muldowney St, 3040",-37.7583678,144.8967411
"Preston, 11A South St, 3072",-37.7438192,145.0087617
"Coburg North, 11 Ballard Av, 3058",-37.7309223,144.9793055
"Richmond, 11 Barkly Av, 3121",-37.8293313,144.9998247
"Brunswick West, 11b Henderson St, 3055",-37.7626281,144.9401358
"Newport, 11b Junction St, 3015",-37.8359508,144.8811478
"Hampton East, 11b Kelly Av, 3188",-37.9331806,145.0270122
"Doncaster, 11 Burilla Av, 3108",-37.7891357,145.1387259
"Reservoir, 11 Burnett Cr, 3073",-37.7000557,145.0329816
"Brighton East, 11 Burwah Av, 3187",-37.9212371,145.0198778
"Ashwood, 11 Cassinia Av, 3147",-37.8613839,145.1075187
"Malvern, 11 Chesterfield Av, 3144",-37.8447236,145.0331813
"Rowville, 11 Christian Ct, 3178",-37.9362137,145.2477865
"Clifton Hill, 11 Clifton Av, 3068",-37.7918532,144.9976119
"Beaumaris, 11 Cloris Av, 3193",-37.9816691,145.0353517
"Glen Waverley, 11 Cooper Av, 3150",-37.8994027,145.1704367
"Preston, 11 Dermot St, 3072",-37.7467438,145.0136189
"Sunshine, 11 Dunbar Av, 3020",-37.7966322,144.8267635
"Richmond, 1/1 Ellis St, 3121",-37.8158052,144.9958756
"Brunswick, 11 Fifth Av, 3056",-37.7558555,144.9582619
"Coburg North, 11 focus Dr, 3058",-37.7294751,144.9829153
"Templestowe Lower, 1/1 Gambier Av, 3107",-37.7725771,145.1172359
"Prahran, 11 George St, 3181",-37.851219,144.9854414
"Sunshine North, 11 Godfrey Av, 3020",-37.761253,144.8292762
"Kew, 11 Gordon Av, 3101",-37.8103955,145.0368649
"Point Cook, 11 Grandiflora Gr, 3030",-37.9028128,144.7396958
"Eltham, 11 Hartland Wy, 3095",-37.7167307,145.1607395
"South Morang, 11 Hawkstowe Pde, 3752",-37.6225747,145.0985864
"Keilor East, 11 Heather Av, 3033",-37.7443391,144.8694597
"South Melbourne, 11 Howe Cr, 3205",-37.8366685,144.9585233
"Prahran, 11 Jessamine Av, 3181",-37.8573808,145.0030958
"Reservoir, 11 Keilor Av, 3073",-37.719296,145.026182
"Balwyn North, 11 Kelvinside St, 3104",-37.7831841,145.0940118
"Brighton, 11 Kent Av, 3186",-37.8964685,144.9878119
"Ringwood, 11 Kenwood Cr, 3134",-37.7922749,145.2530569
"Reservoir, 11 Kilmore Av, 3073",-37.7185659,145.0256201
"Lysterfield, 11 Laanecoorie Dr, 3156",-37.9144531,145.2758743
"Preston, 11 Lahinch St, 3072",-37.7454424,145.0168923
"Glen Waverley, 1/1 Landridge St, 3150",-37.8723975,145.1680447
"Langwarrin, 11 Lang Rd, 3910",-38.1558226,145.1915972
"Glenroy, 11 Langton St, 3046",-37.7010494,144.9136192
"Brunswick, 11 Latrobe St, 3056",-37.7609309,144.9713911
"Fitzroy North, 11 Laura Pl, 3068",-37.7913531,144.9772641
"Clayton South, 11 Laura St, 3169",-37.9335122,145.1254315
"Caulfield East, 11 Leamington Cr, 3145",-37.8837197,145.0463654
"Taylors Lakes, 11 Leichardt Cl, 3038",-37.6910571,144.7920086
"Mont Albert, 1/1 Leopold Cr, 3127",-37.8230037,145.102418
"Wantirna, 11 Linsley Wy, 3152",-37.8520913,145.2231578
"Hadfield, 1/1 Lockley St, 3046",-37.7041361,144.941094
"Altona North, 11 Mahon Av, 3025",-37.8301835,144.8504784
"Newport, 11 Margaret St, 3015",-37.8388668,144.8664314
"Chadstone, 1/1 Margot St, 3148",-37.8748814,145.0973286
"Ascot Vale, 11 Medley Wk, 3032",-37.7754193,144.906745
"Wyndham Vale, 11 Minindee Rd, 3024",-37.8760572,144.6010683
"Balwyn, 11 Monash Av, 3103",-37.80689,145.0721523
"Ashburton, 11 Munro Av, 3147",-37.8644004,145.0764954
"Armadale, 11 Munro St, 3143",-37.8530055,145.0189847
"Sunbury, 11 Noble Wy, 3429",-37.5846133,144.6958516
"Bundoora, 11 Oxley Av, 3083",-37.6906018,145.0625686
"Thomastown, 11 Poplar St, 3074",-37.6789322,145.0250064
"McKinnon, 1/1 Prince Edward Av, 3204",-37.9107613,145.0401013
"Ashburton, 1/1 Ramu Gr, 3147",-37.8708069,145.0839754
"Clyde North, 11 Riverbank Cl, 3978",-38.0757758,145.3422205
"Avondale Heights, 11 Riverside Av, 3034",-37.7695312,144.8633844
"Camberwell, 1/1 Royal Cr, 3124",-37.8269383,145.0611329
"Coburg, 11 Ryan St, 3058",-37.7354682,144.9639682
"Coburg North, 11 Spectrum Wy, 3058",-37.7274872,144.9832109
"Murrumbeena, 11 Strathearn Av, 3163",-37.9061799,145.0675359
"Camberwell, 11 Sunnyside Av, 3124",-37.8373605,145.0575991
"Bentleigh, 11 Talbot Av, 3204",-37.9220437,145.0276971
"Surrey Hills, 1/1 Thornton Av, 3127",-37.8172288,145.088143
"Northcote, 11 Tobin Av, 3070",-37.7772182,145.0003646
"Alphington, 11 Tower Av, 3078",-37.7834563,145.0228083
"Caroline Springs, 11 Tumbalong St, 3023",-37.7274381,144.7391655
"Glenroy, 11 Valley Cr, 3046",-37.7002226,144.9082194
"Bentleigh, 11 Vunabere Av, 3204",-37.9236191,145.0271669
"Balwyn North, 11 Walnut Rd, 3104",-37.7915436,145.090337
"Malvern East, 11 Warida Av, 3145",-37.8791057,145.0671043
"Hampton East, 1/1 Warland Rd, 3188",-37.9377733,145.0355958
"Essendon, 11 Warner St, 3040",-37.744923,144.9128199
"Hoppers Crossing, 11 Wiltonvale Av, 3029",-37.879641,144.6919608
"Oakleigh South, 11 Yarra Ct, 3167",-37.9348812,145.082596
"Sandringham, 1/200 Bay Rd, 3191",-37.9541467,145.0224872
"Balwyn, 120/188 Whitehorse Rd, 3103",-37.8123381,145.0758696
"Greensborough, 1/201 Elder St, 3088",-37.7167629,145.1028351
"Melbourne, 1204/82 Queens Rd, 3000",-37.8540653,144.9800074
"Melbourne, 1205/480 St Kilda Rd, 3000",-37.8427602,144.9770593
"Bentleigh, 1/205 Centre Rd, 3204",-37.9167905,145.0262345
"Abbotsford, 120/6 Acacia Pl, 3067",-37.8117587,145.0141491
"Docklands, 1207/673 La Trobe St, 3008",-37.8144448,144.9475253
"Templestowe Lower, 1/207 Manningham Rd, 3107",-37.7718909,145.1024709
"Clarinda, 1/208 Clarinda Rd, 3169",-37.9435441,145.0975353
"Richmond, 120/8 Garfield St, 3121",-37.8119053,144.9928311
"Camberwell, 1/208 Wattle Valley Rd, 3124",-37.846309,145.0801031
"Preston, 120a Bruce St, 3072",-37.7408103,144.9870184
"Pascoe Vale, 1/20 Bristol Rd, 3044",-37.7149271,144.9395545
"Braybrook, 1/20 Castley Cr, 3019",-37.7834507,144.8610693
"Port Melbourne, 120 Clark St, 3207",-37.8347202,144.9355466
"Essendon, 1/20 Cooper St, 3040",-37.7525014,144.8972861
"Elsternwick, 1/20 Downshire Rd, 3185",-37.8867243,145.0069771
"Reservoir, 1/20 Erskine Av, 3073",-37.7230847,145.0253053
"Kew East, 1/20 Hartwood St, 3102",-37.7959079,145.0541106
"Elsternwick, 1/20 Hoddle St, 3185",-37.8871788,145.0125819
"Preston, 1/20 Laurel St, 3072",-37.7329377,145.0285108
"Thornbury, 120 Normanby Av, 3071",-37.7581227,144.9892515
"Werribee, 1/20 Oriole Dr, 3030",-37.8782314,144.6693733
"Surrey Hills, 1/20 Thornton Av, 3127",-37.8160758,145.0887959
"Toorak, 1/20 Tintern Av, 3142",-37.8421966,145.0058469
"Hawthorn East, 12/102 Camberwell Rd, 3123",-37.8277398,145.0522669
"Mentone, 1/210 Balcombe Rd, 3194",-37.9804328,145.0595377
"Pascoe Vale, 1/210 Cumberland Rd, 3044",-37.7240479,144.9399131
"Fitzroy North, 1/210 Miller St, 3068",-37.7773709,144.9875205
"Hawthorn East, 121/138 Camberwell Rd, 3123",-37.8287396,145.053457
"West Footscray, 12/119 Essex St, 3012",-37.7937043,144.8740779
"Hawthorn East, 12/11 Auburn Gr, 3123",-37.8252861,145.0464096
"Bentleigh, 12/120 Patterson Rd, 3204",-37.9258641,145.0361329
"South Melbourne, 1212/38 Bank St, 3205",-37.8318453,144.9681849
"Southbank, 1212/80 Clarendon St, 3006",-37.8270709,144.9575697
"Richmond, 12/12 Glasshouse St, 3121",-37.8232248,145.0107168
"Albert Park, 12/140 Kerferd Rd, 3206",-37.8459901,144.9542507
"Richmond, 121/45 York St, 3121",-37.8129443,144.9930478
"Melbourne, 121/461 St Kilda Rd, 3000",-37.840736,144.9781421
"Kew, 1/214 Princess St, 3101",-37.7942248,145.0314456
"Melbourne, 1216/74 Queens Rd, 3000",-37.8522676,144.9793122
"Caulfield, 1/216 Kambrook Rd, 3162",-37.8874886,145.0336966
"Clifton Hill, 12/16 The Esplanade, 3068",-37.7878998,145.0058879
"Hawthorn, 12/179 Power St, 3122",-37.8267858,145.0256559
"Mordialloc, 12/183 Beach Rd, 3195",-38.0045102,145.0816342
"Melbourne, 12/18 Queens Rd, 3000",-37.8400068,144.9747349
"St Albans, 121B Denton Av, 3021",-37.7656478,144.8074875
"Burwood, 1/21 Beddows St, 3125",-37.8537589,145.1169866
"Camberwell, 1/21 Bellett St, 3124",-37.8372237,145.0661809
"Yarraville, 1/21 Bena St, 3013",-37.8194932,144.8813682
"Blackburn North, 1/21 Devon Dr, 3130",-37.8089093,145.1604143
"Altona North, 1/21 Freemans Rd, 3025",-37.8280636,144.8387368
"Camberwell, 1/21 Glencairn Av, 3124",-37.8464057,145.0810255
"Hampton East, 1/21 Highbury Av, 3188",-37.9351176,145.0328757
"Blackburn South, 1/21 Highfield Av, 3130",-37.8346028,145.1414939
"Hawthorn East, 12/1 Maraquita Gr, 3123",-37.8463417,145.0441435
"Carrum, 1/21 Stanley St, 3197",-38.0742766,145.125634
"Clarinda, 1/21 The Parade, 3169",-37.9299698,145.1030003
"Brighton East, 1/21 Violet Cr, 3187",-37.9138079,145.0153353
"Glen Huntly, 1/21 Wattle Av, 3163",-37.8944454,145.0456881
"Dandenong, 1/21 Wedge St, 3175",-37.9929151,145.2231031
"Glen Huntly, 122/115 Neerim Rd, 3163",-37.8869422,145.0421484
"Highett, 1/222 Highett Rd, 3190",-37.948066,145.034865
"Prahran, 12/297 Dandenong Rd, 3181",-37.8592033,145.0054341
"Brighton, 12/297 St Kilda St, 3186",-37.9056008,144.9878762
"Bentleigh, 1/22 Bent St, 3204",-37.9159322,145.0382186
"Nunawading, 1/22 Burnt St, 3131",-37.817047,145.1720277
"Ashwood, 1/22 Eildon Rd, 3147",-37.8624079,145.1105377
"Coburg, 1/22 Florence St, 3058",-37.7515762,144.9593607
"Brighton East, 1/22 Gleniffer Av, 3187",-37.9302148,145.0311009
"Ivanhoe, 1/22 Green St, 3079",-37.7651385,145.0407699
"Tullamarine, 1/22 Henderson Rd, 3043",-37.6898397,144.8730597
"Pascoe Vale, 1/22 Irvine St, 3044",-37.7331484,144.9421291
"Croydon, 1/22 Kitchener Rd, 3136",-37.791425,145.2852215
"Pascoe Vale, 1/22 Kitchener Rd, 3044",-37.7178562,144.9384823
"Greensborough, 1/22 Louis St, 3088",-37.7114984,145.1030434
"Essendon, 1/22 Ogilvie St, 3040",-37.7523545,144.8923361
"Glenroy, 1/22 Prospect St, 3046",-37.7095915,144.9127041
"Essendon North, 1/22 Royal Av, 3041",-37.738161,144.904582
"Chadstone, 1/22 Stapley Cr, 3148",-37.8892878,145.0960838
"Truganina, 1/22 Starflower Wy, 3029",-37.8409897,144.721014
"Mitcham, 1/22 Walker Av, 3132",-37.8297201,145.1982386
"Beaumaris, 1/22 Wallace Cr, 3193",-37.9772223,145.0506961
"Sandringham, 1/22 Wentworth Av, 3191",-37.9622833,145.0262206
"Strathmore, 122 Woodland St, 3041",-37.742558,144.9228493
"Toorak, 12/30 Lansell Rd, 3142",-37.8371733,145.0167405
"Altona, 1/231 Queen St, 3018",-37.8721437,144.8176377
"Hawthorn East, 123/20 Camberwell Rd, 3123",-37.8248365,145.0488764
"Knoxfield, 12/33 Elliot St, 3180",-37.8851834,145.2399493
"Hampton, 12/36 Crisp St, 3188",-37.9413853,145.0059563
"Balwyn, 12/37 Banool Rd, 3103",-37.8125055,145.0920274
"Windsor, 1/237 Dandenong Rd, 3181",-37.8584608,144.9999083
"South Yarra, 12/37 Davis Av, 3141",-37.8410977,144.9900689
"Prahran, 12/37 Greville St, 3181",-37.8485349,144.9872464
"Yarraville, 12/37 Stephen St, 3013",-37.8124153,144.8961903
"Huntingdale, 1/238 Huntingdale Rd, 3166",-37.9048656,145.1049245
"Hampton, 12/39 Holyrood St, 3188",-37.9324655,144.9984551
"Preston, 12/39 Mt Pleasant Rd, 3072",-37.7435542,144.9818054
"Camberwell, 1/23 Carramar Av, 3124",-37.8369594,145.0767881
"St Kilda, 1/23 Dalgety St, 3182",-37.8601269,144.9802727
"Glenroy, 1/23 Gordon Ct, 3046",-37.6983738,144.9223574
"Hillside, 12/3 Gourlay Rd, 3037",-37.6929958,144.7449345
"Melton South, 1/23 Hume Av, 3338",-37.712476,144.565746
"Cheltenham, 1/23 Jean St, 3192",-37.9607419,145.0511126
"Seaford, 123 Kananook Av, 3198",-38.1236565,145.1271296
"Preston, 1/23 Laha Cr, 3072",-37.7345683,145.0252091
"Reservoir, 1/23 Lake St, 3073",-37.7171214,144.9902812
"Fitzroy North, 12/3 Miller St, 3068",-37.7761318,144.9792324
"Glen Iris, 1/23 Netherlee St, 3146",-37.8611128,145.0502627
"Murrumbeena, 1/23 Rosella St, 3163",-37.8940788,145.0720219
"Rosanna, 1/23 Ruthven St, 3084",-37.7298831,145.0653675
"Chadstone, 1/23 Stapley Cr, 3148",-37.8900615,145.096312
"Springvale, 1/23 Virginia St, 3171",-37.9473502,145.1560249
"Surrey Hills, 1/23 Warrigal Rd, 3127",-37.8284783,145.0998193
"Kew East, 1/23 Windella Av, 3102",-37.7971539,145.0498217
"Kew East, 1/23 Woodlands Av, 3102",-37.7983634,145.0568564
"Ashwood, 1/23 Yertchuk Av, 3147",-37.8612741,145.1064565
"Fitzroy, 12/40 St David St, 3065",-37.8008815,144.9796914
"St Kilda, 12/41 Chapel St, 3182",-37.8609668,144.991485
"Northcote, 1/241 Heidelberg Rd, 3070",-37.7839042,145.0102954
"Hawthorn, 12/41 Riversdale Rd, 3122",-37.8280238,145.0295989
"Brighton, 12/42 Grosvenor St, 3186",-37.9097211,144.9912838
"St Kilda, 12/45 Chapel St, 3182",-37.8622054,144.9912645
"Hawthorn, 12/45 Evansdale Rd, 3122",-37.8233271,145.0234067
"Clarinda, 1/24 Arunta Cr, 3169",-37.9289722,145.1076919
"Burwood East, 1/24 Barry Rd, 3151",-37.8557356,145.1523935
"Jacana, 1/24 Bliburg St, 3047",-37.6882269,144.9115254
"Clayton South, 1/24 Byron St, 3169",-37.9358615,145.1213442
"Cheltenham, 1/24 Centre Dandenong Rd, 3192",-37.9662432,145.0612835
"Reservoir, 1/24 Charlton Cr, 3073",-37.7181931,145.0239077
"Ashburton, 1/24 Crete Av, 3147",-37.8690051,145.0870596
"Northcote, 1/24 Johnson St, 3070",-37.763427,144.998816
"Broadmeadows, 1/24 Lahinch St, 3047",-37.6922236,144.9233088
"Toorak, 12/4 Lambert Rd, 3142",-37.847126,145.0099607
"Mont Albert, 1/24 St Johns Av, 3127",-37.8224221,145.1079858
"Ivanhoe, 1/24 Stortford Av, 3079",-37.7623616,145.0331066
"Toorak, 1/24 Tintern Av, 3142",-37.8418538,145.0059139
"Hawthorn, 12/506 Glenferrie Rd, 3122",-37.8307674,145.0340628
"Surrey Hills, 1/251 Elgar Rd, 3127",-37.8340963,145.1117418
"Brighton East, 1/254 South Rd, 3187",-37.9318281,145.0229465
"Fitzroy North, 12/55 York St, 3068",-37.7917061,144.9780316
"Camberwell, 1/25 Doonkuna Av, 3124",-37.8379107,145.0767885
"Footscray, 1/25 Eldridge St, 3011",-37.7887698,144.8927976
"Preston, 1/25 Inverloch St, 3072",-37.7397642,145.0156267
"Thornbury, 1/25 Martin St, 3071",-37.7607902,145.0029677
"Brighton East, 1/25 Primrose Cr, 3187",-37.913412,145.014274
"Heathmont, 1/25 The Greenway, 3135",-37.8360184,145.2503892
"Glen Huntly, 12/5 Wattle Av, 3163",-37.894211,145.043114
"Thornbury, 1/25 Wilmoth St, 3071",-37.7642859,145.0159069
"Hoppers Crossing, 1/260 Morris Rd, 3029",-37.8620081,144.7045293
"St Kilda, 126/135 Inkerman St, 3182",-37.8650473,144.9878253
"Clifton Hill, 1/262 Alexandra Pde E, 3068",-37.7949713,144.9997866
"Prahran, 1/263 Dandenong Rd, 3181",-37.8588209,145.0025464
"Middle Park, 1/267 Beaconsfield Pde, 3206",-37.8543814,144.9627946
"Oakleigh, 126 Burlington St, 3166",-37.9037258,145.1044481
"Mentone, 1/26 Coolabah St, 3194",-37.9810936,145.0850593
"Brunswick West, 1/26 Hopetoun Av, 3055",-37.7547017,144.9353161
"Watsonia, 1/26 Lambourn Rd, 3087",-37.711808,145.079754
"Epping, 1/26 Loxton Tce, 3076",-37.6415368,145.0620589
"Preston, 1/26 McNamara St, 3072",-37.7293964,144.9888941
"Carnegie, 1/26 Mernda Av, 3163",-37.8926627,145.0494587
"Glen Waverley, 1/26 Myers Av, 3150",-37.876266,145.1589444
"Essendon, 1/26 Richardson St, 3040",-37.751563,144.913495
"Altona North, 1/26 Rymill Ct, 3025",-37.832503,144.8394689
"Altona North, 126 Sixth Av, 3025",-37.8322625,144.8504962
"Strathmore, 1/26 Streldon Av, 3041",-37.723287,144.9096544
"Croydon, 1/26 Vernon St, 3136",-37.8026673,145.2756416
"Fitzroy, 1/26 Victoria St, 3065",-37.7989488,144.9756044
"Ashwood, 1/26 Winbirra Pde, 3147",-37.8689102,145.1010109
"North Melbourne, 12/70 Oshanassy St, 3051",-37.7997064,144.9471715
"Melbourne, 12/73 Queens Rd, 3000",-37.8519877,144.9792093
"South Yarra, 1/273 Williams Rd, 3141",-37.8398694,145.0046258
"Thornbury, 12/74 Dundas St, 3071",-37.7533178,145.0094389
"Williamstown, 12/77 Dover Rd, 3016",-37.8536736,144.8981368
"Northcote, 127a Separation St, 3070",-37.7699102,145.0048597
"Carnegie, 1/27 Beena Av, 3163",-37.8893039,145.0645866
"Brighton, 1/27 Brickwood St, 3186",-37.8941829,144.9976865
"Coburg, 1/27 Cope St, 3058",-37.7353066,144.9617298
"Ashwood, 1/27 Electra Av, 3147",-37.8705478,145.1102788
"St Albans, 1/27 Grant St, 3021",-37.7439137,144.7858976
"Reservoir, 1/27 Grimwade St, 3073",-37.702394,145.00412
"Croydon, 1/27 Leigh Rd, 3136",-37.804684,145.287048
"Glen Iris, 1/27 Lomond St, 3146",-37.848537,145.0617413
"Thomastown, 1/27 Plane St, 3074",-37.6759826,145.0230825
"Bentleigh East, 1/27 Schulz St, 3165",-37.9342638,145.0602105
"Werribee, 1/27 Stawell St, 3030",-37.9006716,144.6535564
"Hawthorn, 12/7 Summerlea Gr, 3122",-37.8291876,145.0325506
"Flemington, 127 Wellington St, 3031",-37.7826856,144.9323077
"Reservoir, 1/27 Willoughby St, 3073",-37.7164661,144.9961802
"Kew East, 1/27 Windella Av, 3102",-37.7968125,145.0498783
"Ormond, 1/280 Grange Rd, 3204",-37.9019883,145.0446258
"Brunswick West, 12/82 Hopetoun Av, 3055",-37.7520122,144.9336071
"Essendon, 12/82 Raleigh St, 3040",-37.7533359,144.9248383
"Brighton, 12/83 Asling St, 3186",-37.8967504,145.0030331
"Hawthorn East, 12/85 Pleasant Rd, 3123",-37.8348992,145.0538067
"Richmond, 12/86 Burnley St, 3121",-37.8149919,145.0089439
"Brunswick West, 1/288 Hope St, 3055",-37.761629,144.9413574
"Maidstone, 1/28 Burns St, 3012",-37.7870741,144.8761802
"Bentleigh East, 1/28 Chesterville Dr, 3165",-37.9237844,145.0653312
"Chadstone, 1/28 Cole Cr, 3148",-37.8895107,145.0934619
"Glenroy, 1/28 Gladstone Pde, 3046",-37.7075463,144.9118309
"Cremorne, 128 Gwynne St, 3121",-37.8313569,144.9924897
"Altona North, 1/28 Irwin Av, 3025",-37.8282544,144.8427727
"Glen Waverley, 1/28 Leicester Av, 3150",-37.8882319,145.1488211
"Oak Park, 1/28 Murphy St, 3046",-37.7168092,144.9158118
"Ivanhoe, 1/28 Myrtle St, 3079",-37.7560927,145.051396
"Northcote, 1/28 Newmarket St, 3070",-37.7756071,145.0076116
"Pascoe Vale, 1/28 Raeburn St, 3044",-37.7281216,144.9433649
"Altona North, 128 Second Av, 3025",-37.8323753,144.8544747
"Bentleigh, 1/28 Strathmore St, 3204",-37.9156688,145.0451297
"Williamstown, 12/8 The Strand, 3016",-37.858152,144.901472
"Burwood, 1/28 Waratah Av, 3125",-37.8447848,145.0995898
"Glen Iris, 1/292 Tooronga Rd, 3146",-37.8523564,145.0429602
"Essendon, 12/96 Glass St, 3040",-37.7460818,144.9138646
"Coburg North, 1/29 Arthur St, 3058",-37.7236855,144.9814273
"Port Melbourne, 1/29 Beaconsfield Pde, 3207",-37.8442514,144.9418595
"Ivanhoe, 1/29 Clark Rd, 3079",-37.7799806,145.0397211
"Greenvale, 1/29 Elgin Rd, 3059",-37.6515287,144.8928449
"Port Melbourne, 129 Esplanade Pl, 3207",-37.8362817,144.9464282
"Ferntree Gully, 1/29 Forest Rd, 3156",-37.8850577,145.2962658
"Reservoir, 1/29 Goulburn Av, 3073",-37.7225399,145.0205571
"Wheelers Hill, 129 Grandview Rd, 3150",-37.9184273,145.193957
"Ringwood East, 1/29 Kemps St, 3135",-37.801511,145.2509428
"Reservoir, 129 McFadzean Av, 3073",-37.6997045,144.995909
"Sunshine, 1/29 Moira St, 3020",-37.7960575,144.8223656
"Noble Park, 1/29 Racecourse Rd, 3174",-37.9501919,145.1717816
"Fairfield, 1/29 Rathmines St, 3078",-37.781096,145.015707
"Avondale Heights, 129 Templewood Cr, 3034",-37.7590865,144.8664244
"Richmond, 12/9 Westbank Tce, 3121",-37.820789,145.0133364
"Camberwell, 12a Aisbett Av, 3124",-37.8483907,145.0886106
"Preston, 12a Austral Av, 3072",-37.7473755,144.9932316
"Ivanhoe, 12 Abercorn Av, 3079",-37.7695883,145.0322169
"Reservoir, 1/2 Academy Av, 3073",-37.7234698,144.991682
"Bulleen, 12a Flinders St, 3105",-37.7683585,145.0990987
"Malvern East, 12 Ailsa Av, 3145",-37.8723115,145.0617867
"Richmond, 12a Khartoum St, 3121",-37.825327,145.0111721
"Heidelberg West, 12a Lae St, 3081",-37.7462491,145.0377678
"Oakleigh, 1/2 Albert Av, 3166",-37.8980686,145.093607
"Clayton, 1/2 Alice St, 3168",-37.9177084,145.1124653
"Armadale, 12 Alleyne Av, 3143",-37.8600137,145.023702
"Malvern East, 12a Millewa Av, 3145",-37.8845404,145.0752005
"Preston, 12A Milton Cr, 3072",-37.7505435,145.0038609
"Richmond, 12a Rose St, 3121",-37.8283269,145.0000765
"South Kingsville, 12A Saltley St, 3015",-37.8273861,144.8680019
"Moorabbin, 12a Schofield St, 3189",-37.9395273,145.0412838
"Gisborne, 12a Sundew Ct, 3437",-37.5056665,144.5965043
"Prahran, 12 Athol St, 3181",-37.847511,144.9858879
"Wheelers Hill, 12 Bellini Av, 3150",-37.9095464,145.1826794
"Heidelberg, 12 Berkeley Av, 3084",-37.7491924,145.0816959
"Port Melbourne, 111 Esplanade Pl, 3207",-37.8362817,144.9464282
"Elwood, 1/13 Beach Av, 3184",-37.8854178,144.9861426
"Mill Park, 1/210 Childs Rd, 3082",-37.6622228,145.0475959
"Bentleigh East, 12b Hinkler Av, 3165",-37.9339044,145.0501263
"Greenvale, 12 Bianca Cr, 3059",-37.6156393,144.8863219
"Brunswick East, 12 Bladen Av, 3057",-37.7641651,144.9741986
"Gowanbrae, 12 Bluebell Cr, 3043",-37.7055627,144.8936669
"Wyndham Vale, 12 Boga Pl, 3024",-37.8821211,144.6144547
"Burwood, 12 Burbidge Cl, 3125",-37.8596298,145.1112039
"Glen Waverley, 1/2 Charlotte St, 3150",-37.878609,145.1667056
"Prahran, 12 Closeburn Av, 3181",-37.8578549,145.0046963
"Box Hill, 12 Clota Av, 3128",-37.8177033,145.1326462
"Cheltenham, 1/2 Coleman Ct, 3192",-37.9734834,145.0582724
"Maidstone, 1/2 Coleman St, 3012",-37.788923,144.873063
"Strathmore, 12 Columban Av, 3041",-37.7415442,144.9227527
"Hampton East, 1/2 Cooke Av, 3188",-37.942577,145.0248827
"Ashwood, 12 Delta Av, 3147",-37.8585532,145.1047606
"Sunshine West, 12 Drinkwater Cr, 3020",-37.7973709,144.8167322
"Ashwood, 1/2 Edmonds Av, 3147",-37.8619583,145.0943174
"Wyndham Vale, 12 Edwin Cl, 3024",-37.8736096,144.5931638
"Bentleigh East, 12 Elaine Ct, 3165",-37.9245986,145.072525
"MacLeod, 12 Fernley Av, 3085",-37.7226664,145.0748454
"Malvern, 1/2 Finlayson St, 3144",-37.867758,145.035927
"Camberwell, 12 Finsbury Wy, 3124",-37.8383806,145.068847
"Highett, 1/2 Fuge St, 3190",-37.946273,145.028021
"Bellfield, 12 Garrett Cr, 3081",-37.7522268,145.0350192
"Oakleigh, 12 George St, 3166",-37.9017199,145.1025819
"Craigieburn, 12 Glacier St, 3064",-37.603326,144.902481
"Montmorency, 1/2 Grand Bvd, 3094",-37.7256368,145.1243999
"Glen Iris, 12 Grandview Av, 3146",-37.8504569,145.083649
"Maribyrnong, 12 Grandview Av, 3032",-37.7724198,144.8933974
"Canterbury, 12 Grange Av, 3126",-37.8190428,145.0776087
"Bonbeach, 1/2 Harding La, 3196",-38.064273,145.1187132
"St Albans, 12 Harmon Av, 3021",-37.7436482,144.8167665
"Box Hill, 1/2 Henry St, 3128",-37.8219997,145.1256909
"Glen Iris, 12 Hilltop Av, 3146",-37.8639669,145.0735849
"Point Cook, 12 Horizon Pt, 3030",-37.904774,144.7671472
"East Melbourne, 12 Hotham St, 3002",-37.8144015,144.989985
"Chadstone, 1/2 Jacana St, 3148",-37.8822945,145.102739
"Footscray, 12 Jamieson Av, 3011",-37.7971768,144.9093289
"Pascoe Vale, 12 Karadoc Av, 3044",-37.7190424,144.9465105
"Frankston, 1/2 Kelman St, 3199",-38.146343,145.140165
"South Yarra, 1/2 Kensington Rd, 3141",-37.8394455,145.0011998
"Murrumbeena, 12 Kinlock Av, 3163",-37.9052227,145.0669706
"Mentone, 12 Lachlan St, 3194",-37.9762056,145.078535
"Williamstown, 12 Lakeview Av, 3016",-37.856927,144.8713598
"Gowanbrae, 1/2 Lanark Wy, 3043",-37.7057442,144.896615
"Middle Park, 12 Langridge St, 3206",-37.8530403,144.9663991
"Bentleigh East, 12 Langslow St, 3165",-37.9185826,145.0637709
"Ascot Vale, 12 Langs Rd, 3032",-37.7810381,144.9104232
"Bentleigh East, 12 Larman St, 3165",-37.9201462,145.0617186
"Coburg, 12 Lascelles St, 3058",-37.7461771,144.9507293
"Brighton, 12 Lawrence St, 3186",-37.9151022,144.9996922
"Camberwell, 12 Laxdale Rd, 3124",-37.8467015,145.086684
"St Albans, 1/2 Lester Av, 3021",-37.7448654,144.8101026
"Craigieburn, 12 Lewisham Pl, 3064",-37.57959,144.9283005
"Epping, 1/2 Lloyd Av, 3076",-37.6469366,145.0274572
"Brunswick East, 12 Lyndhurst Cr, 3057",-37.7618725,144.9779996
"Preston, 12 Lyonsville Av, 3072",-37.7390311,145.0213755
"Camberwell, 12 Maple Cr, 3124",-37.839105,145.0687814
"Chadstone, 12 Mawarra Cr, 3148",-37.8781827,145.1055859
"Camberwell, 12 Morey St, 3124",-37.8414652,145.0938347
"Niddrie, 12 Moushall Av, 3042",-37.7419235,144.8910904
"Doncaster East, 12 Newlands Cr, 3109",-37.7719718,145.1806276
"Northcote, 1/2 Northcote St, 3070",-37.7745545,145.0080302
"Doveton, 12 Oak Av, 3177",-37.9980002,145.2385879
"Malvern East, 1/2 Oravel Av, 3145",-37.8793871,145.072232
"Glen Iris, 1/2 Penrhyn Av, 3146",-37.8563726,145.0933814
"Bellfield, 12 Perkins Av, 3081",-37.7551468,145.0430314
"Roxburgh Park, 12 Pinelea Ct, 3064",-37.6125842,144.9196556
"Epping, 12 Pommel Cr, 3076",-37.6436539,145.0560904
"Greenvale, 1/2 Pristine Dr, 3059",-37.611916,144.8874304
"Altona, 12 Ransom Av, 3018",-37.8594166,144.824054
"Strathmore, 1/2 Roland Av, 3041",-37.7336063,144.9177769
"Templestowe Lower, 12 Rose Av, 3107",-37.7673396,145.1004772
"Kew, 1/2 St Johns Pde, 3101",-37.809328,145.0366
"Burnside, 12 Strickland Cr, 3023",-37.7485487,144.7478564
"Essendon North, 12 Thelma Av, 3041",-37.7358459,144.8950535
"Williamstown, 1/2 Thompson St, 3016",-37.8639256,144.9048536
"Bentleigh, 12 Werona St, 3204",-37.9311066,145.038992
"Werribee, 12 Whitehall Cr, 3030",-37.8931649,144.6346401
"Bayswater North, 1/300 Bayswater Rd, 3153",-37.8286877,145.2684053
"Flemington, 130/200 Smithfield Rd, 3031",-37.7887993,144.9222422
"Melbourne, 1302/454 St Kilda Rd, 3000",-37.8394541,144.9761769
"Epping, 1/309 Findon Rd, 3076",-37.6397983,145.052028
"Aberfeldie, 130A The Boulevard, 3040",-37.7635136,144.8927729
"Montmorency, 1/30 Baldwin Av, 3094",-37.711196,145.124298
"Truganina, 1/30 Bridlepath Dr, 3029",-37.8394871,144.7209878
"Sunshine North, 1/30 Camperdown Av, 3020",-37.7658983,144.8219579
"Newport, 1/30 Charlotte St, 3015",-37.8378933,144.866123
"Reservoir, 1/30 Goulburn Av, 3073",-37.7232749,145.0213955
"Balaclava, 1/30 Gourlay St, 3183",-37.8722336,144.9957759
"Kingsbury, 1/30 Keats Av, 3083",-37.7180086,145.0354061
"Mooroolbark, 130 Manchester Rd, 3138",-37.7804836,145.3123651
"Oakleigh South, 1/30 Mimosa Av, 3167",-37.9136754,145.0974621
"Northcote, 1/30 Ross St, 3070",-37.7837317,144.9991653
"Preston, 1/30 Ruby St, 3072",-37.7443255,145.0164109
"MacLeod, 1/30 Strathallan Rd, 3085",-37.723942,145.077265
"Prahran, 1/30 Williams Rd, 3181",-37.8568998,145.0019609
"Gisborne, 13/109 Aitken St, 3437",-37.4962776,144.5910304
"Cheltenham, 13/109 Weatherall Rd, 3192",-37.9712952,145.0464727
"St Kilda, 13/109 Wellington St, 3182",-37.8570682,144.9896394
"Melbourne, 131/1 Albert Rd, 3000",-37.8340745,144.97287
"Hawthorn, 13/127 Riversdale Rd, 3122",-37.8289178,145.0372449
"Caulfield North, 13/129 Kambrook Rd, 3161",-37.88059,145.0345486
"Maidstone, 13/12 Crefden St, 3012",-37.7794966,144.8728756
"Elwood, 13/131 Glen Huntly Rd, 3184",-37.8828618,144.9902297
"Broadmeadows, 1/314 Camp Rd, 3047",-37.6864655,144.9313906
"St Kilda, 13/14 Chapel St, 3182",-37.8625356,144.9916369
"Glen Iris, 13/1526 High St, 3146",-37.8592595,145.0483752
"Hawthorn, 13/174 Power St, 3122",-37.8256306,145.0253058
"Elwood, 13/17 Byrne Av, 3184",-37.884782,144.9814408
"Mordialloc, 13/17 Collocott St, 3195",-38.0005611,145.0899484
"Mont Albert, 13/17 Kingsley Cr, 3127",-37.8146464,145.1120854
"Coburg, 1/318 Bell St, 3058",-37.7393105,144.9509164
"Doncaster East, 13/18 Peter St, 3109",-37.7964088,145.1466669
"Elwood, 13/197 Brighton Rd, 3184",-37.8787658,144.9933469
"Burwood, 13/19 Hughes St, 3125",-37.8525239,145.1091741
"Glen Huntly, 1/31 Dorothy Av, 3163",-37.8962668,145.040487
"Newport, 1/31 Elizabeth St, 3015",-37.8392053,144.8778161
"Mitcham, 1/31 Harrison St, 3132",-37.8137147,145.1990212
"Balwyn North, 1/31 Hatfield St, 3104",-37.7969316,145.0661159
"Hawthorn East, 1/31 Havelock Rd, 3123",-37.8327804,145.0526258
"Dingley Village, 13/1 Johanna Ct, 3172",-37.9773596,145.1189934
"Newport, 13/1 Johnston St, 3015",-37.8410501,144.8746364
"Glen Huntly, 1/31 MacGowan Av, 3163",-37.8940944,145.0398775
"Newport, 1/31 Maddox Rd, 3015",-37.8438163,144.8689972
"Frankston, 1/31 Petrie St, 3199",-38.1390557,145.1306252
"Richmond, 13/1 Princess St, 3121",-37.8209499,145.0017322
"Hawthorn East, 1/31 Ryeburne Av, 3123",-37.8200258,145.0569979
"Pascoe Vale, 1/31 Surrey St, 3044",-37.7252938,144.948473
"Braybrook, 1/31 Vine St, 3019",-37.7807025,144.8569229
"Richmond, 13/200 Brighton St, 3121",-37.8333237,144.9980248
"North Melbourne, 13/201 Abbotsford St, 3051",-37.8029001,144.9452178
"Lower Plenty, 1/320 Main Rd, 3093",-37.7273064,145.124918
"Toorak, 13/21 Tintern Av, 3142",-37.8427368,145.0059009
"Chelsea Heights, 13/227 Thames Prm, 3196",-38.0439337,145.1393056
"Richmond, 13/22 Bosisto St, 3121",-37.8175192,144.9969249
"Templestowe Lower, 13/246 High St, 3107",-37.7700209,145.1180538
"Kew, 1/325 High St, 3101",-37.8046287,145.0362569
"Camberwell, 1/32 Allambee Av, 3124",-37.8351625,145.0778235
"Newport, 132a Market St, 3015",-37.8481574,144.8751633
"Surrey Hills, 1/32 Broughton Rd, 3127",-37.8297802,145.1039083
"Hawthorn East, 1/32 Clifton Rd, 3123",-37.8443124,145.0529763
"Airport West, 1/32 Elstone Av, 3042",-37.7330665,144.8884608
"St Albans, 1/32 George St, 3021",-37.7316375,144.8052269
"Glen Iris, 1/32 Iris Rd, 3146",-37.8488168,145.0573052
"Balwyn North, 1/32 Viewhill Rd, 3104",-37.7907749,145.0889142
"Prahran, 13/300 High St, 3181",-37.8526062,144.9976936
"Melbourne, 133/539 St Kilda Rd, 3000",-37.8452418,144.9796418
"Templestowe Lower, 1/339 High St, 3107",-37.7614718,145.1187097
"Fairfield, 13/39 Park Cr, 3078",-37.7849249,145.0179028
"Bayswater, 1/33 Begonia Av, 3153",-37.8463368,145.2576795
"Bentleigh East, 1/33 Brady Rd, 3165",-37.9329456,145.0655207
"Chelsea, 1/33 Chelsea Rd, 3196",-38.0503444,145.1191866
"Brighton, 1/33 Cochrane St, 3186",-37.9030114,144.9981274
"Altona North, 1/33 Fifth Av, 3025",-37.8411734,144.849515
"Croydon, 1/33 Jarvis Av, 3136",-37.7969481,145.3006837
"Ormond, 1/33 Leila Rd, 3204",-37.9010122,145.0471976
"Cheltenham, 1/33 Rosewarne Av, 3192",-37.9545219,145.0631961
"Preston, 1/33 Spring St, 3072",-37.7342262,144.9995728
"Ringwood, 1/33 Thomas St, 3134",-37.81884,145.234396
"Braybrook, 13/40 Errol St, 3019",-37.7765436,144.856056
"Hampton, 1/340 Hampton St, 3188",-37.941431,145.001995
"Northcote, 1/341 Heidelberg Rd, 3070",-37.7835599,145.0139591
"St Kilda, 13/45 Alma Rd, 3182",-37.8609678,144.9868469
"Hawthorn, 1/346 Auburn Rd, 3122",-37.831677,145.043122
"Beaumaris, 13/472 Beach Rd, 3193",-37.9916347,145.0420154
"Richmond, 13/47 Mary St, 3121",-37.821495,145.0023161
"Aberfeldie, 1/34 Arthur St, 3040",-37.7582576,144.8934944
"Doncaster East, 1/34 Baratta St, 3109",-37.7975181,145.155141
"Heidelberg West, 1/34 Brunei Cr, 3081",-37.7349829,145.0476455
"Oakleigh South, 1/34 Cleek Av, 3167",-37.9127058,145.0878987
"Mount Waverley, 1/34 Dickson St, 3149",-37.8904165,145.1110482
"Airport West, 1/34 Elstone Av, 3042",-37.7329261,144.8884801
"Kingsville, 134 Empress Av, 3012",-37.811368,144.8809909
"Toorak, 13/4 Glyndebourne Av, 3142",-37.8407026,145.0249712
"Kingsbury, 1/34 Highland St, 3083",-37.7162928,145.0381789
"Coburg, 1/34 Jessie St, 3058",-37.7535568,144.9584977
"Parkdale, 1/34 MacGregor St, 3195",-37.9898828,145.0879598
"Carnegie, 1/34 Madden Av, 3163",-37.8934108,145.0504811
"Gowanbrae, 134 Marigold Cr, 3043",-37.7006641,144.8991472
"Mount Waverley, 1/34 Sesame St, 3149",-37.8656818,145.1471159
"Broadmeadows, 1/350 Camp Rd, 3047",-37.6861249,144.9280757
"Moonee Ponds, 13/53 Buckley St, 3039",-37.757982,144.9235471
"South Yarra, 1/354 Toorak Rd, 3141",-37.8402717,145.0008078
"Brunswick East, 13/55 Victoria St, 3057",-37.7686488,144.9783599
"Hawthorn, 13/574 Glenferrie Rd, 3122",-37.8265141,145.0350686
"Nunawading, 1/359 Springfield Rd, 3131",-37.8116,145.1795117
"Richmond, 13/59 Westbank Tce, 3121",-37.822627,145.0130453
"Mordialloc, 135B McDonald St, 3195",-38.0007835,145.1006194
"Alphington, 135 Fulham Rd, 3078",-37.77119,145.027355
"Carnegie, 1/35 Gnarwyn Rd, 3163",-37.8940473,145.0587294
"Burwood, 1/35 Haig St, 3125",-37.8602172,145.0976805
"Clayton, 1/35 Jaguar Dr, 3168",-37.9258187,145.1317859
"Richmond, 1/35 Jubilee Pl, 3121",-37.8124432,145.0041608
"Surrey Hills, 1/35 Kennealy St, 3127",-37.8284417,145.0884641
"Reservoir, 135 Mahoneys Rd, 3073",-37.6931775,144.9913224
"Doncaster, 1/35 Norfolk Cct, 3108",-37.7962799,145.1382664
"Niddrie, 1/35 Ryder St, 3042",-37.7390541,144.8863138
"Oakleigh, 1/35 Tamar Gr, 3166",-37.8984972,145.0964313
"Kew, 13/62 Mary St, 3101",-37.8046521,145.0385128
"Langwarrin, 13/64 Potts Rd, 3910",-38.1359831,145.2112422
"South Melbourne, 13/66 Montague St, 3205",-37.8294064,144.9485469
"Kings Park, 1/367 Taylors Rd, 3021",-37.7263236,144.7693361
"Altona North, 1/36 Amaranth Av, 3025",-37.8288863,144.8546347
"Glen Waverley, 1/36 Angus Dr, 3150",-37.871112,145.163589
"Reservoir, 1/36 Butters St, 3073",-37.7251597,144.9977902
"Carrum, 1/36 Church Rd, 3197",-38.0804252,145.1287218
"Moorabbin, 1/36 Clay St, 3189",-37.9366732,145.0465732
"Kew, 1/36 Daniell Pl, 3101",-37.8137304,145.0498077
"Keilor East, 1/36 Hassett Cr, 3033",-37.7391787,144.8600761
"Reservoir, 1/36 Hickford St, 3073",-37.7056582,145.0272722
"Thomastown, 1/36 Richardson St, 3074",-37.6828479,145.0368816
"Brighton, 1/36 Well St, 3186",-37.9162731,144.9949421
"Airport West, 1/36 York St, 3042",-37.7261944,144.8875283
"Caulfield North, 1/370 Orrong Rd, 3161",-37.8624853,145.0103293
"Collingwood, 13/76 Oxford St, 3066",-37.8041565,144.9849214
"Cheltenham, 1/377 Bay Rd, 3192",-37.9563026,145.0440491
"Southbank, 137/88 Kavanagh St, 3006",-37.8247558,144.9631359
"Montmorency, 1/37 Airlie Rd, 3094",-37.7226465,145.1178253
"Brighton East, 137b Marriage Rd, 3187",-37.919925,145.0206808
"Mitcham, 1/37 Carween Av, 3132",-37.8268333,145.190227
"Deer Park, 1/37 Dumfries St, 3023",-37.7623214,144.7709437
"Essendon, 1/37 Grice Cr, 3040",-37.7488058,144.9182675
"Frankston, 1/37 Highview Rd, 3199",-38.1592283,145.1462985
"Thornbury, 137 Mansfield St, 3071",-37.7571907,145.0104575
"Highett, 1/37 Sandford St, 3190",-37.9502425,145.0515847
"Bentleigh, 1/37 Whitmuir Rd, 3204",-37.9131927,145.0289358
"Balwyn, 137 Yarrbat Av, 3103",-37.8101697,145.0992066
"Nunawading, 13/84 Mount Pleasant Rd, 3131",-37.8280465,145.1791619
"Abbotsford, 13/84 Trenerry Cr, 3067",-37.7979172,144.9981895
"Pascoe Vale, 13/88 Landells Rd, 3044",-37.7247442,144.9439365
"Heidelberg Heights, 1/388 Waterdale Rd, 3081",-37.7501427,145.0465003
"Reservoir, 1/38 Bartrop St, 3073",-37.698264,144.981717
"Glenroy, 1/38 Finchley Av, 3046",-37.7027795,144.9109979
"Kew, 13/912 Glenferrie Rd, 3101",-37.8082495,145.0382973
"Balaclava, 13/91 Grosvenor St, 3183",-37.8734904,144.9961347
"Nunawading, 1/395 Springfield Rd, 3131",-37.80993,145.1831754
"Malvern East, 13/997 Dandenong Rd, 3145",-37.8799534,145.0493427
"Camberwell, 1/39 Allambee Av, 3124",-37.8348497,145.078369
"St Albans, 1/39 Glendenning St, 3021",-37.7444282,144.7961002
"Altona North, 1/39 Hearn St, 3025",-37.838971,144.858242
"Bentleigh East, 1/39 Lancaster St, 3165",-37.9098388,145.055036
"Ashwood, 1/39 Lavidge Rd, 3147",-37.8660314,145.1078643
"MacLeod, 1/39 MacLeod Pde, 3085",-37.726952,145.06669
"Murrumbeena, 13/9 Murrumbeena Cr, 3163",-37.8992705,145.0665612
"Hawthorn, 1/39 Park St, 3122",-37.8199395,145.0386451
"Cheltenham, 1/39 Sunray Av, 3192",-37.9630729,145.064753
"Balwyn North, 1/39 Trentwood Av, 3104",-37.7874086,145.0974606
"Bentleigh, 1/39 Whitmuir Rd, 3204",-37.9127052,145.0290298
"Reservoir, 1/39 Winter Cr, 3073",-37.7192931,145.0277999
"MacLeod, 139 Yallambie Rd, 3085",-37.7206216,145.0938225
"Glenroy, 13a Anselm Gr, 3046",-37.702658,144.9134061
"Alphington, 13a Fulham Rd, 3078",-37.7805203,145.0257631
"Thornbury, 13a hammond St, 3071",-37.7632875,145.010794
"Thornbury, 13a Hammond St, 3071",-37.7632875,145.010794
"Kew, 13a James Av, 3101",-37.8013511,145.0386376
"Templestowe Lower, 13 Alburnum Cr, 3107",-37.7724669,145.1261514
"Hampton, 1/3 Alicia St, 3188",-37.9432428,145.0023267
"Bentleigh, 13a Rosina St, 3204",-37.9323849,145.0450933
"Essendon, 13a Washington St, 3040",-37.7547487,144.9093695
"Albion, 1/3 Barclay St, 3020",-37.781313,144.8234306
"Clayton South, 13 Barringun Cr, 3169",-37.9417421,145.1148312
"Glen Iris, 1/3 Belmont Av, 3146",-37.8580637,145.0477816
"Thornbury, 13b Hammond St, 3071",-37.7632956,145.0108701
"Spotswood, 13B Vernier St, 3015",-37.8258278,144.8779099
"McKinnon, 1/3 Capitol Av, 3204",-37.9090528,145.0284149
"Blackburn North, 13 Caroline Cr, 3130",-37.8027743,145.1448465
"Glenroy, 13 Cherwell Av, 3046",-37.7010416,144.909782
"Taylors Lakes, 13 Clifton Ct, 3038",-37.6940834,144.7953792
"Brighton East, 13 Clonaig St, 3187",-37.9044714,145.0099582
"Kew East, 1/3 Clyde St, 3102",-37.7968167,145.054691
"Brunswick, 13 Collier Cr, 3056",-37.7719356,144.9535997
"Ashwood, 13 Edmonds Av, 3147",-37.8616802,145.0953633
"Maidstone, 1/3 Edmund St, 3012",-37.7835711,144.8767291
"Port Melbourne, 13 Edwards Av, 3207",-37.8358078,144.9240929
"Bentleigh East, 13 Elwyn St, 3165",-37.9107268,145.0567716
"Malvern, 13 Euston St, 3144",-37.8565774,145.0408431
"Moorabbin, 1/3 Fiddes St, 3189",-37.9389298,145.0470399
"Kew, 13 Findon Cr, 3101",-37.8112623,145.020163
"Sunbury, 13 Fullbrook Dr, 3429",-37.5598459,144.7084238
"Mont Albert, 1/3 Gawler Ct, 3127",-37.8145825,145.1105848
"Balwyn North, 13 Glenthorn Av, 3104",-37.8025321,145.0965526
"Coburg North, 13 Glyndon Av, 3058",-37.7223929,144.958968
"Croydon, 1/3 Gretel Ct, 3136",-37.7795786,145.302922
"Pascoe Vale, 1/3 Grover St, 3044",-37.7298752,144.930051
"St Albans, 13 Harmon Av, 3021",-37.7422855,144.8178366
"Maribyrnong, 13 Hillside Cr, 3032",-37.7725424,144.894627
"Doncaster, 1/3 Katrina St, 3108",-37.7943514,145.1189818
"Broadmeadows, 13 Keith Cr, 3047",-37.6930865,144.9274051
"Maribyrnong, 13 Lakeside Cr, 3032",-37.7848446,144.8998785
"Williamstown, 13 Lakeside Pl, 3016",-37.8609247,144.8780251
"Essendon, 13 Laluma St, 3040",-37.7518632,144.9064422
"Hoppers Crossing, 13 Lamb Gr, 3029",-37.8666556,144.6971834
"Surrey Hills, 13 Lambourne St, 3127",-37.8318068,145.1113112
"Caulfield South, 13 Larch St, 3162",-37.8876784,145.0229234
"Keilor East, 13 Lauricella Av, 3033",-37.7457873,144.8610894
"Caroline Springs, 13 Lauricella Pl, 3023",-37.7398543,144.7383216
"Parkdale, 13 Lawborough Av, 3195",-37.9887824,145.091313
"Reservoir, 13 Lawley St, 3073",-37.7059496,144.9909549
"Avondale Heights, 13 MacEy Av, 3034",-37.7642635,144.8673206
"Sunshine West, 1/3 Marcia St, 3020",-37.7910281,144.8104
"Wollert, 13 Markham St, 3750",-37.6182963,145.0282786
"Prahran, 13 Mary St, 3181",-37.8541696,144.9969814
"Pascoe Vale, 13 McCracken Av, 3044",-37.7284052,144.9263338
"Springvale, 13 Merton St, 3171",-37.9490627,145.1588109
"Glen Iris, 1/3 Mills St, 3146",-37.8497094,145.0832002
"Craigieburn, 13 Monarch Wy, 3064",-37.5728712,144.9307944
"Surrey Hills, 1/3 New St, 3127",-37.831724,145.1036863
"Footscray, 13 Nicholson St, 3011",-37.7951477,144.9009107
"Reservoir, 1/3 Orrong Av, 3073",-37.714063,145.010007
"Coburg North, 13 Pallett St, 3058",-37.724842,144.956621
"Glen Iris, 13 Penrhyn Av, 3146",-37.8572445,145.0926264
"Kew East, 13 Ratten Av, 3102",-37.7940169,145.0385145
"St Kilda, 1/3 Robertson Av, 3182",-37.8575798,144.9858139
"Doncaster, 13 Soderlund Dr, 3108",-37.7757675,145.1147932
"Brighton East, 13 Stradbroke Av, 3187",-37.9116251,145.0158046
"Wollert, 13 Strathalbyn Ch, 3750",-37.6146991,145.0035962
"Balwyn, 13 Tivey Pde, 3103",-37.8044263,145.0735344
"Toorak, 13 Toorak Av, 3142",-37.8403119,145.028989
"Sunshine North, 13 Troon Cr, 3020",-37.7725714,144.8469549
"Boronia, 13 Tulip Cr, 3155",-37.864875,145.2790258
"Mitcham, 13 Vernal Av, 3132",-37.8282344,145.1971939
"Pascoe Vale, 1/3 Virginia St, 3044",-37.7155755,144.9431864
"Camberwell, 1/3 Wanawong Cr, 3124",-37.8426033,145.0760934
"Mitcham, 1/3 Warnes Rd, 3132",-37.8124203,145.2128753
"Hampton East, 13 Widdop Cr, 3188",-37.9409893,145.0261925
"Avondale Heights, 13 Windsor Dr, 3034",-37.7545487,144.871404
"South Yarra, 1405/8 Daly St, 3141",-37.8377564,144.994697
"Melbourne, 1406/250 Elizabeth St, 3000",-37.8126809,144.9629047
"Strathmore Heights, 1/408 Mascoma St, 3041",-37.7117669,144.8933115
"West Melbourne, 140 Adderley St, 3003",-37.809842,144.947305
"Bentleigh East, 1/40 Beddoe Av, 3165",-37.918698,145.0686059
"Richmond, 1/40 Bridge Rd, 3121",-37.817859,144.99127
"Chelsea, 1/40 Embankment Gr, 3196",-38.0475517,145.1198899
"Caroline Springs, 1/40 McCubbin Wy, 3023",-37.7122647,144.732653
"Glenroy, 1/40 Morley St, 3046",-37.6983649,144.9376485
"Sunshine West, 1/40 Nicholson Pde, 3020",-37.7988843,144.8079933
"Balwyn, 1/40 Northcote Av, 3103",-37.8157188,145.0875663
"Noble Park, 1/40 Stuart St, 3174",-37.9722859,145.1764139
"Caulfield South, 1/40 Teak St, 3162",-37.8921408,145.0248029
"Vermont, 1/40 Terrara Rd, 3133",-37.8413153,145.1897557
"Brooklyn, 14/10 Heather Av, 3012",-37.8221229,144.8475202
"Hampton, 14/11 Railway Cr, 3188",-37.9387826,145.0014938
"Toorak, 1/411 Toorak Rd, 3142",-37.8405058,145.0055629
"Lower Plenty, 14/141 Main Rd, 3093",-37.725037,145.116197
"St Kilda, 14/14 Alma Rd, 3182",-37.8601963,144.9837059
"Kensington, 14/162 Stockmans Wy, 3031",-37.7923947,144.918151
"Sunshine North, 14/16 Eastcote St, 3020",-37.7731991,144.8327431
"Caulfield North, 1/417 Glen Eira Rd, 3161",-37.88048,145.0282499
"Elwood, 14/17 Tiuna Gr, 3184",-37.8846356,144.9823288
"Armadale, 14/18 Mercer Rd, 3143",-37.8541358,145.0266428
"Balwyn North, 1/41 Corhampton Rd, 3104",-37.7975791,145.0671388
"Port Melbourne, 14/1 Graham St, 3207",-37.8428872,144.9448802
"Airport West, 1/41 Hillside Gr, 3042",-37.7271298,144.8741697
"Newport, 1/41 Laurie St, 3015",-37.8419978,144.870594
"Mont Albert, 141 Windsor Cr, 3127",-37.8247378,145.1132829
"Reservoir, 1/41 Winter Cr, 3073",-37.7191633,145.0276606
"Elsternwick, 14/20 Victoria St, 3185",-37.8872853,145.009726
"Mordialloc, 14/214 Beach Rd, 3195",-38.0085906,145.0859069
"South Yarra, 14/219 Williams Rd, 3141",-37.844354,145.003737
"Prahran, 14/21 Irving Av, 3181",-37.8575569,145.0070227
"Melbourne, 142/418 St Kilda Rd, 3000",-37.8358416,144.9747364
"Beaumaris, 1/424 Balcombe Rd, 3193",-37.9780268,145.0378549
"Caulfield South, 1/426 Hawthorn Rd, 3162",-37.8904393,145.0210802
"Melbourne, 14/27 Queens Rd, 3000",-37.8422758,144.9755809
"Toorak, 14/27 Wallace Av, 3142",-37.8386898,145.007396
"Mulgrave, 1/42 Carson St, 3170",-37.9292098,145.1649244
"Rosanna, 1/42 Grandview Gr, 3084",-37.741244,145.062243
"Noble Park, 1/42 Liege Av, 3174",-37.9706734,145.1910866
"Richmond, 14/2 New St, 3121",-37.813338,144.9925259
"Essendon, 1/42 Richardson St, 3040",-37.7501258,144.9124959
"Reservoir, 1/42 Tambo Av, 3073",-37.7204666,145.0189064
"Carlton, 14/357 Rathdowne St, 3053",-37.7980747,144.9701314
"Brunswick, 14/38 Canberra St, 3056",-37.7583251,144.9564826
"Fitzroy, 1/43 Argyle St, 3065",-37.7972266,144.9768744
"Sunshine West, 1/43 Bardsley St, 3020",-37.791959,144.820016
"Sunshine, 143b Cornwall Rd, 3020",-37.780616,144.8419726
"Flemington, 1/43 Dover St, 3031",-37.783403,144.925078
"Hughesdale, 1/43 Eleebana Av, 3166",-37.90815,145.0838719
"Rosanna, 1/43 Ellesmere Pde, 3084",-37.7389015,145.0649537
"Glenroy, 1/43 Lytton St, 3046",-37.7074163,144.9101742
"Glen Iris, 1/43 Osborne Av, 3146",-37.853126,145.0470622
"Diamond Creek, 1/43 Phipps Cr, 3089",-37.6785251,145.1649099
"Clayton South, 1/43 Rosebank Av, 3169",-37.9394637,145.1332051
"Oak Park, 1/43 Watt Av, 3046",-37.7165772,144.9287868
"Taylors Lakes, 1/43 Wentworth Dr, 3038",-37.69436,144.776124
"Mount Waverley, 1/43 Windsor Av, 3149",-37.8756298,145.1204625
"Caulfield North, 14/401 Alma Rd, 3161",-37.8657647,145.024707
"Flemington, 14/41 Dover St, 3031",-37.7832596,144.9253106
"St Kilda, 14/44 Waterloo Cr, 3182",-37.8624294,144.9832155
"Richmond, 14/45 York St, 3121",-37.8129443,144.9930478
"West Melbourne, 1/44 Chetwynd street, 3003",-37.8070644,144.9525367
"Glenroy, 1/44 Langton St, 3046",-37.6987091,144.9139762
"Albion, 1/44 Perth Av, 3020",-37.7762025,144.8155096
"Brunswick, 144 Tinning St, 3056",-37.7581079,144.9516267
"Coburg, 1/44 Victoria St, 3058",-37.7424213,144.9605933
"Ormond, 1/44 Wheeler St, 3204",-37.9049204,145.0409128
"Highett, 14/57 Tibrockney St, 3190",-37.9493953,145.0344099
"Brunswick West, 1/458 Brunswick Rd, 3055",-37.7748447,144.9405754
"Rosanna, 145 Bellevue Av, 3084",-37.7323238,145.0651934
"Sunbury, 1/45 Harker St, 3429",-37.5853636,144.7316257
"Collingwood, 145 Langridge St, 3066",-37.80717,144.990177
"Ivanhoe, 1/45 Locksley Rd, 3079",-37.7706032,145.0481472
"Sunbury, 145 McKell Av, 3429",-37.5666118,144.7200103
"South Kingsville, 1/45 Paxton St, 3015",-37.8293335,144.8700468
"Mordialloc, 1/460 Como Pde W, 3195",-38.0012364,145.0830232
"Hampton, 146a Ludstone St, 3188",-37.9350472,145.0187902
"Rosanna, 146 Bellevue Av, 3084",-37.7324109,145.0658685
"Hampton, 146b Ludstone St, 3188",-37.9353121,145.0187542
"Airport West, 1/46 Bowes Av, 3042",-37.7307736,144.8850486
"Glenroy, 1/46 Cosmos St, 3046",-37.7027972,144.9380443
"Reservoir, 1/46 Darebin Bvd, 3073",-37.7038401,145.0257983
"Tarneit, 146 Inverell Pky, 3029",-37.8447384,144.6876771
"Glenroy, 1/46 Langton St, 3046",-37.6985711,144.9139611
"Elwood, 1/46 Ruskin St, 3184",-37.8775088,144.9818149
"Truganina, 1/46 Westmeadows La, 3029",-37.842528,144.7225735
"Carrum, 1/46 Whatley St, 3197",-38.0810467,145.1309333
"Footscray, 14/75 Droop St, 3011",-37.7952545,144.8956857
"Bentleigh East, 14/76 East Boundary Rd, 3165",-37.9276837,145.0580621
"Brunswick West, 1/478 Albion St, 3055",-37.7582908,144.9406891
"Malvern East, 14/794 Warrigal Rd, 3145",-37.8905938,145.0884155
"Bentleigh East, 147a Bignell Rd, 3165",-37.9299893,145.0699245
"Bentleigh East, 147b Bignell Rd, 3165",-37.9299188,145.0699383
"Glen Iris, 1/47 Carroll Cr, 3146",-37.8515249,145.047911
"Burwood, 1/47 Roslyn St, 3125",-37.8464688,145.1027178
"Yarraville, 147 Williamstown Rd, 3013",-37.8109466,144.8840372
"Newport, 1/48 Blenheim Rd, 3015",-37.8431434,144.8642119
"Brooklyn, 1/48 Corrigan Av, 3012",-37.8189967,144.8449938
"Ringwood, 1/48 Heywood St, 3134",-37.8251936,145.2231424
"Springvale South, 1/48 MacKay St, 3172",-37.9730956,145.1579898
"Riddells Creek, 148 Main Rd, 3431",-37.4568143,144.6834664
"Balwyn, 14/8 Parring Rd, 3103",-37.8128661,145.0912636
"Moonee Ponds, 1/48 Scotia St, 3039",-37.7674949,144.9059944
"Prahran, 14/8 Sydney St, 3181",-37.8518339,145.010595
"Balwyn, 1/48 Talbot Av, 3103",-37.8148223,145.085852
"Niddrie, 1/48 Teague St, 3042",-37.7436377,144.8865987
"Balwyn, 148 Yarrbat Av, 3103",-37.810753,145.0999104
"Collingwood, 149/158 Smith St, 3066",-37.8038552,144.9836337
"Collingwood, 149/185 Smith St, 3066",-37.8036402,144.9831324
"Preston, 1/492 Murray Rd, 3072",-37.7368674,144.9945024
"Oakleigh, 1494b Dandenong Rd, 3166",-37.8975954,145.0996076
"Port Melbourne, 149A Graham St, 3207",-37.840827,144.9412718
"Kingsville, 149 Empress Av, 3012",-37.8121484,144.8812936
"Keilor Downs, 1/49 Goodwood Dr, 3038",-37.7218338,144.7949143
"North Melbourne, 1/49 Haines St, 3051",-37.7987745,144.9474818
"Balwyn North, 1/49 Hatfield St, 3104",-37.7994289,145.0655526
"Pascoe Vale, 149 Landells Rd, 3044",-37.7188183,144.9440803
"Jacana, 149 Langton St, 3047",-37.6911124,144.9139953
"Oakleigh East, 1/49 MacRina St, 3166",-37.9019191,145.1138425
"Edithvale, 1/49 Northcliffe Rd, 3196",-38.040737,145.1168989
"Altona, 14a Charles Rd, 3018",-37.8541216,144.8186244
"Wantirna, 14a Kingloch Pde, 3152",-37.8463553,145.2396007
"Mentone, 1/4 Alvena St, 3194",-37.9751407,145.0614396
"Balwyn North, 1/4 Aquila St, 3104",-37.787462,145.07399
"Maidstone, 14a Scovell Cr, 3012",-37.7839242,144.8792526
"Springvale, 1/4 Ashdale Ct, 3171",-37.9378192,145.1470246
"Sunshine, 14a Staughton St, 3020",-37.7794173,144.8455787
"Brighton East, 14a Stone St, 3187",-37.9030093,145.0093551
"Highett, 14A Telford St, 3190",-37.9446915,145.028012
"Sunshine North, 14 Augusta Cr, 3020",-37.7723553,144.8452303
"Oakleigh South, 14a Valley St, 3167",-37.9176358,145.104919
"Bentleigh, 14a Vunabere Av, 3204",-37.9242458,145.0278948
"Brunswick, 1/4 Balmer St, 3056",-37.765289,144.96661
"Donvale, 14 Baradine Tce, 3111",-37.7735839,145.186364
"Hawthorn, 1/4 Barkers Rd, 3122",-37.8124673,145.0165292
"Armadale, 14 Barkly Av, 3143",-37.8604536,145.027354
"Kew East, 14 Belford Av, 3102",-37.7997181,145.0485781
"Chadstone, 14 Binalong Av, 3148",-37.8746916,145.1036004
"Brighton East, 14 Binnie St, 3187",-37.9247354,145.0076253
"Wantirna, 14b Kingloch Pde, 3152",-37.8464029,145.2395194
"Taylors Lakes, 14 Bobbora Ct, 3038",-37.7083863,144.7869515
"Strathmore, 14 Bournian Av, 3041",-37.7398181,144.9229573
"Mount Waverley, 14b Pall Mall, 3149",-37.8764491,145.1229128
"Werribee, 14 Braeburn Pl, 3030",-37.9231251,144.6322058
"Meadow Heights, 1/4 Bronco Ct, 3048",-37.6472113,144.9191542
"Balwyn North, 14 Buchanan Av, 3104",-37.7953152,145.0772707
"Taylors Lakes, 14 Chichester Dr, 3038",-37.7108841,144.7938256
"Balwyn, 14 Conway Cr, 3103",-37.8148945,145.0873284
"Wantirna, 14 Corinella Sq, 3152",-37.8621469,145.2362009
"Altona, 1/4 Deavey Ct, 3018",-37.8560768,144.8182779
"Delahey, 14 Doran Wk, 3037",-37.7178333,144.7694857
"Dandenong North, 14 Downard Cr, 3175",-37.9610596,145.211385
"Footscray, 1/4 Eldridge St, 3011",-37.7907333,144.8928279
"Altona, 14 Emu Av, 3018",-37.8677188,144.8100874
"Blackburn North, 14 Esta St, 3130",-37.801951,145.1426366
"Glen Iris, 1/4 Estella St, 3146",-37.8619689,145.0636615
"Kew, 14 Findon Cr, 3101",-37.8113615,145.0209184
"Noble Park, 1/4 Florence St, 3174",-37.9726447,145.1636826
"Balwyn, 14 Freeman St, 3103",-37.807851,145.0754575
"Blackburn North, 1/4 Gay St, 3130",-37.8084426,145.1568979
"Doncaster, 1/4 Gregory Ct, 3108",-37.7860795,145.1019022
"Oak Park, 1/4 Gregory St, 3046",-37.7233548,144.9150651
"Essendon, 14 Grice Cr, 3040",-37.7512682,144.9172032
"Croydon, 1/4 Haig St, 3136",-37.7935594,145.2903006
"Truganina, 14 Holland Cr, 3029",-37.8550325,144.7271253
"Bentleigh East, 1/4 Hull St, 3165",-37.9200551,145.0684728
"Kew East, 14 Irymple Av, 3102",-37.7948632,145.0581267
"Hampton, 14 James Cr, 3188",-37.9425592,145.0190673
"Rosanna, 14 Kathleen St, 3084",-37.7470358,145.0728738
"Knoxfield, 1/4 Kent St, 3180",-37.884008,145.2564219
"Murrumbeena, 14 Kinlock Av, 3163",-37.9052117,145.067406
"Balwyn, 14 Kinsale Cr, 3103",-37.8104859,145.1022773
"Bulleen, 14 Lachlan Gra, 3105",-37.7600033,145.0897112
"Sunshine West, 1/4 Lachlan Rd, 3020",-37.79253,144.815089
"Avondale Heights, 14 Lake St, 3034",-37.7577428,144.8592203
"Port Melbourne, 14 Lalor St, 3207",-37.8376303,144.9425789
"Warranwood, 14 Landau Dr, 3134",-37.7694987,145.240159
"Reservoir, 14 Lane Cr, 3073",-37.7155854,145.0158647
"Donvale, 14 Langford Cr, 3111",-37.8023676,145.1892678
"Hoppers Crossing, 14 Lantana Av, 3029",-37.8814249,144.6857207
"Caulfield South, 14 Latrobe St, 3162",-37.8897454,145.0336999
"Footscray, 14 Latrobe St, 3011",-37.7973713,144.889086
"Avondale Heights, 14 Laura Gr, 3034",-37.7710575,144.8639206
"Kew East, 1/4 Lawrence St, 3102",-37.7977668,145.0622849
"Reservoir, 14 Leichardt Cr, 3073",-37.6988974,145.0084874
"Bundoora, 14 Lynch Av, 3083",-37.6902551,145.073708
"Hawthorn, 14 Lyndhurst Cr, 3122",-37.8189633,145.0439451
"Reservoir, 14 Maritana Av, 3073",-37.7286743,144.9978763
"Camberwell, 14 Marlborough Av, 3124",-37.8374434,145.0690046
"Oakleigh South, 14 Mimosa Av, 3167",-37.9124968,145.0978011
"Canterbury, 14 Monomeath Av, 3126",-37.8213651,145.074439
"Oakleigh, 14 Mora Av, 3166",-37.9022471,145.0888661
"Brighton East, 14 Northern Av, 3187",-37.9023447,145.0172173
"Hampton East, 14 Oconnor Cr, 3188",-37.9418898,145.0274641
"Greenvale, 14 Ogilvy Av, 3059",-37.6497308,144.90213
"Camberwell, 14 Orrong Cr, 3124",-37.8397002,145.0698262
"Box Hill, 14 Parkside Av, 3128",-37.82693,145.1192596
"Richmond, 14 Parkville St, 3121",-37.8290041,145.0099904
"Pascoe Vale, 1/4 Perkin Av, 3044",-37.7166478,144.9308777
"Altona North, 1/4 Prentice St, 3025",-37.8414481,144.8633101
"Mitcham, 1/4 Price St, 3132",-37.8209226,145.2026014
"Craigieburn, 14 Rouge Wy, 3064",-37.58871,144.8968612
"Greenvale, 14 Rudstone Bnd, 3059",-37.6428457,144.8832864
"Altona North, 14 Seventh Av, 3025",-37.8440716,144.8474322
"Taylors Hill, 14 Shearwater Ct, 3037",-37.7099756,144.7671259
"Bundoora, 14 Shelley Av, 3083",-37.694765,145.0653576
"Glen Waverley, 1/4 Short St, 3150",-37.8824363,145.1593261
"Preston, 1/4 Spring St, 3072",-37.7367457,144.999608
"Box Hill, 14 Standard Av, 3128",-37.8238867,145.1146291
"Kew, 14 Stoke Av, 3101",-37.8079218,145.0592573
"Kew, 14 Studley Av, 3101",-37.8047265,145.0248505
"Oak Park, 14 Summit Av, 3046",-37.7153638,144.9137792
"Ashburton, 1/4 Taylor St, 3147",-37.871036,145.0741151
"Doncaster, 14 Timber Rdg, 3108",-37.7778943,145.1115375
"Sandringham, 14 Trentham St, 3191",-37.9510495,145.0057516
"Glen Waverley, 1/4 Valley View Ct, 3150",-37.882269,145.1757569
"Surrey Hills, 1/4 Wells St, 3127",-37.8186104,145.089019
"Lalor, 1/4 William St, 3075",-37.6729927,145.020586
"Bayswater, 1/4 Wiltshire Av, 3153",-37.8506414,145.2653652
"Burwood, 14 Wridgway Av, 3125",-37.8523779,145.1204318
"Ivanhoe East, 14 York Av, 3079",-37.7704713,145.0569021
"Melbourne, 1502/568 St Kilda Rd, 3000",-37.8471823,144.9786951
"Docklands, 1503/80 Lorimer St, 3008",-37.8248311,144.9452342
"Kew, 1/505 High St, 3101",-37.8016372,145.0444953
"Newport, 1/508 Melbourne Rd, 3015",-37.837444,144.88268
"Altona North, 150A McIntosh Rd, 3025",-37.8455358,144.8468453
"Sunshine North, 1/50 Meadowbank Dr, 3020",-37.758233,144.825317
"Dallas, 150 Railway Cr, 3047",-37.6707586,144.9246922
"Essendon, 1/50 Richardson St, 3040",-37.7495344,144.9121706
"Yarraville, 150 Roberts St, 3013",-37.8139554,144.8687709
"Moonee Ponds, 15/122 Maribyrnong Rd, 3039",-37.7714867,144.9155272
"Hawthorn, 15/179 Power St, 3122",-37.8267858,145.0256559
"Heidelberg West, 1/517 Waterdale Rd, 3081",-37.73952,145.048027
"Parkville, 15/18 Lennon St, 3052",-37.7863677,144.9409094
"Brunswick, 15/195 Brunswick Rd, 3056",-37.7773561,144.9643171
"Hawthorn East, 15/19 Auburn Gr, 3123",-37.8253788,145.0471885
"Armadale, 1/519 Dandenong Rd, 3143",-37.8628497,145.0207093
"South Yarra, 15/19 Yarra St, 3141",-37.8360942,144.9933267
"Glen Iris, 1/51 Alfred Rd, 3146",-37.8540741,145.0893802
"Moonee Ponds, 151a Park St, 3039",-37.7606986,144.9060345
"Moonee Ponds, 151b Park St, 3039",-37.7606986,144.9060345
"Oak Park, 1/51 Curie Av, 3046",-37.717141,144.9217233
"Altona, 1/51 Galvin St, 3018",-37.8599178,144.8092563
"Chelsea, 1/51 Glenola Rd, 3196",-38.0548831,145.1245342
"Templestowe Lower, 1/51 John St, 3107",-37.770623,145.115846
"Preston, 151k Albert St, 3072",-37.7349154,145.0241107
"Ivanhoe, 1/51 Locksley Rd, 3079",-37.7702263,145.0482089
"Cheltenham, 1/51 Luxmoore St, 3192",-37.9597443,145.0478597
"Hadfield, 1/51 North St, 3046",-37.7054849,144.9469699
"Glen Iris, 1/51 Osborne Av, 3146",-37.8524648,145.0471279
"Boronia, 1/51 Underwood Rd, 3155",-37.8699771,145.2887385
"Melbourne, 152/29 Queens Rd, 3000",-37.8425785,144.975727
"Hawthorn, 15/22 Wattle Rd, 3122",-37.8246987,145.027872
"Hawthorn East, 15/235 Riversdale Rd, 3123",-37.8296969,145.0444646
"Toorak, 15/24 Springfield Av, 3142",-37.8450641,145.0118834
"Melbourne, 15/27 Queens Rd, 3000",-37.8422758,144.9755809
"Heidelberg, 1/52 Banksia St, 3084",-37.758855,145.063431
"St Albans, 1/52 Conrad St, 3021",-37.7336821,144.8038021
"Reservoir, 1/52 Henty St, 3073",-37.7180708,144.9923329
"Braybrook, 1/52 Lily St, 3019",-37.7830368,144.8482722
"Richmond, 1/52 Lyndhurst St, 3121",-37.820533,145.000309
"Melbourne, 15/30 Queens Rd, 3000",-37.8428189,144.975883
"Mount Waverley, 1/532 Waverley Rd, 3149",-37.8867719,145.1446161
"Glen Huntly, 15/34 Royal Av, 3163",-37.8951295,145.041579
"St Albans, 153A Fox St, 3021",-37.7321776,144.7974309
"Reservoir, 153 Cheddar Rd, 3073",-37.6975603,145.0206981
"Footscray, 1/53 Eleanor St, 3011",-37.794149,144.8854215
"Hughesdale, 1/53 Euston Rd, 3166",-37.8946823,145.0854313
"Sunshine, 153 Morris St, 3020",-37.7925906,144.8290698
"Brooklyn, 1/53 Stenhouse Av, 3012",-37.8205435,144.8442245
"Caulfield South, 1/53 Teak St, 3162",-37.892054,145.025704
"Reservoir, 1/54 Cheddar Rd, 3073",-37.7087737,145.0137709
"Wantirna South, 1/54 Fonteyn Dr, 3152",-37.8814085,145.2205552
"Dandenong, 1/54 Jones Rd, 3175",-37.9787211,145.2017945
"Thornbury, 154 Normanby Av, 3071",-37.7578589,144.9868605
"Rosanna, 1/54 St Andrews Av, 3084",-37.7367515,145.0736049
"Sunshine West, 1/54 Whitesides Av, 3020",-37.7851507,144.8020725
"Oak Park, 1/54 Winifred St, 3046",-37.7200786,144.9144584
"Glen Iris, 15/56 Osborne Av, 3146",-37.8525304,145.0486696
"Surrey Hills, 1/557 Whitehorse Rd, 3127",-37.8141879,145.0947662
"Thornbury, 15/58 Clarendon St, 3071",-37.760147,145.0043809
"Rosanna, 155 Bellevue Av, 3084",-37.7317336,145.0654244
"Elwood, 15/5 Dickens St, 3184",-37.8712994,144.9877832
"Glenroy, 1/55 Gowrie St, 3046",-37.699804,144.9454808
"Armadale, 1/55 Kooyong Rd, 3143",-37.8586277,145.019922
"Pascoe Vale, 155 Landells Rd, 3044",-37.7183999,144.9440843
"Aspendale Gardens, 15/5 McIntosh Ct, 3195",-38.02136,145.116628
"Clarinda, 1/55 Viney St, 3169",-37.938664,145.102036
"Malvern, 15/5 Warner St, 3144",-37.8514475,145.0371988
"Brighton, 1/55 Wilson St, 3186",-37.9118978,145.0006528
"Albion, 1/56 Derrimut St, 3020",-37.7800421,144.8162278
"Preston, 1/56 Eton St, 3072",-37.744072,145.0199948
"Port Melbourne, 15/6 Graham St, 3207",-37.8422364,144.9447217
"Eltham, 1/56 John St, 3095",-37.720812,145.151992
"Reservoir, 1/56 Orrong Av, 3073",-37.7125935,145.0131067
"Black Rock, 1/56 Red Bluff St, 3193",-37.9631791,145.0176982
"Balwyn, 156 Whitehorse Rd, 3103",-37.8119834,145.0719321
"Mount Waverley, 1/579 High Street Rd, 3149",-37.8714536,145.1437195
"Collingwood, 15/79 Oxford St, 3066",-37.8042294,144.9845096
"Eaglemont, 1/57 Durham St, 3084",-37.7617973,145.0625666
"Reservoir, 1/57 Keon Pde, 3073",-37.6957059,145.0167578
"Bentleigh East, 1/57 Latham St, 3165",-37.9137887,145.0728174
"Oakleigh East, 1/57 MacRina St, 3166",-37.9027196,145.113721
"Chelsea Heights, 157 Thames Prm, 3196",-38.0464109,145.1321505
"Sydenham, 1/57 Victoria Rd, 3037",-37.6887182,144.7636339
"Greensborough, 1/57 Warwick Rd, 3088",-37.7070483,145.1032293
"Hawthorn East, 15/82 Campbell Rd, 3123",-37.83384,145.0548388
"Epping, 15/83 Rufus St, 3076",-37.649068,145.022588
"Armadale, 15/844 Malvern Rd, 3143",-37.8502676,145.018506
"Malvern East, 15/92 Waverley Rd, 3145",-37.8759705,145.0474121
"Carlton North, 159 Arnold St, 3054",-37.780635,144.9653783
"Reservoir, 1/59 Cheddar Rd, 3073",-37.708812,145.0126814
"Edithvale, 1/59 Langrigg Av, 3196",-38.0327947,145.1131092
"Werribee, 1/59 Market Rd, 3030",-37.895479,144.6586733
"Altona Meadows, 1/59 Tatman Dr, 3028",-37.883083,144.791711
"Bentleigh East, 1/59 Tudor St, 3165",-37.9186198,145.0798986
"Spotswood, 15a Andrews St, 3015",-37.826065,144.874814
"Doveton, 15a Cootamundra St, 3177",-37.9816185,145.2368929
"Kingsbury, 15A Curtain St, 3083",-37.7134543,145.0421336
"Bentleigh, 15a Delhi St, 3204",-37.925582,145.0481077
"Fawkner, 15a Disney St, 3060",-37.6988118,144.9613449
"Bentleigh East, 15a England St, 3165",-37.925204,145.0568202
"Brighton East, 15a Glencairn Av, 3187",-37.9293711,145.0187673
"Malvern East, 15a Hedgeley Av, 3145",-37.8680263,145.0582323
"Mitcham, 15a James Av, 3132",-37.8156988,145.2127355
"Sunshine West, 15a Link Rd, 3020",-37.7970009,144.8074245
"Glen Iris, 1/5 Allenby Av, 3146",-37.8634682,145.0591582
"Aspendale, 15 Amberley Av, 3195",-38.0184862,145.0974016
"Niddrie, 15a Moushall Av, 3042",-37.7402195,144.8909993
"Delahey, 15 Anakie Wk, 3037",-37.7159176,144.7668581
"Noble Park, 15 Arcadia Ct, 3174",-37.9772148,145.1587252
"Northcote, 15a Reid St, 3070",-37.7647105,145.004276
"Ashwood, 1/5 Arilpa Ct, 3147",-37.8727511,145.1020532
"Balwyn, 15A Westminster St, 3103",-37.812883,145.096857
"Heidelberg Heights, 15 Baker Cr, 3081",-37.7455365,145.0520365
"Seddon, 15 Bellairs Av, 3011",-37.8099752,144.8952381
"Bentleigh East, 15b England St, 3165",-37.9252158,145.0569058
"Balaclava, 1/5 Blenheim St, 3183",-37.8664373,144.9945224
"Caulfield South, 15b Raynes St, 3162",-37.8964919,145.018488
"Ashwood, 15b Rocklands Rd, 3147",-37.8638977,145.1117968
"Northcote, 15 Charles St, 3070",-37.7764082,144.9906841
"Oakleigh South, 1/5 Cleek Av, 3167",-37.9106887,145.0879083
"South Yarra, 15 Clowes St, 3141",-37.8310438,144.9874661
"Reservoir, 15 Coleman Cr, 3073",-37.7214993,144.9997203
"Reservoir, 1/5 Crabtree Ct, 3073",-37.7293139,145.0313677
"Oak Park, 15 Curie Av, 3046",-37.716503,144.9250394
"Cheltenham, 1/5 David Ct, 3192",-37.9729384,145.0655506
"Viewbank, 15 Diane Cr, 3084",-37.7426828,145.0891371
"Preston, 15 Donald St, 3072",-37.7338839,145.0222668
"Ashburton, 1/5 Duke St, 3147",-37.8621856,145.07735
"Avondale Heights, 15 Dumas Av, 3034",-37.764514,144.8662836
"Brighton East, 15 Eloura Av, 3187",-37.9124502,145.0220859
"MacLeod, 15 Elvin St, 3085",-37.7183614,145.084401
"Essendon, 1/5 Flower St, 3040",-37.7557052,144.9143771
"Armadale, 15 Gladstone Av, 3143",-37.8630498,145.0231272
"Brighton East, 15 Gleniffer Av, 3187",-37.9308728,145.0305539
"Wheelers Hill, 15 Graduate Cr, 3150",-37.9094553,145.1655592
"Balwyn North, 15 Harrington Av, 3104",-37.793353,145.0949178
"Templestowe, 15 Helmsdale Rt, 3106",-37.7616164,145.1598101
"Ringwood, 15 Hillcrest Av, 3134",-37.8152521,145.2149697
"Parkdale, 15 Keiller Av, 3195",-37.9866408,145.0909534
"Airport West, 15 Kittyhawk Ct, 3042",-37.7264238,144.8671319
"West Footscray, 15 Lae St, 3012",-37.8097731,144.8663539
"Brighton, 15 Lasswade Ct, 3186",-37.9238969,144.9910426
"Maribyrnong, 14 Ribbony Wk, 3032",-37.771947,144.880724
"Cheltenham, 15 Latrobe St, 3192",-37.9735841,145.0565072
"Hadfield, 15 Lawrence St, 3046",-37.7110217,144.9428764
"Camberwell, 15 Laxdale Rd, 3124",-37.84615,145.0863698
"Bentleigh East, 1/5 Lois Ct, 3165",-37.9234834,145.071981
"Kew, 15 Maitland Av, 3101",-37.8027771,145.0604055
"Murrumbeena, 15 Margaretta Av, 3163",-37.9062806,145.0703924
"Broadmeadows, 15 Martell Street, 3047",-37.6845453,144.9209037
"Mitcham, 1/5 McGhee Av, 3132",-37.8189792,145.1969091
"MacLeod, 15 Melrose Av, 3085",-37.7217549,145.0732966
"Bulleen, 15 Millicent Av, 3105",-37.7765819,145.0965776
"Ashwood, 15 Mitchell Av, 3147",-37.8725141,145.1069034
"Greensborough, 1/5 Moodie St, 3088",-37.7151631,145.0978102
"Hughesdale, 15 Moorookyle Av, 3166",-37.9067846,145.0815238
"Bulleen, 15 Moresby Av, 3105",-37.7773784,145.0934081
"Clyde North, 15 Palomino Av, 3978",-38.1080654,145.3260194
"Doncaster, 15 Parkhill Wy, 3108",-37.7729533,145.1307937
"MacLeod, 1/5 Pavey Ct, 3085",-37.720401,145.092308
"Springvale, 15 Phillip Av, 3171",-37.9366678,145.1737958
"Coburg North, 15 Portrait Wy, 3058",-37.7313011,144.9823785
"Rockbank, 15 Quarters St, 3335",-37.7191516,144.6603981
"Burwood, 1/5 Renown St, 3125",-37.8520963,145.1227944
"Kew, 15 Rimington Av, 3101",-37.8069182,145.0587202
"Brighton, 1/5 Rippon Gr, 3186",-37.9266929,144.9914378
"Gisborne, 1/5 Robert Ct, 3437",-37.4945931,144.5994697
"Werribee, 1/5 Sanderling St, 3030",-37.890622,144.6719722
"Black Rock, 1/5 Seaview Cr, 3193",-37.9707314,145.0135581
"Parkdale, 1/5 Sixth St, 3195",-37.9894149,145.0739892
"Northcote, 15 South Cr, 3070",-37.7794861,145.0000402
"Preston, 1/5 Spring St, 3072",-37.736515,144.999169
"Box Hill, 15 Standard Av, 3128",-37.8241555,145.1152357
"Richmond, 1/5 Stillman St, 3121",-37.8214748,145.0087557
"Roxburgh Park, 15 Thompson Cr, 3064",-37.6235421,144.9247308
"Camberwell, 1/5 Through Rd, 3124",-37.8484037,145.0874957
"Wheelers Hill, 15 Tourmaline Cr, 3150",-37.9196073,145.1968115
"Glenroy, 15 Valley Cr, 3046",-37.700408,144.9079629
"Blackburn, 1/5 Vine St, 3130",-37.8186093,145.1491911
"Hampton, 1/5 Walker Av, 3188",-37.9377996,145.0190809
"Maidstone, 1/5 Wattle Rd, 3012",-37.777877,144.884188
"Alphington, 15 Welsh Wy, 3078",-37.7816897,145.0242362
"Fitzroy, 15 Westgarth St, 3065",-37.7942892,144.976467
"Heidelberg Heights, 1/601 Upper Heidelberg Rd, 3081",-37.7470058,145.0578939
"Glen Waverley, 1/602 Highbury Rd, 3150",-37.8611633,145.1607911
"Hughesdale, 1/602 Neerim Rd, 3166",-37.8920715,145.0818617
"Southbank, 1603/8 Dorcas St, 3006",-37.8296955,144.9701755
"Spotswood, 1/606 Melbourne Rd, 3015",-37.8299871,144.8818287
"Doncaster East, 1/60 Morna Rd, 3109",-37.7919844,145.1553855
"Reservoir, 1/60 Orrong Av, 3073",-37.7124685,145.0133371
"Caulfield South, 160 Sycamore St, 3162",-37.8904662,145.0243618
"Ashburton, 1/60 Winton Rd, 3147",-37.8733074,145.0723051
"Doncaster East, 1/60 Worthing Av, 3109",-37.781685,145.1498553
"Melbourne, 1610/83 Queens Rd, 3000",-37.8544158,144.9804421
"Newport, 16/114 Mason St, 3015",-37.841304,144.8741536
"Hampton East, 16/13 Kelly Av, 3188",-37.9331027,145.0274953
"Fitzroy North, 16/140 Queens Pde, 3068",-37.7909965,144.9842618
"Toorak, 16/14 Lansell Rd, 3142",-37.8397952,145.0163721
"Port Melbourne, 16/174 Esplanade East, 3207",-37.843244,144.9429132
"Kew, 16/17 Marshall Av, 3101",-37.8057248,145.0463831
"Brunswick, 16/195 Brunswick Rd, 3056",-37.7773561,144.9643171
"Heidelberg, 1/61 Brown St, 3084",-37.752655,145.068936
"South Yarra, 1/61 Darling St, 3141",-37.8341463,144.9910464
"Glenroy, 1/61 Loongana Av, 3046",-37.7117933,144.903708
"Bentleigh East, 1/61 Marlborough St, 3165",-37.9131924,145.0675502
"Brighton, 1/61 Martin St, 3186",-37.8961228,144.9955359
"Tullamarine, 16/1 Millar Rd, 3043",-37.694215,144.8775605
"Footscray, 16/204 Ballarat Rd, 3011",-37.7907368,144.8889139
"Hawthorn, 16/22 Wattle Rd, 3122",-37.8246987,145.027872
"Melbourne, 162/461 St Kilda Rd, 3000",-37.840736,144.9781421
"Glen Iris, 16/249 Burke Rd, 3146",-37.8557491,145.0517999
"Preston, 16/24 Tyler St, 3072",-37.732813,145.036469
"South Yarra, 16/26 Toorak Rd, 3141",-37.8369823,144.9775571
"South Melbourne, 16/284 Dorcas St, 3205",-37.8337281,144.9565571
"Blackburn North, 1/62 Caroline Cr, 3130",-37.8029687,145.1476736
"Oakleigh, 1/62 Golf Links Av, 3166",-37.9093386,145.0907624
"MacLeod, 1/62 May St, 3085",-37.7256942,145.0731279
"Mentone, 1/62 Milan St, 3194",-37.9825883,145.0608073
"Richmond, 16/2 New St, 3121",-37.813338,144.9925259
"Hampton East, 1/62 Wickham Rd, 3188",-37.9437669,145.0299026
"Melbourne, 16/30 Queens Rd, 3000",-37.8428189,144.975883
"Doncaster East, 16/30 Thomas St, 3109",-37.796418,145.1659225
"Brighton, 1/632 Hampton St, 3186",-37.9281072,145.0044738
"South Yarra, 16/37 Margaret St, 3141",-37.8444618,144.987124
"Thornbury, 16/37 Woolton Av, 3071",-37.7611589,144.9959992
"Ashburton, 163 Ashburn Gr, 3147",-37.8754225,145.0752204
"Kew, 1/63 Cobden St, 3101",-37.8016054,145.0360551
"South Yarra, 1/63 Darling St, 3141",-37.8340264,144.9909241
"Reservoir, 1/63 Kinsale St, 3073",-37.7194744,144.9954305
"Campbellfield, 1/63 Mont Albert Dr, 3061",-37.675119,144.9674135
"Balwyn North, 1/63 Winfield Rd, 3104",-37.7951267,145.1051423
"Toorak, 16/425 Toorak Rd, 3142",-37.8406218,145.0065479
"Maidstone, 16/4 Crefden St, 3012",-37.7775591,144.8723336
"Ringwood East, 1/64 Mt Dandenong Rd, 3135",-37.8096453,145.246905
"Eltham, 1/64 Pitt St, 3095",-37.7208741,145.1448686
"Deer Park, 1/64 Railway Pde, 3023",-37.7761464,144.7683532
"Kew, 1/64 Studley Park Rd, 3101",-37.8065688,145.0200609
"Mordialloc, 1/64 White St, 3195",-37.9996355,145.0935274
"Oakleigh South, 1/650 Warrigal Rd, 3167",-37.9258829,145.0822819
"Richmond, 1/65 Elizabeth St, 3121",-37.8111048,144.9946659
"Prahran, 16/5 Lewisham Rd, 3181",-37.8577838,144.9986376
"Brighton, 165 New St, 3186",-37.915437,144.9917128
"Richmond, 16/5 Stillman St, 3121",-37.8214748,145.0087557
"Glen Iris, 16/69 Carroll Cr, 3146",-37.8522977,145.0502998
"Templestowe, 1/66 Anderson St, 3106",-37.754098,145.1312547
"Rosanna, 166 Bellevue Av, 3084",-37.7312686,145.0663015
"Reservoir, 1/66 Blake St, 3073",-37.7313348,145.0325751
"Black Rock, 1/66 Bluff Rd, 3193",-37.9719242,145.0171884
"Rosanna, 1/66 Grandview Gr, 3084",-37.7394067,145.0623082
"Glenroy, 1/66 Pecham St, 3046",-37.6970603,144.9116547
"Kealba, 166 Sunshine Av, 3021",-37.7386947,144.8234701
"Sunshine West, 1/66 Talintyre Rd, 3020",-37.798683,144.8091076
"Ringwood, 1/66 Warrandyte Rd, 3134",-37.8065131,145.2306598
"Melbourne, 16/73 Queens Rd, 3000",-37.8519877,144.9792093
"Brunswick, 1/67 Blyth St, 3056",-37.7659518,144.9682981
"Brunswick West, 1/67 Everett St, 3055",-37.7533861,144.9416566
"Keilor Downs, 1/67 Lady Nelson Wy, 3038",-37.7127088,144.7955681
"Ringwood, 1/67 Maidstone St, 3134",-37.8302418,145.2250893
"Carlton, 167 Station St, 3053",-37.7934149,144.9744455
"Fitzroy North, 16/81 Alfred Cr, 3068",-37.7881507,144.985702
"Richmond, 16/81 Edinburgh St, 3121",-37.8257611,145.0057387
"Camberwell, 1/688 Inkerman Rd, 3124",-37.8691857,145.0235204
"St Kilda, 1/68 Alma Rd, 3182",-37.8608616,144.989444
"Brooklyn, 1/68 Corrigan Av, 3012",-37.8194853,144.8432781
"South Morang, 16/960 Plenty Rd, 3752",-37.6414265,145.0966807
"Mordialloc, 1/69 Albert St, 3195",-38.0055781,145.0876805
"Airport West, 1/69 Bowes Av, 3042",-37.7287252,144.885036
"Armadale, 1/69 Denbigh Rd, 3143",-37.8554948,145.0159199
"Keilor East, 16a Chandler St, 3033",-37.7484633,144.8656034
"Brighton East, 16a Comer St, 3187",-37.9284123,145.0128702
"Bentleigh East, 16A Denver St, 3165",-37.9335106,145.0596745
"Fawkner, 16a Derby St, 3060",-37.7189322,144.97275
"Kew, 16a Gladstone St, 3101",-37.8024225,145.040787
"Toorak, 16A Glyndebourne Av, 3142",-37.8408438,145.0260689
"Glenroy, 16a Ila St, 3046",-37.7086839,144.93605
"Pascoe Vale, 16a Joffre Rd, 3044",-37.7183449,144.9396919
"Newport, 16a Johnston St, 3015",-37.8407666,144.8751073
"Hampton East, 16a Keith St, 3188",-37.938807,145.0306324
"Strathmore, 16A Lamart St, 3041",-37.7216452,144.9066408
"Elsternwick, 16 Alexandra Av, 3185",-37.8889689,145.0026371
"Maribyrnong, 16 Amarco Cr, 3032",-37.7853159,144.8850226
"Bentleigh, 16a Marquis Rd, 3204",-37.9308213,145.0455066
"Yallambie, 1/6 Aminya Cr, 3085",-37.7286324,145.1024439
"Avondale Heights, 16 Arcade Wy, 3034",-37.7554078,144.852865
"Camberwell, 16 Arlington St, 3124",-37.8373828,145.0604087
"Brunswick East, 16a Ryan St, 3057",-37.7670337,144.9813514
"Heidelberg Heights, 16a Shelley St, 3081",-37.7422766,145.0512327
"Sunshine West, 16A Sunrise Dr, 3020",-37.7994515,144.807201
"Preston, 16a Tasman St, 3072",-37.7419461,144.9863847
"Balwyn North, 16b Alpha St, 3104",-37.7991878,145.0922369
"Bentleigh East, 16b Denver St, 3165",-37.9335411,145.0597615
"Balwyn, 16 Belgrove Av, 3103",-37.8052839,145.0843573
"Mernda, 16 Bellini Wy, 3754",-37.6105727,145.0918374
"Bentleigh East, 16b Kenjulie Dr, 3165",-37.9303303,145.0645428
"Bentleigh, 16b Marquis Rd, 3204",-37.9308378,145.0455924
"Abbotsford, 16b Mollison St, 3067",-37.8070197,144.9958727
"Yallambie, 1/6 Borlase St, 3085",-37.7333231,145.0804285
"Hampton East, 16 Burt Cr, 3188",-37.9419373,145.0285515
"Fawkner, 16b Victory St, 3060",-37.7058415,144.9739434
"Toorak, 16 Chastleton Av, 3142",-37.8350939,145.0141916
"McKinnon, 1/6 Claire St, 3204",-37.9120618,145.0402438
"Keilor East, 1/6 Cohen St, 3033",-37.7457898,144.8642841
"Brooklyn, 1/6 Corrigan Av, 3012",-37.8179839,144.8486435
"Reservoir, 1/6 Corvey Rd, 3073",-37.7080471,145.0125653
"Ashburton, 1/6 Crete Av, 3147",-37.8699155,145.0863061
"Camberwell, 1/6 Davis Av, 3124",-37.8432922,145.0556386
"South Yarra, 16 Davis Av, 3141",-37.8413965,144.9904197
"Ashburton, 16 Dunscombe Av, 3147",-37.8623196,145.0916928
"Oakleigh South, 16 Ellesmere St, 3167",-37.9349495,145.0846729
"Newport, 16 Elphin St, 3015",-37.8425877,144.8908085
"Doncaster, 16 Fairway Rd, 3108",-37.7832505,145.1109706
"Malvern East, 1/6 Ferncroft Av, 3145",-37.866724,145.0572808
"Aspendale, 16 Foam St, 3195",-38.0166634,145.1001987
"Frankston, 1/6 Frawley St, 3199",-38.1477814,145.1465049
"Boronia, 1/6 Freedman Av, 3155",-37.851345,145.2821735
"Edithvale, 16 French Av, 3196",-38.0389378,145.1131536
"Brighton East, 16 Glencairn Av, 3187",-37.9295067,145.0193826
"Airport West, 16 Glenys Av, 3042",-37.7227997,144.8755931
"Toorak, 16 Glyndebourne Av, 3142",-37.840899,145.0262093
"Mitcham, 1/6 Grace Ct, 3132",-37.8240346,145.1864937
"Werribee, 16 Grant Av, 3030",-37.8961726,144.6445134
"Keilor East, 16 Heatherlea Cr, 3033",-37.7480568,144.8511775
"Glen Iris, 1/6 Hope St, 3146",-37.8630489,145.0483253
"Hoppers Crossing, 16 Hunter Av, 3029",-37.8693371,144.6891138
"Roxburgh Park, 16 Hunter Av, 3064",-37.6367495,144.9158309
"Burwood, 16 Inverness Av, 3125",-37.8452562,145.1189848
"Brunswick West, 1/6 Irvine Cr, 3055",-37.7545371,144.9491361
"MacLeod, 16 Jacka St, 3085",-37.728212,145.0661282
"Ashwood, 16 Jingella Av, 3147",-37.8713256,145.0987946
"Noble Park, 1/6 Kirk St, 3174",-37.9696684,145.1763693
"Prahran, 16 Lalbert Cr, 3181",-37.8564572,145.0099397
"Balwyn North, 16 Landen Av, 3104",-37.7998587,145.1021978
"Hillside, 16 Langmore Dr, 3037",-37.6823119,144.7489156
"Epping, 16 Lapis Ch, 3076",-37.6292778,145.0071645
"Yallambie, 16 Lapstone Cr, 3085",-37.7270373,145.0968905
"Moonee Ponds, 16 Latrobe St, 3039",-37.7700966,144.9119873
"Avondale Heights, 16 Laura Gr, 3034",-37.7711229,144.8641889
"Moonee Ponds, 16 Laura St, 3039",-37.7675859,144.9164962
"Sunshine West, 16 Lauren La, 3020",-37.7912018,144.7900746
"Ringwood, 16 Leonard St, 3134",-37.8054058,145.2410832
"Yallambie, 16 Lowan Av, 3085",-37.7205772,145.1080789
"Brighton, 16 Oakwood Av, 3186",-37.903514,145.0059063
"Bayswater, 16 Orange Gr, 3153",-37.8476536,145.2651582
"Croydon North, 16 Palmer Av, 3136",-37.7737917,145.2840918
"Carnegie, 1/6 Parton Ct, 3163",-37.8910697,145.0463179
"Doveton, 1/6 Peach Ct, 3177",-37.9848324,145.2350673
"Kew, 1/6 Ridgeway Av, 3101",-37.8066526,145.03921
"Carnegie, 1/6 Rigby Av, 3163",-37.9007486,145.0538739
"Balwyn, 1/6 Ruby St, 3103",-37.8046146,145.0764072
"Fitzroy North, 16 Rushall Cr, 3068",-37.7859632,144.9924875
"Brunswick, 16 Second Av, 3056",-37.7560012,144.956817
"Blackburn, 1/6 Sergeant St, 3130",-37.8197072,145.1423241
"Broadmeadows, 16 Stanhope St, 3047",-37.6857179,144.9340347
"Essendon, 1/6 Sturt St, 3040",-37.7479297,144.9136866
"Kew, 16 Swinton Av, 3101",-37.8098524,145.0174399
"Highett, 1/6 Thistle Gr, 3190",-37.9505916,145.0429286
"Forest Hill, 16 Tisane Av, 3131",-37.8487442,145.1657862
"Glenroy, 16 Valley Cr, 3046",-37.6998679,144.9079691
"Croydon, 1/6 Victory St, 3136",-37.782156,145.2879475
"Glen Iris, 16 Wallis Av, 3146",-37.8536779,145.0696676
"Werribee, 16 Wattamolla Av, 3030",-37.8950068,144.6496723
"Balwyn, 1/6 Westminster St, 3103",-37.8137396,145.0971701
"Parkville, 16 William St, 3052",-37.7761771,144.9399982
"Bayswater, 16 Wiltshire Av, 3153",-37.8505194,145.2640573
"Reservoir, 16 Wimmera Av, 3073",-37.7240862,145.0206061
"Kew East, 1/6 Windella Av, 3102",-37.798645,145.049887
"Southbank, 1700/63 Whiteman St, 3006",-37.8259623,144.9569471
"Melbourne, 1701/568 St Kilda Rd, 3000",-37.8471627,144.978741
"Melbourne, 1701/594 St Kilda Rd, 3000",-37.8496047,144.9799085
"Melbourne, 1702/572 St Kilda Rd, 3000",-37.8475988,144.9792431
"Melbourne, 1707/8 Franklin St, 3000",-37.8074717,144.9621267
"Wyndham Vale, 1/70 Feathertop Dr, 3024",-37.8908944,144.6172072
"Templestowe Lower, 1/70 MacEdon Rd, 3107",-37.7696282,145.1134915
"Altona North, 1/70 Misten Av, 3025",-37.825693,144.841116
"Thornbury, 170 Normanby Av, 3071",-37.757726,144.9856878
"Reservoir, 1/70 Orrong Av, 3073",-37.7120323,145.0141301
"Montmorency, 1/70 Sackville St, 3094",-37.7285963,145.1311694
"Port Melbourne, 17/105 Beach St, 3207",-37.8405348,144.9319117
"East Melbourne, 17/129 Grey St, 3002",-37.8119887,144.9849585
"Port Melbourne, 17/174 Esplanade Pl, 3207",-37.8358266,144.9473664
"Brighton, 17/17 Cochrane St, 3186",-37.9038446,144.9979541
"Melbourne, 17/17 Queens Rd, 3000",-37.8397596,144.9747529
"Kensington, 17/18 Mawbey St, 3031",-37.7898002,144.9232754
"Hillside, 1/71 Allenby Rd, 3037",-37.7031541,144.7480976
"Croydon, 1/71 Kent Av, 3136",-37.7892545,145.2764096
"St Kilda, 17/1 St Kilda Rd, 3182",-37.8572777,144.9824919
"St Kilda, 17/1 The Esplanade, 3182",-37.8629367,144.9728804
"Camberwell, 1/71 Through Rd, 3124",-37.8430392,145.0895724
"Fairfield, 17/262 Heidelberg Rd, 3078",-37.7845154,145.0104828
"South Yarra, 17/26 Toorak Rd, 3141",-37.8369823,144.9775571
"Hawthorn, 17/28 Wattle Rd, 3122",-37.82477,145.028249
"Eltham, 1/72 Bible St, 3095",-37.7184245,145.1517042
"Ashwood, 1/72 Power Av, 3147",-37.8732675,145.0992052
"Brighton, 17/30 Willansby Av, 3186",-37.9072824,145.0038768
"North Melbourne, 17/315 Flemington Rd, 3051",-37.791607,144.9443057
"Bentleigh East, 1/731 South Rd, 3165",-37.9365297,145.064288
"Melbourne, 173/416 St Kilda Rd, 3000",-37.8355073,144.9746861
"Brunswick East, 17/374 Lygon St, 3057",-37.7672291,144.9727344
"Reservoir, 173 Broadhurst Av, 3073",-37.7072204,144.9880917
"Dandenong, 1/73 Clow St, 3175",-37.9855783,145.2220653
"Chelsea, 1/73 Embankment Gr, 3196",-38.0462819,145.1227088
"Yarraville, 17/40 Murray St, 3013",-37.8154121,144.8896418
"Melbourne, 17/458 St Kilda Rd, 3000",-37.8399381,144.9763871
"Bentleigh, 1/74 Bendigo Av, 3204",-37.9191648,145.0374633
"Glenroy, 1/74 Melbourne Av, 3046",-37.7039023,144.9312034
"Heidelberg Heights, 1/74 Porter Rd, 3081",-37.7388855,145.0578875
"Brunswick West, 17/558 Moreland Rd, 3055",-37.7520153,144.9337472
"Bentleigh East, 1/755 Warrigal Rd, 3165",-37.9134337,145.0843173
"Blackburn, 1/75 Blackburn Rd, 3130",-37.8265966,145.1528209
"Rosanna, 1/75 Ellesmere Pde, 3084",-37.7367599,145.0649119
"Hawthorn East, 17/5 Grandview Gr, 3123",-37.8219578,145.0566749
"Glenroy, 1/75 Morley St, 3046",-37.6956223,144.9377424
"Reservoir, 1/75 North Rd, 3073",-37.7233521,145.0189216
"Thornbury, 175 Riley St, 3071",-37.7571358,145.02095
"Toorak, 1/761 Malvern Rd, 3142",-37.849718,145.016825
"South Yarra, 17/63 Alexandra Av, 3141",-37.8322438,144.9892193
"Clayton, 1/76 Browns Rd, 3168",-37.924925,145.12648
"Brunswick, 17/6 Garnet St, 3056",-37.7578815,144.9533343
"Craigieburn, 1/76 Gillingham Cr, 3064",-37.603966,144.929373
"Heidelberg, 17/74 Darebin St, 3084",-37.7534732,145.0618492
"Collingwood, 17/78 Oxford St, 3066",-37.8036921,144.9850179
"Doncaster, 17/790 Elgar Rd, 3108",-37.7902694,145.1230666
"Burnley, 17/7 Adam St, 3121",-37.8285008,145.008182
"Doncaster, 1/77 Ayr St, 3108",-37.7803087,145.1037142
"MacLeod, 1/77 Greensborough Rd, 3085",-37.7301608,145.0791719
"Altona North, 1/77 Hansen St, 3025",-37.834316,144.8652694
"Brighton, 178A Were St, 3186",-37.9262778,145.0050677
"Brookfield, 178 Brooklyn Rd, 3338",-37.7006763,144.5579267
"Brunswick West, 1/78 Melville Rd, 3055",-37.7625041,144.9444003
"Kew, 178 Peel St, 3101",-37.7935803,145.0353362
"Reservoir, 1/78 Purinuan Rd, 3073",-37.7083706,145.023988
"Carlton, 179 Drummond St, 3053",-37.802113,144.9678915
"Maidstone, 1/79 Mitchell St, 3012",-37.7829715,144.8824791
"Northcote, 1/79 Thomson St, 3070",-37.7803528,145.0120069
"Preston, 17a Kendall St, 3072",-37.7469125,144.9861182
"Hampton East, 17a Leith Cr, 3188",-37.9417385,145.0288346
"Glen Iris, 17 Allaville Av, 3146",-37.8498962,145.0473001
"Ivanhoe, 1/7 Ambrose St, 3079",-37.7625259,145.0311681
"Springvale South, 17 Amersham Av, 3172",-37.9638308,145.1478532
"Templestowe Lower, 17 Andromeda Wy, 3107",-37.7750744,145.1240309
"Doncaster, 17 Arnold Gr, 3108",-37.7860217,145.1183552
"Bentleigh East, 17a Santaram St, 3165",-37.9134608,145.0821963
"Coburg North, 17a Shorts Rd, 3058",-37.7238714,144.9605043
"Ascot Vale, 17 Aspect Av, 3032",-37.7760516,144.9055968
"Burwood, 17a Spence St, 3125",-37.8531609,145.1083251
"Bentleigh East, 17a Thana St, 3165",-37.9134768,145.0832359
"Pascoe Vale, 1/7 Avoca Cr, 3044",-37.7327803,144.9259006
"Yarraville, 17 Banool Av, 3013",-37.8226038,144.8894218
"Hampton, 17 Bayside Cr, 3188",-37.9438786,145.0070547
"Mill Park, 17B Buick Cr, 3082",-37.6540653,145.067747
"Bentleigh, 17b Delhi St, 3204",-37.9256153,145.0483723
"Surrey Hills, 1/7 Beatrice Av, 3127",-37.8252014,145.1005442
"Craigieburn, 17 Birdswood Cr, 3064",-37.5822965,144.9096919
"Maribyrnong, 17 Bloomfield Av, 3032",-37.7703321,144.8906265
"Hampton, 17 Bolton Av, 3188",-37.9308985,144.996684
"Pascoe Vale, 17B Pardy St, 3044",-37.7334531,144.9357797
"Camberwell, 17 Bringa Av, 3124",-37.8357411,145.075
"Avondale Heights, 17 Cannes Av, 3034",-37.7567931,144.869555
"Hughesdale, 1/7 Carlisle Cr, 3166",-37.898024,145.077664
"Sunshine West, 17 Champa Rd, 3020",-37.7943658,144.7936939
"Altona North, 17 Cherry Av, 3025",-37.8338484,144.845339
"Malvern, 17 Chesterfield Av, 3144",-37.8448477,145.0336187
"Surrey Hills, 17 Chester St, 3127",-37.8333787,145.1010402
"Maidstone, 17 Churchill Av, 3012",-37.7844531,144.8685902
"Glen Iris, 17 Cole Av, 3146",-37.8567007,145.0634921
"Rosanna, 17 Crampton Cr, 3084",-37.734291,145.0691668
"Avondale Heights, 17 Cresswold Av, 3034",-37.7641354,144.863657
"Balwyn North, 17 Cumberland Av, 3104",-37.8002232,145.1023287
"Sunshine West, 17 Dalton St, 3020",-37.7967997,144.8163052
"Camberwell, 17 Davis Av, 3124",-37.8431468,145.0567779
"Footscray, 17 Dawson Av, 3011",-37.7924259,144.8953241
"Hampton, 1/7 Deakin St N, 3188",-37.9394185,145.0045507
"Preston, 17 Donald St, 3072",-37.7338132,145.0222803
"Bentleigh East, 17 Dromana Av, 3165",-37.9096299,145.0671535
"Brunswick, 17 Dunstan Av, 3056",-37.7607871,144.9728462
"Rosanna, 1/7 Ellesmere Pde, 3084",-37.7420001,145.065413
"Northcote, 17 Ellesmere St, 3070",-37.7737689,145.0069601
"Reservoir, 1/7 Elsey Rd, 3073",-37.7054219,145.0140793
"Hampton East, 17 Exley Rd, 3188",-37.9382261,145.0359101
"Templestowe Lower, 17 Fairbank Cr, 3107",-37.7643884,145.1213063
"Camberwell, 17 Fairfield Av, 3124",-37.8412183,145.0575029
"Templestowe Lower, 17 Gidgee Av, 3107",-37.7691219,145.1165643
"Coburg North, 17 Glyndon Av, 3058",-37.722144,144.9589779
"Preston, 17 Goldsmith Av, 3072",-37.733649,145.011941
"Mill Park, 17 Grevillia Dr, 3082",-37.6752141,145.0722304
"Bentleigh, 1/7 Harding St, 3204",-37.9286706,145.0320494
"Canterbury, 17 Hassett Av, 3126",-37.8317675,145.0785732
"Cheltenham, 1/7 Heather Gr, 3192",-37.961605,145.049645
"Balwyn North, 17 Helston St, 3104",-37.7858511,145.0936004
"Mount Waverley, 17 Hillview Av, 3149",-37.8759962,145.1110943
"Ivanhoe, 1/7 Ivanhoe Pde, 3079",-37.7683203,145.0448251
"Whittlesea, 1/7 James St, 3757",-37.5131755,145.1162916
"Epping, 17 Knoll Wk, 3076",-37.6333139,145.0354078
"Reservoir, 1/7 Kyneton Av, 3073",-37.7177458,145.0253739
"Brighton, 1/7 Laburnum St, 3186",-37.918818,145.004636
"Avondale Heights, 17 Lacy St, 3034",-37.7708052,144.8619634
"Brunswick East, 17 Lanark St, 3057",-37.7577111,144.9770695
"Greenvale, 17 Lancaster Ct, 3059",-37.6403076,144.8889212
"Fairfield, 17 Langridge St, 3078",-37.7783011,145.0225553
"Noble Park, 17 Larbert Rd, 3174",-37.9581812,145.1753897
"Thomastown, 17 Larch St, 3074",-37.6768874,145.0217039
"Prahran, 17 Larnook St, 3181",-37.8570097,145.0087191
"Heidelberg Heights, 17 Lawson Pde, 3081",-37.7419951,145.0535367
"Mount Waverley, 1/7 Lesay Ct, 3149",-37.8909329,145.1165015
"Craigieburn, 17 Leveque Lp, 3064",-37.6002826,144.9108003
"Coburg North, 17 Lorensen Av, 3058",-37.7221036,144.9603569
"Tarneit, 17 Mallina Gln, 3029",-37.8435885,144.6768162
"Richmond, 1/7 Manton St, 3121",-37.8235966,145.0085757
"Balwyn North, 17 Maylands Av, 3104",-37.7978873,145.0658647
"Malvern, 17 McKinley Av, 3144",-37.8651211,145.0313254
"Coburg North, 17 Mehegan Av, 3058",-37.7341769,144.981322
"Sydenham, 1/7 Montrose Ct, 3037",-37.6922694,144.7583376
"Reservoir, 17 Nicholson Av, 3073",-37.7222992,145.0270536
"Hawthorn East, 17 Oberon Av, 3123",-37.8241457,145.0542605
"Reservoir, 17 Orchid Av, 3073",-37.6938058,144.9854081
"Reservoir, 1/7 Oulton Cr, 3073",-37.7272412,145.0284537
"MacLeod, 17 Pavey Ct, 3085",-37.7195176,145.0925119
"Bentleigh, 17 Phillip St, 3204",-37.923762,145.0342731
"Mickleham, 17 Primavera Dr, 3064",-37.5674481,144.8923076
"Armadale, 1/7 Railway Av, 3143",-37.8648928,145.0264689
"Bentleigh, 1/7 Railway Cr, 3204",-37.9303412,145.0372521
"Clifton Hill, 17 Reillys Wy, 3068",-37.7949733,144.9997792
"St Kilda, 1/7 Robertson Av, 3182",-37.8573468,144.9858659
"Wollert, 17 Rockgarden Wy, 3750",-37.6112048,145.0428645
"Glen Huntly, 17 Royal Av, 3163",-37.89152,145.0423414
"Malvern, 17 Shaftesbury Av, 3144",-37.8540425,145.0382237
"Footscray, 17 Souter Cr, 3011",-37.7992363,144.8838522
"Malvern, 17 Spring Rd, 3144",-37.854438,145.0342654
"Altona North, 1/7 Stapley Cr, 3025",-37.8354644,144.8641764
"Sunshine, 1/7 Station Pl, 3020",-37.7905691,144.8354822
"Burwood, 1/7 Station St, 3125",-37.8553783,145.118827
"Ivanhoe East, 17 Streeton Cr, 3079",-37.7722488,145.0663749
"MacLeod, 17 Sugarloaf Dr, 3085",-37.7160685,145.0649505
"Pascoe Vale, 1/7 Sylvan Gr, 3044",-37.7307132,144.9409085
"Mill Park, 17 Tennyson Cct, 3082",-37.6595683,145.0873522
"Preston, 17 Townhall Av, 3072",-37.740248,145.008467
"Werribee, 1/7 Walwa Pl, 3030",-37.9120311,144.6717824
"Ashburton, 17 Warner Av, 3147",-37.8663322,145.0861012
"Surrey Hills, 1/7 Warwick Ct, 3127",-37.8288382,145.0984993
"Bulleen, 17 White Wy, 3105",-37.7722669,145.0889683
"Kew, 17 Wimba Av, 3101",-37.8067769,145.0505246
"Bentleigh, 17 Windsor Av, 3204",-37.9155912,145.0479453
"Oakleigh South, 17 Windsor Av, 3167",-37.9128413,145.0983202
"Melbourne, 1801/469 St Kilda Rd, 3000",-37.8413978,144.9781044
"Melbourne, 1807/31 Abeckett St, 3000",-37.8089213,144.9625669
"Edithvale, 1/80 Keith Av, 3196",-38.0342158,145.1160962
"Coburg, 1/80 Ross St, 3058",-37.7346917,144.9646989
"Glenroy, 1/80 Tarana Av, 3046",-37.7089275,144.9063998
"St Kilda, 18/11 Redan St, 3182",-37.8599519,144.989046
"South Yarra, 18/12 Copelen St, 3141",-37.8353814,144.9990641
"Mitcham, 18/12 Irvine St, 3132",-37.8215085,145.212225
"Collingwood, 18/15 Oxford St, 3066",-37.8075204,144.9839444
"Glen Iris, 18/1737 Malvern Rd, 3146",-37.8597062,145.057065
"Melbourne, 18/17 Queens Rd, 3000",-37.8397596,144.9747529
"Fitzroy North, 1/81 Alfred Cr, 3068",-37.7881507,144.985702
"Coburg North, 181 Elizabeth St, 3058",-37.7282724,144.9838784
"Blackburn North, 1/81 Koonung Rd, 3130",-37.8073637,145.1528062
"Mount Waverley, 1/81 Larch Cr, 3149",-37.8704962,145.1477651
"New Gisborne, 181 Station Rd, 3438",-37.4677665,144.5947496
"Brunswick, 1/81 Stewart St, 3056",-37.76396,144.969068
"Reservoir, 1/81 St Vigeons Rd, 3073",-37.7064404,145.0222928
"Footscray, 18/20 Hewitt Av, 3011",-37.7989568,144.8823068
"Albion, 18/20 Talmage St, 3020",-37.7795113,144.8251821
"Armadale, 18/25 Kooyong Rd, 3143",-37.8605382,145.0196318
"Brunswick, 1/825 Park St, 3056",-37.7768618,144.9523061
"South Yarra, 18/27 Avoca St, 3141",-37.8373287,144.989231
"St Albans, 1/82 Biggs St, 3021",-37.73807,144.8130943
"Kew, 1/82 Cobden St, 3101",-37.8009159,145.0365023
"Brighton East, 1/82 Hodder St, 3187",-37.902632,145.0235558
"Brunswick West, 1/82 Hopetoun Av, 3055",-37.751999,144.9336131
"Reservoir, 1/82 Leamington St, 3073",-37.7122173,145.0010296
"Mount Waverley, 1/82 Stephensons Rd, 3149",-37.8653934,145.1312063
"Bentleigh East, 1/82 Wingate St, 3165",-37.9362592,145.0667897
"Prahran, 18/300 High St, 3181",-37.8526062,144.9976936
"Reservoir, 1/830 High St, 3073",-37.723765,145.006722
"Glenroy, 1/83 Daley St, 3046",-37.6975881,144.9311834
"South Kingsville, 1/83 Greene St, 3015",-37.8329231,144.8704889
"Mount Waverley, 183 Lawrence Rd, 3149",-37.8695922,145.1420952
"Glenroy, 1/83 Maude Av, 3046",-37.6995939,144.9358411
"South Morang, 18/3 Old Plenty Rd, 3752",-37.6457502,145.0923614
"Melbourne, 184/461 St Kilda Rd, 3000",-37.840736,144.9781421
"Ringwood East, 1/84 Dublin Rd, 3135",-37.8174611,145.247279
"St Albans, 1/84 Leonard Av, 3021",-37.7394093,144.8135586
"Ivanhoe, 1/84 Locksley Rd, 3079",-37.7680253,145.0497333
"Essendon, 1/84 Market St, 3040",-37.7424653,144.8967189
"Parkdale, 1/84 Warrigal Rd, 3195",-37.9857742,145.0709158
"Melbourne, 18/539 St Kilda Rd, 3000",-37.8456044,144.9794914
"Hawthorn, 18/563 Glenferrie Rd, 3122",-37.8269529,145.034289
"Brighton, 1/858 Hampton St, 3186",-37.911092,145.007676
"Elwood, 1/86 Dickens St, 3184",-37.8750243,144.9772565
"Northcote, 18/70 Gadd St, 3070",-37.7620926,144.9895661
"Heidelberg, 18/74 Darebin St, 3084",-37.7534732,145.0618492
"Malvern East, 1876 Malvern Rd, 3145",-37.8710635,145.0617522
"Richmond, 187A Burnley St, 3121",-37.8200909,145.0083924
"Glen Waverley, 1/88 Bogong Av, 3150",-37.8851605,145.1560658
"Rosanna, 1/88 Grandview Gr, 3084",-37.7380272,145.0625399
"Mount Waverley, 188 Lawrence Rd, 3149",-37.8702785,145.1427197
"Mordialloc, 1/89 Albert St, 3195",-38.0069284,145.0887867
"Thornbury, 189A Miller St, 3071",-37.750928,144.9852468
"Braybrook, 1/89 Hargreaves Cr, 3019",-37.7851164,144.8535006
"Caulfield North, 18/9 Hudson St, 3161",-37.879707,145.0332953
"Carrum, 1/89 McLeod Rd, 3197",-38.0724592,145.1328599
"Richmond, 18/9 Tennyson St, 3121",-37.8239847,144.9918238
"Ashburton, 18 Alamein Av, 3147",-37.8687588,145.0828019
"Coburg North, 18 Alexander Av, 3058",-37.7310196,144.9687772
"Abbotsford, 18a Mollison St, 3067",-37.8069817,144.9960902
"Point Cook, 1/8 Ancona Ct, 3030",-37.8887022,144.7388424
"Glenroy, 1/8 Apsley St, 3046",-37.7078525,144.9273542
"Melton West, 18 Arjun Av, 3337",-37.6698908,144.545617
"Seaford, 18 Bainbridge Av, 3198",-38.1279694,145.1314599
"Reservoir, 1/8 Barton St, 3073",-37.7115756,145.0051682
"Carnegie, 1/8 Beena Av, 3163",-37.8887485,145.0630626
"Maidstone, 1/8 Bernard St, 3012",-37.787853,144.8648042
"South Morang, 18 Bracken Wy, 3752",-37.6290883,145.0895959
"Doncaster, 18 Buckingham Cr, 3108",-37.7799698,145.1085979
"Hughesdale, 1/8 Calembeena Av, 3166",-37.9061222,145.0808514
"Kew East, 18 Cole Av, 3102",-37.7951815,145.0432473
"Altona North, 1/8 Conway Ct, 3025",-37.8296763,144.847324
"MacLeod, 18 Cooley Av, 3085",-37.7207805,145.0805482
"Coburg, 18 Craigrossie Av, 3058",-37.7513921,144.9564729
"Bentleigh East, 1/8 Deborah Av, 3165",-37.9229425,145.0600957
"Braybrook, 1/8 Dedrick Gr, 3019",-37.7839947,144.8472274
"Bentleigh East, 18 Dega Av, 3165",-37.9304132,145.0535286
"Epping, 18 Dryandra Av, 3076",-37.6477129,145.0429424
"Kew, 18 Finhaven Ct, 3101",-37.8095979,145.0161967
"Altona North, 1/8 Fourth Av, 3025",-37.8415928,144.850814
"Glen Iris, 18 Fuller Av, 3146",-37.8637104,145.0679159
"Bulleen, 18 Gisborne St, 3105",-37.7630007,145.0981778
"Camberwell, 18 Halley Av, 3124",-37.8467487,145.0709453
"Braybrook, 18 Hancock Cr, 3019",-37.7823161,144.8586434
"Greensborough, 1/8 Hart Av, 3088",-37.7090994,145.1060411
"Bundoora, 18 Janet Cr, 3083",-37.6890523,145.0632044
"Croydon Hills, 18 Lakeside Cr, 3136",-37.7710606,145.2640849
"Deer Park, 18 Laming Rd, 3023",-37.7583835,144.7720123
"Brunswick, 18 Lanark St, 3056",-37.7576559,144.9766512
"Avondale Heights, 18 Langham St, 3034",-37.7705831,144.8577805
"Moonee Ponds, 18 Laura St, 3039",-37.7674704,144.9164765
"Heidelberg Heights, 1/8 Lawson Pde, 3081",-37.743603,145.053954
"Essendon, 18 Lawson St, 3040",-37.7589629,144.9323631
"Balwyn, 18 Linckens Cr, 3103",-37.8080775,145.0860596
"Brunswick East, 18 Lord St, 3057",-37.7713336,144.9746597
"Reservoir, 18 Lucille Av, 3073",-37.7000512,145.022474
"Heidelberg Heights, 1/8 Mary Av, 3081",-37.7477865,145.0504346
"Oakleigh South, 18 Mimosa Av, 3167",-37.9127561,145.0977301
"Hoppers Crossing, 18 Moffatt Cr, 3029",-37.8774043,144.6983814
"Spotswood, 1/8 Morwick St, 3015",-37.8333543,144.886229
"Maribyrnong, 1/8 Newstead St, 3032",-37.7685228,144.8969829
"Frankston, 1/8 Nott Av, 3199",-38.148931,145.1289445
"Greensborough, 1/8 Paterson Cr, 3088",-37.709924,145.109979
"Glenroy, 18 Pengana Av, 3046",-37.7092716,144.9069017
"Kensington, 18 Peppercorn Wk, 3031",-37.7921491,144.9225176
"Donvale, 18 Pine Rdg, 3111",-37.7905232,145.1780534
"Oak Park, 18 Plumpton Av, 3046",-37.7137231,144.9239181
"Pascoe Vale, 1/8 Quick St, 3044",-37.7215929,144.9306255
"Sunshine West, 18 Rautman Cr, 3020",-37.8028457,144.8277932
"Richmond, 18 Reeves Cr, 3121",-37.8210925,145.0039977
"Doncaster, 1/8 Ruda St, 3108",-37.7903681,145.1084785
"Balwyn North, 1/8 Severn St, 3104",-37.7936696,145.0700585
"Hoppers Crossing, 18 Smeaton Av, 3029",-37.8740087,144.6926657
"Oak Park, 18 Summit Av, 3046",-37.7150882,144.913693
"Eltham, 1/8 Taylor St, 3095",-37.7170611,145.1486346
"Watsonia, 1/8 Tennyson St, 3087",-37.7080947,145.0818536
"Heidelberg West, 18 Tobruk Av, 3081",-37.7477893,145.0431778
"Bayswater, 1/8 Tracey St, 3153",-37.8531829,145.2587625
"Glenroy, 1/8 View St, 3046",-37.6970055,144.9364498
"South Morang, 18 Warbler Wk, 3752",-37.6580433,145.0928682
"Burnside Heights, 18 Wilkins Cr, 3023",-37.7310616,144.7541303
"Viewbank, 18 Willa Av, 3084",-37.7326836,145.0849283
"Burwood East, 18 Worthing Av, 3151",-37.857184,145.1543814
"Preston, 18 Youngman St, 3072",-37.7349252,145.0062467
"South Melbourne, 1903/50 Albert Rd, 3205",-37.8340507,144.9713202
"Docklands, 1905/1 Point Park Cr, 3008",-37.8236836,144.9413555
"Kew, 1/908 Glenferrie Rd, 3101",-37.8089438,145.0381259
"Southbank, 1909/80 Clarendon St, 3006",-37.8270709,144.9575697
"Reservoir, 1/90 Pine St, 3073",-37.716409,144.998698
"Southbank, 191/173 City Rd, 3006",-37.8243207,144.9622332
"Melbourne, 1913/228 Abeckett St, 3000",-37.8101911,144.9566043
"Melbourne, 1915/250 Elizabeth St, 3000",-37.8126809,144.9629047
"Port Melbourne, 19/174 Esplanade Pl, 3207",-37.8358266,144.9473664
"Clifton Hill, 19/184 Noone St, 3068",-37.7940311,144.9989546
"Reservoir, 1/91 Darebin Bvd, 3073",-37.7040188,145.0300734
"Reservoir, 1/91 Thackeray Rd, 3073",-37.7209711,145.0077136
"West Footscray, 19/22 Blandford St, 3012",-37.7947257,144.8771948
"Templestowe Lower, 19/246 High St, 3107",-37.7702196,145.1174755
"Westmeadows, 192A Johnstone St, 3049",-37.6796154,144.8991393
"Richmond, 19/2 New St, 3121",-37.813338,144.9925259
"Ormond, 19/30 Lillimur Rd, 3204",-37.9014207,145.0418536
"Melbourne, 19/30 Queens Rd, 3000",-37.8428189,144.975883
"Bentleigh East, 1/932 Centre Rd, 3165",-37.9240448,145.0812467
"viewbank, 1/95 lyon Rd, 3084",-37.7332334,145.0876836
"Flemington, 19/60 Farnham St, 3031",-37.7825628,144.9310679
"Northcote, 1/96 Jenkins St, 3070",-37.7658869,145.0131171
"Mentone, 1/96 Latrobe St, 3194",-37.9748345,145.0640081
"Surrey Hills, 1/970 Riversdale Rd, 3127",-37.836044,145.0973182
"South Morang, 19/74 Thomas St, 3752",-37.652375,145.092575
"North Melbourne, 19/76 Haines St, 3051",-37.798119,144.9453308
"Keilor East, 1/97 Arcade Wy, 3033",-37.7484894,144.8534415
"Dandenong, 1/97 Hammond Rd, 3175",-38.0000321,145.2087448
"Glenroy, 1/97 Plumpton Av, 3046",-37.7064117,144.9210249
"Maribyrnong, 1/97 Raleigh Rd, 3032",-37.7690372,144.8911548
"Coburg North, 1/97 Shorts Rd, 3058",-37.7231352,144.9529199
"South Yarra, 19/85 Alexandra Av, 3141",-37.8351382,144.9968974
"Viewbank, 19/86 Graham Rd, 3084",-37.7400208,145.0812442
"Fitzroy North, 19/86 Queens Pde, 3068",-37.7917561,144.9823992
"Bentleigh East, 1/987 Centre Rd, 3165",-37.923344,145.078083
"Thornbury, 1/98 Normanby Av, 3071",-37.7583875,144.991073
"Northcote, 199 Clarke St, 3070",-37.7765539,144.998556
"Prahran, 1/99 York St, 3181",-37.8488897,144.9983044
"Hampton East, 19a Apex Av, 3188",-37.9377483,145.0260441
"Bentleigh East, 19a Birdwood St, 3165",-37.9100688,145.0835607
"Bentleigh, 19a Huntley Rd, 3204",-37.912476,145.0261843
"Yarraville, 19A Kingston St, 3013",-37.8148787,144.881535
"Preston, 1/9 Albert St, 3072",-37.7525257,145.0206991
"Brunswick West, 19a Manica St, 3055",-37.7728459,144.9395165
"Burwood, 19 Ardenne Cl, 3125",-37.8587848,145.1116104
"Wyndham Vale, 19 Ashburton Av, 3024",-37.8823164,144.6052824
"Hampton, 19a Swyer St, 3188",-37.9456872,145.0206246
"Keilor East, 19a Wyong St, 3033",-37.734677,144.8656927
"Brighton, 19b Brickwood St, 3186",-37.895443,144.9974478
"Brighton, 19B Brickwood St, 3186",-37.895443,144.9974478
"Balwyn, 19 Belgrove Av, 3103",-37.8049244,145.0837389
"Hampton East, 19B Heath Cr, 3188",-37.9367247,145.0290161
"Bentleigh, 19b Howell St, 3204",-37.9297849,145.0339875
"Surrey Hills, 1/9 Boronia St, 3127",-37.8327349,145.103548
"Brighton East, 19 Bourneville Av, 3187",-37.9292774,145.0199599
"Sandringham, 19B Reno Rd, 3191",-37.958627,145.0223591
"Burwood, 1/9 Bronte Av, 3125",-37.8474919,145.1221423
"Burwood, 19 Bronte Av, 3125",-37.8475511,145.1230939
"Bulleen, 1/9 Bruce St, 3105",-37.7757592,145.1016914
"Sunshine West, 19 Buckingham Cr, 3020",-37.8003668,144.8275807
"Brighton East, 1/9 Burwah Av, 3187",-37.9213814,145.0200363
"Sunbury, 19 Casey Av, 3429",-37.567937,144.7232056
"Mount Waverley, 1/9 Charlton St, 3149",-37.8826007,145.1256041
"Brighton East, 19 Cheeseman Av, 3187",-37.9074991,145.0203058
"Balwyn North, 1/9 Citron Av, 3104",-37.7945761,145.1002923
"Altona North, 19 Cleghorn Av, 3025",-37.834287,144.8604087
"Beaumaris, 19 Cloris Av, 3193",-37.981737,145.0360876
"Burwood, 19 Cookson Wy, 3125",-37.8581005,145.1098266
"Camberwell, 19 Currajong Av, 3124",-37.8383787,145.0580519
"Pascoe Vale, 19 Dale Av, 3044",-37.7335066,144.9392553
"Caulfield, 1/9 Daniell Cr, 3162",-37.8841276,145.0355278
"Keysborough, 19 Denmark Rd, 3173",-38.0033658,145.1702228
"Ascot Vale, 19 Dunlop Av, 3032",-37.778587,144.9201414
"MacLeod, 19 Dwyer St, 3085",-37.7278742,145.0635449
"Camberwell, 19 Ellsworth Cr, 3124",-37.8412118,145.0873724
"Yallambie, 1/9 Elonera Av, 3085",-37.720912,145.103776
"Burwood, 1/9 Farleigh Av, 3125",-37.8454672,145.1224631
"Craigieburn, 19 Fermont Av, 3064",-37.5813147,144.913007
"Westmeadows, 19 Forman St, 3049",-37.6796737,144.8883567
"Bentleigh East, 1/9 Francesco St, 3165",-37.9196617,145.0558676
"Ringwood East, 1/9 Freeman St, 3135",-37.8100381,145.2487777
"Mernda, 19 Friesian St, 3754",-37.5862345,145.0815475
"Cheltenham, 1/9 Glebe Av, 3192",-37.9691172,145.0519236
"Yallambie, 19 Goulburn Gr, 3085",-37.7190464,145.0979088
"Kew, 1/9 Henry St, 3101",-37.8119188,145.0230869
"Sunbury, 19 Higgins Av, 3429",-37.5697982,144.7251651
"MacLeod, 19 Hinkler Av, 3085",-37.7195155,145.0751317
"Balwyn North, 19 Jocelyn Av, 3104",-37.7930052,145.1060085
"Oak Park, 19 John St, 3046",-37.7210534,144.9147978
"Glenroy, 19 Justin Av, 3046",-37.7050705,144.9334416
"Templestowe Lower, 19 Kanooka Av, 3107",-37.7680923,145.1151527
"Melton South, 19 Kingsford Av, 3338",-37.6974259,144.5769747
"Airport West, 1/9 Kitson Cr, 3042",-37.7274679,144.8802159
"Avondale Heights, 19 Lake St, 3034",-37.7574867,144.8585758
"Ashburton, 19 Lancaster St, 3147",-37.8682925,145.088759
"Melton South, 19 Lang Rd, 3338",-37.6919254,144.5740142
"Camberwell, 19 Lansell Cr, 3124",-37.8361593,145.0696488
"South Yarra, 19 Lara St, 3141",-37.8445579,144.9916231
"Mount Waverley, 19 Larch Cr, 3149",-37.8659699,145.1453576
"Preston, 19 Latona Av, 3072",-37.746028,144.9897827
"Ardeer, 19 Lawrence St, 3022",-37.7806271,144.8018334
"Hampton, 19 Lawson St, 3188",-37.9331623,145.0220785
"MacLeod, 1/9 Leigh Ct, 3085",-37.7191757,145.0874125
"Balwyn North, 1/9 Lime Av, 3104",-37.7938995,145.1006887
"Hawthorn, 19 Linda Cr, 3122",-37.8190468,145.0306273
"MacLeod, 19 Lindsay St, 3085",-37.7182795,145.0772599
"Reservoir, 19 Liston Av, 3073",-37.6978045,145.0185291
"Reservoir, 1/9 Loddon Av, 3073",-37.7233101,145.0264958
"Bentleigh East, 19 Ludwell Cr, 3165",-37.9248107,145.0736215
"Croydon, 19 Marcus Rd, 3136",-37.7905783,145.2583724
"Lalor, 1/9 Maxwell St, 3075",-37.670959,145.0242428
"Frankston, 19 Meerlu Av, 3199",-38.1461209,145.1572088
"Malvern East, 19 Millewa Av, 3145",-37.8838319,145.0748151
"Thomastown, 19 Millgrove Av, 3074",-37.6725042,144.9923389
"Newport, 19 Oxford St, 3015",-37.8401119,144.8762896
"Aberfeldie, 19 Park Cr, 3040",-37.7598596,144.9033122
"Sunshine West, 19 Pickersgill Av, 3020",-37.80143,144.8193364
"Pascoe Vale, 1/9 Plymouth Av, 3044",-37.7214142,144.9417598
"Alphington, 1/9 Roemer Cr, 3078",-37.7859918,145.0306259
"Sunshine North, 1/9 Rosewall St, 3020",-37.7672879,144.8336067
"Seabrook, 19 Spindrift Wy, 3028",-37.8862117,144.7533795
"Melton South, 19 Sutherland Av, 3338",-37.7011185,144.5790636
"Aspendale, 19 Third Av, 3195",-38.0310234,145.1068405
"Malvern East, 1/9 Tollington Av, 3145",-37.8666445,145.0536042
"Sunshine West, 19 Valentine Cr, 3020",-37.8026416,144.8118755
"Sandringham, 1/9 Waltham St, 3191",-37.949071,145.003521
"Camberwell, 19 Warburton Rd, 3124",-37.8259879,145.0707073
"Maribyrnong, 1/9 Warrs Rd, 3032",-37.7700245,144.8925079
"Viewbank, 1/9 Willa Av, 3084",-37.7331809,145.0852882
"Reservoir, 19 Winter Cr, 3073",-37.7202872,145.02813
"Kew East, 19 Woolcock Av, 3102",-37.7955286,145.0448421
"Brighton East, 19 Wrixon Av, 3187",-37.9087591,145.0231912
"Sunshine West, 19 Yaralla Cr, 3020",-37.7955016,144.8101976
"Aberfeldie, 1a Arthur St, 3040",-37.7588315,144.8953221
"Hampton East, 1a Bartlett St, 3188",-37.9363477,145.0311987
"Balwyn North, 1a Beverley Ct, 3104",-37.7955041,145.0997494
"Reservoir, 1 Acheron Av, 3073",-37.7241304,145.0168071
"Camberwell, 1A Cornell St, 3124",-37.8382893,145.0875783
"Preston, 1a Goldsmith Av, 3072",-37.7336575,145.0136671
"Glen Waverley, 1a Graham St, 3150",-37.8732999,145.150967
"Mont Albert, 1a Hotham Ct, 3127",-37.8133074,145.1086473
"Brighton, 1A Laburnum Ct, 3186",-37.915988,145.00532
"Beaconsfield, 1A Lancaster Wy, 3807",-38.059835,145.3834751
"Chadstone, 1A Mudgee Ct, 3148",-37.8800977,145.1053001
"Chelsea Heights, 1A Ninth Av, 3196",-38.0436018,145.1340509
"Northcote, 1a Reid St, 3070",-37.7639132,145.0043877
"Moorabbin, 1a Rodney St, 3189",-37.9416198,145.0490503
"Kew, 1A Segtoune St, 3101",-37.8003089,145.0499709
"Glenroy, 1a Stella St, 3046",-37.7086533,144.9374037
"Camberwell, 1a Thomas St, 3124",-37.8427113,145.0961854
"Croydon, 1A Trawalla Rd, 3136",-37.8015293,145.3016638
"Richmond, 1a Tudor St, 3121",-37.8202314,145.0126797
"Hampton, 1a Walker Av, 3188",-37.9373906,145.0191545
"Bentleigh East, 1a Wamba Rd, 3165",-37.9326103,145.0529464
"Blackburn South, 1a Wicking Ct, 3130",-37.8362149,145.1520976
"Strathmore, 1 Balmoral Av, 3041",-37.7369982,144.9104551
"Armadale, 1 Barnato Gr, 3143",-37.8570224,145.0119416
"Eltham, 1 Batman Rd, 3095",-37.7088873,145.1509159
"Clayton, 1 Beddoe Av, 3168",-37.9073412,145.128462
"Templestowe Lower, 1 Benambra Dr, 3107",-37.7678454,145.1124037
"Bentleigh East, 1b Forrest St, 3165",-37.9160689,145.0775669
"Malvern East, 1B Glenbrook Av, 3145",-37.8660285,145.0552935
"Balwyn North, 1b Lemon Rd, 3104",-37.7926783,145.0998498
"Gowanbrae, 1 Bluebell Cr, 3043",-37.7061315,144.8943334
"Brighton East, 1 Bourneville Av, 3187",-37.9305157,145.0197503
"Altona North, 1B Paproth Gr, 3025",-37.8464705,144.850643
"Northcote, 1b Reid St, 3070",-37.7639132,145.0043877
"Collingwood, 1 Brewery La, 3066",-37.7823551,144.9809336
"Diamond Creek, 1 Brooks Cr, 3089",-37.6755908,145.1576337
"Seddon, 1 Browning St, 3011",-37.809258,144.8894686
"Keilor East, 1b Shelley St, 3033",-37.7432011,144.8662229
"Yarraville, 1b Stanger St, 3013",-37.8140019,144.8639863
"Brighton East, 1b Thomas St, 3187",-37.9191741,145.0224899
"Balwyn North, 1 Buchanan Av, 3104",-37.7943436,145.0779224
"Balwyn North, 1b Yeneda St, 3104",-37.8014955,145.0982477
"Pascoe Vale, 1c Adelaide St, 3044",-37.726282,144.9226926
"Hughesdale, 1 Calembeena Av, 3166",-37.9056773,145.080406
"Malvern, 1C Glenview Av, 3144",-37.8547308,145.0357079
"Canterbury, 1 Claremont Cr, 3126",-37.8293578,145.0788842
"Donvale, 1 Clements Av, 3111",-37.8021834,145.1907286
"Hawthorn, 1C Linda Cr, 3122",-37.8175919,145.0289545
"Prahran, 1 Closeburn Av, 3181",-37.8586786,145.0040158
"Reservoir, 1 Coleman Cr, 3073",-37.7211072,145.0012009
"Burwood East, 1 Cooinda Ct, 3151",-37.8522654,145.14183
"South Yarra, 1 Davis Av, 3141",-37.8419184,144.9892122
"Brighton, 1 Dawson Av, 3186",-37.8928783,144.9898535
"Glen Iris, 1D Belmont Av, 3146",-37.8585018,145.0477223
"Springvale South, 1 Denise St, 3172",-37.9648613,145.1588726
"Doncaster East, 1 Dilkara Ct, 3109",-37.7605716,145.1803301
"Camberwell, 1 Doonkuna Av, 3124",-37.8379917,145.0734522
"Glen Iris, 1e Belmont Av, 3146",-37.8584242,145.0477389
"Brighton, 1 Edmanson Av, 3186",-37.8890463,145.0004559
"Mitcham, 1e Victoria Av, 3132",-37.8146442,145.1927188
"Kew, 1 First Av, 3101",-37.8006346,145.0565943
"Sunshine North, 1 Ford Av, 3020",-37.761795,144.828138
"Clayton, 1 Glenbrook Av, 3168",-37.9068211,145.1240701
"Niddrie, 1g Newman St, 3042",-37.7349416,144.8823679
"Reservoir, 1 Grimwade St, 3073",-37.7040712,145.0058301
"Sunshine West, 1 Gum St, 3020",-37.7921097,144.8149533
"Burwood, 1 Harrison Av, 3125",-37.8541779,145.097459
"Dingley Village, 1 Holmwood Brk, 3172",-37.9804298,145.1170856
"MacLeod, 1 Hooper St, 3085",-37.7170121,145.0739105
"Keilor Downs, 1 Hotchkiss Wy, 3038",-37.7233735,144.797608
"Sunshine West, 1 Howitt Cr, 3020",-37.8013461,144.8248677
"Hampton, 1 Ivison Wy, 3188",-37.9445383,145.0087408
"Niddrie, 1j Newman St, 3042",-37.7350668,144.8823227
"Wollert, 1 Kilwarrie St, 3750",-37.61983,144.9993995
"Brighton, 1 Laburnum Ct, 3186",-37.9158,145.0052921
"Doveton, 1 Laburnum Gr, 3177",-37.9901878,145.2473502
"Keilor Lodge, 1 Laguna Cl, 3038",-37.6993871,144.8041902
"Keysborough, 1 Laidlaw Ct, 3173",-37.9825709,145.1588847
"Croydon, 1 Laird St, 3136",-37.7873215,145.3041574
"Sunbury, 1 Lambert Av, 3429",-37.5776468,144.7081066
"Beaconsfield, 1 Lancaster Wy, 3807",-38.0599313,145.3834631
"Fawkner, 1 Lanigan St, 3060",-37.7025527,144.97348
"Sunshine West, 1 Larool Cr, 3020",-37.793894,144.8116516
"Keilor Park, 1 Latrose St, 3042",-37.723025,144.8627438
"Williamstown, 1 Laverton St, 3016",-37.8630393,144.8913354
"Williamstown, 1 Lenore Cr, 3016",-37.8580554,144.895196
"Burwood, 1 Maltby Wk, 3125",-37.8468084,145.1311816
"Brunswick West, 1 Marion Av, 3055",-37.7634834,144.9408393
"Hillside, 1 Marner Av, 3037",-37.703538,144.7496569
"Reservoir, 1m Bonview St, 3073",-37.7214864,144.9898321
"Plumpton, 1 McKillop Wy, 3335",-37.7010721,144.7285413
"Mulgrave, 1 Mills Ct, 3170",-37.924461,145.1855107
"Reservoir, 1 Moira Av, 3073",-37.6928155,144.980243
"Ascot Vale, 1 Myross Av, 3032",-37.7818644,144.9036011
"Ascot Vale, 1 Nairn Av, 3032",-37.7810985,144.902526
"Deer Park, 1 Neimur Av, 3023",-37.7757217,144.7700417
"St Helena, 1 Oakbank Ct, 3088",-37.6962411,145.1346394
"Bentleigh, 1 Pascoe Av, 3204",-37.9111603,145.0247595
"Balwyn, 1 Prowse Av, 3103",-37.8141321,145.0771405
"Maidstone, 1 Rivet Wk, 3012",-37.7786413,144.8750852
"Doncaster, 1 Sentinel Wy, 3108",-37.7872114,145.105884
"Brighton East, 1 Sunnyside Av, 3187",-37.907548,145.0125609
"Avondale Heights, 1 Templewood Cr, 3034",-37.7622537,144.862616
"Eaglemont, 1 The Righi, 3084",-37.7688273,145.0565109
"Doncaster East, 1 Tidcombe Cr, 3109",-37.7576636,145.1730497
"Cairnlea, 1 Treemont Ct, 3023",-37.7592578,144.7794024
"Richmond, 1 Waltham Pl, 3121",-37.8202571,144.9973065
"Eaglemont, 1 Warringal Pl, 3084",-37.7579133,145.0556533
"Kensington, 1 Watsons Wk, 3031",-37.7907828,144.9249899
"Ashburton, 1 Wilgra Av, 3147",-37.8610634,145.089291
"Bellfield, 1 Wilkinson Cr, 3081",-37.7513216,145.0394852
"Malvern, 1 Wilks Av, 3144",-37.8490262,145.0331027
"Mount Waverley, 1 Wills Av, 3149",-37.878669,145.1378615
"Melbourne, 2009/568 Collins St, 3000",-37.8183726,144.9555337
"Southbank, 2010/118 Kavanagh St, 3006",-37.8256427,144.9622295
"Kensington, 201/102 Rankins Rd, 3031",-37.7922876,144.9310948
"Melbourne, 201/118 Russell St, 3000",-37.8134998,144.9690884
"Fitzroy North, 20/137 McKean St, 3068",-37.7884324,144.9872275
"Port Melbourne, 201/38 Nott St, 3207",-37.8415973,144.9380163
"Bentleigh, 201/39 Mavho St, 3204",-37.9184994,145.0339848
"Altona, 201/42 Kororoit Creek Rd, 3018",-37.8572966,144.8858557
"Glen Iris, 20/1553 High St, 3146",-37.8598171,145.0598891
"Maidstone, 20/15 Eucalyptus Dr, 3012",-37.7794058,144.8719894
"Footscray, 201/64 Cross St, 3011",-37.8005176,144.8810124
"Melbourne, 20/17 Queens Rd, 3000",-37.8397596,144.9747529
"Prahran, 201/8 Bangs St, 3181",-37.8518649,144.9963964
"Brunswick, 20/195 Brunswick Rd, 3056",-37.7773561,144.9643171
"Fitzroy, 201 Gore St, 3065",-37.8028189,144.9822195
"East Melbourne, 20/1 Wellington Cr, 3002",-37.8173777,144.9781787
"Surrey Hills, 20/20 Florence Rd, 3127",-37.8290421,145.1021252
"Brighton, 202/116 Martin St, 3186",-37.8973417,145.0023355
"Carnegie, 202/179 Neerim Rd, 3163",-37.8876244,145.0476269
"Bentleigh East, 202/24 Becket Av, 3165",-37.9208233,145.0553932
"Carlton North, 20/22 Grattan St, 3054",-37.8007471,144.9689708
"South Yarra, 20/22 Mona Pl, 3141",-37.8368323,144.9859372
"Parkville, 20/238 The Avenue, 3052",-37.7819129,144.9575794
"Fitzroy, 202/45 Rose St, 3065",-37.7956128,144.9769628
"Richmond, 202/47 Murphy St, 3121",-37.8176107,145.0083708
"Northcote, 202/68 Gadd St, 3070",-37.7623181,144.9897475
"Kooyong, 202/723 Toorak Rd, 3144",-37.8441744,145.0358386
"Hawthorn, 202/7 Riversdale Rd, 3122",-37.8276244,145.0262357
"Epping, 202/82 Epping Rd, 3076",-37.6304386,145.0285237
"Epping, 202/88 Epping Rd, 3076",-37.6296927,145.0289889
"Ivanhoe, 202/979 Heidelberg Rd, 3079",-37.7766212,145.0377842
"Brunswick East, 20/29 Nunan St, 3057",-37.7602715,144.9794992
"Dallas, 202 Railway Cr, 3047",-37.6668391,144.9254471
"Mill Park, 20/2 Stillman Dr, 3082",-37.6544212,145.0742868
"Prahran, 20/30 Porter St, 3181",-37.8498237,144.9901586
"Yarraville, 203/109 Anderson St, 3013",-37.8164738,144.8871549
"Murrumbeena, 203/113 Poath Rd, 3163",-37.8953567,145.0763998
"Carnegie, 203/179 Neerim Rd, 3163",-37.8876244,145.0476269
"Malvern, 203/1 Norfolk Pl, 3144",-37.8491685,145.0321202
"East Melbourne, 203/1 Powlett St, 3002",-37.8161068,144.9849473
"St Kilda, 203/24 Crimea St, 3182",-37.8599061,144.9881633
"Melbourne, 203/350 La Trobe St, 3000",-37.8106905,144.9592848
"Port Melbourne, 20/33 Princes St, 3207",-37.8395723,144.936013
"Kensington, 203/60 Speakmen St, 3031",-37.7940545,144.9166719
"Bentleigh East, 203/650 Centre Rd, 3165",-37.9206812,145.05419
"Mont Albert, 203/766 Whitehorse Rd, 3127",-37.8166647,145.1118362
"Maribyrnong, 203/77 Village Wy, 3032",-37.7711648,144.8804245
"South Yarra, 203/8 Murphy St, 3141",-37.8380834,144.9905137
"Mount Waverley, 203 Lawrence Rd, 3149",-37.8720828,145.1417825
"Brunswick, 204/10 Charles St, 3056",-37.7735292,144.9638134
"Highett, 204/1 Major St, 3190",-37.9481318,145.0394965
"Collingwood, 204/2 Johnston St, 3066",-37.7988299,144.9847331
"Maribyrnong, 204/32 La Scala, 3032",-37.7812108,144.8935385
"Melbourne, 204/368 Little Collins St, 3000",-37.8153082,144.9623021
"Malvern, 204/36 Bonview Rd, 3144",-37.8528145,145.0377977
"Elsternwick, 204/37 Park St, 3185",-37.878881,145.0127542
"Melbourne, 20/449 St Kilda Rd, 3000",-37.8401683,144.9774488
"Collingwood, 204/55 Islington St, 3066",-37.8074415,144.9906621
"St Kilda, 204/7 Brighton Rd, 3182",-37.8684823,144.9868976
"North Melbourne, 204/85 Leveson St, 3051",-37.8024176,144.9509645
"Spotswood, 204/88 Hudsons Rd, 3015",-37.8294569,144.8847846
"Prahran, 204/8 Bangs St, 3181",-37.8518649,144.9963964
"Fitzroy North, 20/4 Bik La, 3068",-37.7832944,144.9838466
"Sandringham, 205/18 Station St, 3191",-37.9489563,145.0043182
"Toorak, 205/1 Wallace Av, 3142",-37.8405328,145.0070629
"Carnegie, 205/28 Jersey Pde, 3163",-37.8877768,145.0599242
"Collingwood, 205/46 Cambridge St, 3066",-37.8075383,144.985242
"Kew, 205/56 Harp Rd, 3101",-37.7998764,145.0538434
"Carlton, 205/85 Rathdowne St, 3053",-37.8049279,144.9689696
"Caulfield North, 206/100 Hawthorn Rd, 3161",-37.8729175,145.0243306
"Bentleigh East, 206/24 Becket Av, 3165",-37.9208233,145.0553932
"Footscray, 206/250 Barkly St, 3011",-37.7991858,144.8960777
"Elsternwick, 206/28 Riddell Pde, 3185",-37.8853439,145.0022834
"Melbourne, 206/325 Collins St, 3000",-37.816598,144.9634599
"Prahran, 206/8 Bangs St, 3181",-37.8518649,144.9963964
"Northcote, 206/8 Breavington Wy, 3070",-37.7680681,145.0022377
"Mulgrave, 206 Hansworth St, 3170",-37.9357491,145.1873999
"Princes Hill, 206 Richardson St, 3054",-37.7840738,144.9689298
"Brunswick East, 206 Stewart St, 3057",-37.7652861,144.9774078
"Kensington, 206 Stockmans Wy, 3031",-37.7934042,144.9170637
"Essendon, 20/6 Winifred St, 3040",-37.745376,144.9124089
"Hawthorn, 207/17 Riversdale Rd, 3122",-37.8277198,145.0269207
"Carnegie, 207/21 Belsize Av, 3163",-37.8897106,145.0592499
"Toorak, 20/723 Orrong Rd, 3142",-37.8392804,145.0139478
"North Melbourne, 207/97 Flemington Rd, 3051",-37.7984308,144.9526986
"Port Melbourne, 207 Nott St, 3207",-37.8375343,144.9412551
"Port Melbourne, 208/115 Nott St, 3207",-37.8400142,144.9389959
"Moorabbin, 208/11 Central Av, 3189",-37.9348373,145.0377774
"Preston, 208/277 Raglan St, 3072",-37.7491142,145.0030658
"West Footscray, 208/432 Geelong Rd, 3012",-37.810882,144.8690399
"Maribyrnong, 208/54 La Scala Av, 3032",-37.7809631,144.8940056
"Abbotsford, 20/85 Nicholson St, 3067",-37.8066461,144.9963139
"Fairfield, 208 Bastings St, 3078",-37.7761106,145.0158037
"Elwood, 20/8 Robert St, 3184",-37.8790262,144.9914271
"Elwood, 209/12 Dickens St, 3184",-37.8712841,144.9866159
"Richmond, 209/18 Tanner St, 3121",-37.8231969,144.9906432
"St Kilda, 20/93 Argyle St, 3182",-37.86309,144.9886381
"Richmond, 209/45 York St, 3121",-37.8129443,144.9930478
"Fitzroy, 209/48 Rose St, 3065",-37.7963746,144.9768992
"North Melbourne, 209/64 MacAulay Rd, 3051",-37.7983269,144.9425919
"Bentleigh East, 20 Abbin Av, 3165",-37.9317216,145.0515639
"Oakleigh South, 20 Abercrombie St, 3167",-37.9310615,145.0833082
"Sandringham, 20A Codrington St, 3191",-37.950892,145.01622
"Reservoir, 20a Glasgow Av, 3073",-37.7069067,145.0055396
"Bentleigh East, 20A Hinkler Av, 3165",-37.9342558,145.0507372
"Ashburton, 20 Alamein Av, 3147",-37.8687818,145.0830502
"Rosanna, 20 Alfreda Av, 3084",-37.7418499,145.0707442
"Altona, 20A McBain St, 3018",-37.8688349,144.8276591
"Coburg, 20A Queen St, 3058",-37.7521658,144.9499634
"Mentone, 20A Winsome St, 3194",-37.9761676,145.0643093
"Bentleigh East, 20b Begg St, 3165",-37.92032,145.077312
"MacLeod, 20 Broadford Cr, 3085",-37.7197906,145.0659812
"Viewbank, 20 Broadlea Cr, 3084",-37.7303176,145.0958321
"Brunswick, 20 Collier Cr, 3056",-37.7721864,144.9534417
"Sydenham, 20 Cressida Cr, 3037",-37.7055051,144.7710083
"Airport West, 20 Creswell Av, 3042",-37.73338,144.8872627
"Werribee, 20 Dobell Cr, 3030",-37.885448,144.6711924
"Cranbourne West, 20 Elandra Wy, 3977",-38.105683,145.2549893
"Balwyn, 20 Elliott Av, 3103",-37.8064022,145.0727935
"Dandenong North, 20 Exell Dr, 3175",-37.9461732,145.2137342
"Brunswick West, 20 Fitzgibbon Av, 3055",-37.7707624,144.9462242
"Niddrie, 20 George St, 3042",-37.7432329,144.8853267
"Elwood, 20 Gordon Av, 3184",-37.8768135,144.9850666
"Hampton East, 20 Highbury Av, 3188",-37.9359118,145.0334158
"Mernda, 20 Hillgrove Wy, 3754",-37.6022101,145.0673785
"Ormond, 20 Howard Av, 3204",-37.902911,145.0275125
"Rosanna, 20 Jones Cr, 3084",-37.7388068,145.0773896
"Clayton South, 20 Lanark St, 3169",-37.9340239,145.115053
"South Melbourne, 20 Law St, 3205",-37.8334151,144.9662584
"Prahran, 20 Leila St, 3181",-37.8492763,144.9987269
"Glenroy, 20 Leonard Av, 3046",-37.7046886,144.9305416
"Mount Waverley, 20 Leyland Rd, 3149",-37.8580362,145.1164529
"Reservoir, 20 Liston Av, 3073",-37.6974096,145.0191354
"Caulfield East, 20 Lloyds Av, 3145",-37.8857634,145.0449823
"Reservoir, 20 Locher Av, 3073",-37.6999728,145.0242632
"Brunswick, 20 Luscombe St, 3056",-37.7767549,144.9700739
"Doncaster East, 20 Major St, 3109",-37.7852947,145.1529666
"St Kilda, 20 Marlton Cr, 3182",-37.8582798,144.9902346
"Richmond, 20 Moorhouse St, 3121",-37.8172294,144.9908039
"Northcote, 20 Oldis Av, 3070",-37.7729101,144.9997934
"Mulgrave, 20 Oliver Ct, 3170",-37.9376133,145.2140955
"Camberwell, 20 Orrong Cr, 3124",-37.8392413,145.0699942
"Lalor, 20 Parfrey Av, 3075",-37.6693234,144.9962139
"Rockbank, 20 Quarters St, 3335",-37.718735,144.6609831
"Moonee Ponds, 20 Railway Cr, 3039",-37.7624556,144.9177539
"Carnegie, 20 Rigby Av, 3163",-37.8996007,145.0540621
"Reservoir, 20 Robins Av, 3073",-37.6994599,145.028173
"Coburg North, 20 Ronald St, 3058",-37.7303855,144.9809112
"Oakleigh South, 20 Sherbrooke Av, 3167",-37.9371982,145.0809157
"Viewbank, 20 Sherlowe Cr, 3084",-37.7325721,145.0976982
"Bentleigh East, 20 Stockdale Av, 3165",-37.9173676,145.0657812
"Glenroy, 20 Tarana Av, 3046",-37.7114381,144.9073595
"Balwyn North, 20 Trentwood Av, 3104",-37.7889303,145.0966609
"Greensborough, 20 Viewgrand Wy, 3088",-37.6841488,145.1191009
"Clarinda, 20 Wandoo Av, 3169",-37.9297383,145.107551
"Cheltenham, 20 Wembley Av, 3192",-37.9622988,145.0455301
"Canterbury, 20 Wentworth Av, 3126",-37.82088,145.0714232
"Albion, 20 Westgate Av, 3020",-37.7770073,144.813085
"Thornbury, 2/100 Collins St, 3071",-37.7557884,145.0114121
"Heidelberg Heights, 2/100 Edwin St, 3081",-37.7500267,145.0512329
"Northcote, 210/231 St Georges Rd, 3070",-37.7652036,144.9915665
"Carlton, 210/264 Drummond St, 3053",-37.7998041,144.9688662
"Templestowe, 2/102 Wood St, 3106",-37.7560648,145.128862
"Docklands, 2103/1 Point Park Cr, 3008",-37.8236836,144.9413555
"Preston, 2/103 Bruce St, 3072",-37.7416901,144.992427
"Doncaster East, 2/1047 Doncaster Rd, 3109",-37.7889377,145.1636827
"Port Melbourne, 210/49 Beach St, 3207",-37.8422994,144.9373984
"St Kilda, 2/104 Barkly St, 3182",-37.8647062,144.9818682
"Northcote, 2/105 Arthurton Rd, 3070",-37.7683493,144.9898307
"Altona Meadows, 2/105 Merton St, 3028",-37.8735206,144.7777554
"South Yarra, 210/657 Chapel St, 3141",-37.8369038,144.9959297
"Middle Park, 2/106 Nimmo St, 3206",-37.8523459,144.9600986
"St Albans, 2/107 Fox St, 3021",-37.7331337,144.8041657
"Croydon, 2/107 Mount View Pde, 3136",-37.7866212,145.2986115
"Noble Park, 2/1082 Heatherton Rd, 3174",-37.965014,145.17059
"Kensington, 210/86 Altona St, 3031",-37.7967163,144.9254997
"Ascot Vale, 210/8 Burrowes St, 3032",-37.7785937,144.9140606
"Preston, 2/108 Murray Rd, 3072",-37.7394395,145.0192965
"Moonee Ponds, 2/108 Pascoe Vale Rd, 3039",-37.7620784,144.9259831
"Brighton, 2/109 Roslyn St, 3186",-37.919115,145.002909
"Boronia, 2/10 Bambury St, 3155",-37.8579134,145.2908386
"Heidelberg West, 2/10 Bardia St, 3081",-37.7480065,145.039479
"Brunswick, 2/10 Breese St, 3056",-37.7633653,144.9615837
"Altona North, 2/10 Cleghorn Av, 3025",-37.8347,144.861536
"Blackburn, 2/10 Frankcom St, 3130",-37.8190899,145.1436878
"Glenroy, 2/10 Gladstone Pde, 3046",-37.706286,144.91451
"Footscray, 2/10 Leigh St, 3011",-37.7935332,144.8832502
"Balwyn, 2/10 Mangan St, 3103",-37.8119758,145.083393
"Wantirna South, 2/10 Monaro Cl, 3152",-37.8564529,145.2497669
"Pascoe Vale, 2/10 Oak St, 3044",-37.7221732,144.9250164
"Blackburn, 2/10 Oliver Av, 3130",-37.8226784,145.1634651
"Brunswick East, 2/10 Rathdowne St, 3057",-37.7789343,144.9738785
"Bulleen, 2/10 Ronald Av, 3105",-37.7642879,145.0903266
"Glen Huntly, 2/10 Rosedale Av, 3163",-37.8909556,145.0442235
"Glen Waverley, 2/10 Sagan Ct, 3150",-37.8646932,145.1566994
"Kew, 2/10 Wishart St, 3101",-37.8022912,145.0503403
"Toorak, 21/1059 Malvern Rd, 3142",-37.850929,145.0261793
"Ivanhoe, 2/110 Hawker St, 3079",-37.7587971,145.0323327
"Thornbury, 2/110 Normanby Av, 3071",-37.7582751,144.9900114
"Balwyn, 2/111 Strabane Av, 3103",-37.8070536,145.1020622
"Kensington, 211/255 Racecourse Rd, 3031",-37.788616,144.9327856
"Carnegie, 2/112 Mimosa Rd, 3163",-37.8859851,145.0535834
"Airport West, 2/112 Parer Rd, 3042",-37.7192913,144.8821274
"Hampton East, 2/113 Spring Rd, 3188",-37.9384853,145.0334321
"Ivanhoe, 2/114 Bond St, 3079",-37.7613832,145.0322767
"Lalor, 2/115 Messmate St, 3075",-37.6758413,145.0261252
"Balwyn, 2/115 Strabane Av, 3103",-37.807198,145.101659
"Moonee Ponds, 21/17 Moore St, 3039",-37.7676493,144.9200019
"Clifton Hill, 21/184 Noone St, 3068",-37.7940311,144.9989546
"Brunswick East, 21/191 Lygon St, 3057",-37.7718894,144.971423
"Hawthorn East, 211/96 Camberwell Rd, 3123",-37.8271762,145.0516176
"Bulleen, 2/119 Willow Bnd, 3105",-37.7822866,145.1002259
"Glenroy, 2/11 Apsley St, 3046",-37.7081024,144.9268774
"Burwood, 2/11 Aylwin Av, 3125",-37.8468254,145.1010657
"Brunswick, 2/11 Barningham St, 3056",-37.7664442,144.9643211
"Donvale, 2/11 Chippewa Av, 3111",-37.8047178,145.1923108
"Brooklyn, 2/11 Cypress Av, 3012",-37.8230838,144.8470605
"Braybrook, 2/11 Dobson Cr, 3019",-37.785519,144.84801
"Hawthorn, 21/1 Domville Av, 3122",-37.8212572,145.0223916
"Brunswick West, 2/11 Egginton St, 3055",-37.7603945,144.9393047
"Meadow Heights, 2/11 Elgata Cl, 3048",-37.648867,144.9227785
"Balwyn, 2/11 Ellen St, 3103",-37.8097677,145.0809991
"Bulleen, 2/11 Estelle St, 3105",-37.7789262,145.0900446
"Glen Waverley, 2/11 Evelyn St, 3150",-37.880472,145.1664896
"Moorabbin, 2/11 Franklin St, 3189",-37.9390398,145.0529796
"Preston, 2/11 Graham Ct, 3072",-37.734217,144.995069
"Chadstone, 2/11 Hiscock St, 3148",-37.8829547,145.0986799
"Doncaster East, 2/11 Howell Cl, 3109",-37.7710779,145.1774061
"Bentleigh, 2/11 Lawson St, 3204",-37.9227753,145.0487869
"Broadmeadows, 2/11 Osway St, 3047",-37.6921013,144.9170549
"Deepdene, 2/11 Peverill St, 3103",-37.814183,145.0613682
"Brunswick, 21/1 Pottery Ct, 3056",-37.7703365,144.9533473
"Strathmore, 2/11 Roslyn St, 3041",-37.728988,144.915791
"Parkdale, 2/11 Royal Pde, 3195",-38.0001498,145.0807619
"Ashwood, 2/11 Salisbury Rd, 3147",-37.8719272,145.1016742
"Eaglemont, 2/11 Silverdale Rd, 3084",-37.7676504,145.0536452
"Ringwood, 2/11 Sussex St, 3134",-37.8272261,145.2253186
"Tullamarine, 2/11 Tullamarina Av, 3043",-37.7072548,144.8848066
"Surrey Hills, 2/11 Union Rd, 3127",-37.8345485,145.0960482
"Collingwood, 212/132 Smith St, 3066",-37.804475,144.983604
"Glenroy, 2/121 Widford St, 3046",-37.6963884,144.9243794
"Brunswick, 212/201 Albert St, 3056",-37.768755,144.9648836
"Glenroy, 2/122 Loongana Av, 3046",-37.7079705,144.9068621
"Airport West, 2/123 Parer Rd, 3042",-37.7192325,144.8786512
"Balwyn North, 212/3 Tannock St, 3104",-37.7909955,145.0946031
"Abbotsford, 212/4 Acacia Pl, 3067",-37.8117587,145.0141491
"Reservoir, 2/125 North Rd, 3073",-37.723005,145.014192
"South Yarra, 21/27 Avoca St, 3141",-37.8373287,144.989231
"Airport West, 2/127 McNamara Av, 3042",-37.721152,144.881975
"Hawthorn East, 212/8 Montrose St, 3123",-37.8229863,145.0461937
"Eltham, 2/1298 Main Rd, 3095",-37.70358,145.16218
"Carnegie, 2/12 Arawatta St, 3163",-37.8851683,145.0592063
"Port Melbourne, 2/12 Barlow St, 3207",-37.8393651,144.9408722
"Reservoir, 2/12 Bedford St, 3073",-37.717634,145.008852
"Bentleigh East, 2/12 Brosa Av, 3165",-37.9308977,145.0507603
"Hughesdale, 2/12 Clapham Rd, 3166",-37.8939992,145.0841746
"Avondale Heights, 2/12 Doyle St, 3034",-37.762207,144.8601737
"St Albans, 2/12 Glendenning St, 3021",-37.746443,144.796476
"Epping, 2/12 Grimwade Ct, 3076",-37.6509073,145.0458569
"Balwyn North, 2/12 Highbury St, 3104",-37.7941726,145.0724031
"Kew, 2/12 Hope Ct, 3101",-37.7927583,145.0265846
"St Kilda, 2/12 Irymple Av, 3182",-37.8692815,144.9862791
"Glen Waverley, 2/12 Jordan Gr, 3150",-37.886855,145.1680818
"Black Rock, 2/12 Karrakatta St, 3193",-37.974795,145.0180234
"Mulgrave, 2/12 Knell St, 3170",-37.9290189,145.1695768
"Pascoe Vale, 2/12 Lake Av, 3044",-37.7171894,144.9352029
"Ormond, 2/12 Lillimur Rd, 3204",-37.9028759,145.0415739
"Bentleigh, 2/12 North Av, 3204",-37.930488,145.034807
"Glenroy, 2/12 Rowan St, 3046",-37.6981261,144.917281
"St Albans, 2/12 Station Av, 3021",-37.7421697,144.8159564
"Pascoe Vale, 2/12 Surrey St, 3044",-37.7264748,144.9486512
"Cheltenham, 2/1300 Nepean Hwy, 3192",-37.972021,145.0623263
"Mooroolbark, 2/130 Manchester Rd, 3138",-37.7804836,145.3123651
"Glen Huntly, 213/16 Etna St, 3163",-37.8898731,145.0407395
"Blackburn South, 2/134 Middleborough Rd, 3130",-37.8445103,145.1342716
"Carlton, 21/34 Neill St, 3053",-37.7935119,144.9729855
"Ashwood, 2/135 High Street Rd, 3147",-37.8665829,145.1032713
"Hughesdale, 2/1378 Dandenong Rd, 3166",-37.8931727,145.0870539
"Eltham, 2/137 Bolton St, 3095",-37.730934,145.134863
"Bulleen, 2/137 Manningham Rd, 3105",-37.7680885,145.0965373
"Airport West, 2/137 McNamara Av, 3042",-37.7204844,144.8821052
"South Yarra, 21/384 Toorak Rd, 3141",-37.8405766,145.0033258
"Balwyn North, 2/138 Winfield Rd, 3104",-37.7905301,145.1035037
"Port Melbourne, 213/99 Nott St, 3207",-37.8405031,144.9385446
"Glenroy, 2/13 Becket St S, 3046",-37.7006893,144.9121576
"Burwood, 2/13 Edwards St, 3125",-37.8490208,145.1007291
"Frankston, 2/13 Gairloch Dr, 3199",-38.1328446,145.1375224
"Oakleigh, 2/13 Heath Av, 3166",-37.9012279,145.0972199
"Moorabbin, 2/13 Horsmunden Rd, 3189",-37.9392427,145.0474103
"Ivanhoe, 2/13 Linden Av, 3079",-37.7567124,145.0520136
"Carnegie, 2/13 Madden Av, 3163",-37.891922,145.0504363
"Sunshine West, 2/13 Mayne St, 3020",-37.7908205,144.8249344
"Pascoe Vale, 2/13 Olive Gr, 3044",-37.7294588,144.9408604
"Niddrie, 2/13 Ross St, 3042",-37.735933,144.890951
"Yarraville, 2/13 Stephen St, 3013",-37.8105838,144.8956639
"Hadfield, 2/13 Surrey St, 3046",-37.7130989,144.9479967
"Balwyn, 2/13 Whitehorse Rd, 3103",-37.8101493,145.0624677
"Sunshine, 2/140 Morris St, 3020",-37.7921608,144.8301524
"Port Melbourne, 214/1 Danks St, 3207",-37.8437071,144.9452861
"Essendon, 214/314 Pascoe Vale Rd, 3040",-37.7464833,144.9259315
"Essendon, 214/36 Collins St, 3040",-37.7438644,144.9081124
"Essendon, 2/143 Bradshaw St, 3040",-37.741197,144.894844
"South Melbourne, 2/143 Cecil St, 3205",-37.8329444,144.9580339
"Melbourne, 21/449 St Kilda Rd, 3000",-37.8401683,144.9774488
"Newport, 2/145 Mason St, 3015",-37.8418456,144.8714587
"Parkdale, 2/146 Lower Dandenong Rd, 3195",-37.984326,145.088998
"Hawthorn, 2/146 Power St, 3122",-37.8235115,145.0258007
"Fitzroy North, 2/148 Barkly St, 3068",-37.779067,144.983757
"Parkville, 21/495 Royal Pde, 3052",-37.7811373,144.959326
"Malvern East, 2/14 Arcadia Av, 3145",-37.890782,145.0855158
"Essendon, 2/14 Bulla Rd, 3040",-37.742013,144.909379
"Chadstone, 2/14 Cole Cr, 3148",-37.8874827,145.0911525
"Burwood, 2/14 Fulton Cr, 3125",-37.8477647,145.1302077
"Oakleigh, 2/14 Gadd St, 3166",-37.909181,145.0974831
"Glenroy, 2/14 Hubert Av, 3046",-37.7054287,144.9329678
"Glenroy, 2/14 Langton St, 3046",-37.7009276,144.914053
"Preston, 2/14 Mihil St, 3072",-37.7489804,145.0147055
"Brighton, 2/14 Nepean Hwy, 3186",-37.8853407,144.9978358
"Albion, 2/14 Ridley St, 3020",-37.7836463,144.8255626
"Bentleigh East, 2/14 Sheffield St, 3165",-37.9196781,145.0707361
"Bentleigh, 2/14 Talbot Av, 3204",-37.9220428,145.0284273
"Meadow Heights, 2/14 Weemala Ct, 3048",-37.6475298,144.9239417
"Canterbury, 2/151 Prospect Hill Rd, 3126",-37.8299314,145.0754597
"Camberwell, 2/151 Wattle Valley Rd, 3124",-37.8406991,145.0797236
"Greensborough, 2/152 Nell St, 3088",-37.7084284,145.0943659
"St Kilda, 215/40 Pakington St, 3182",-37.8658139,144.9881605
"Melbourne, 215/422 Collins St, 3000",-37.8170971,144.9601487
"Northcote, 21/54 James St, 3070",-37.7754819,144.998779
"Brunswick West, 21/558 Moreland Rd, 3055",-37.7520153,144.9337472
"Collingwood, 2/157 Hotham St, 3066",-37.7971728,144.992998
"Melbourne, 21/58 Queens Rd, 3000",-37.8484276,144.9778995
"Glenroy, 2/159 Melbourne Av, 3046",-37.702877,144.919734
"Brooklyn, 2/15 Conifer Av, 3012",-37.8218484,144.8414259
"Footscray, 2/15 Empire St, 3011",-37.789433,144.890945
"Blackburn, 2/15 Glen Ebor Av, 3130",-37.821381,145.1592641
"Dandenong, 2/15 Grace Av, 3175",-37.9803954,145.223556
"Reservoir, 2/15 MacArtney St, 3073",-37.7120241,145.0091034
"Mill Park, 2/15 Mirbelia Cr, 3082",-37.668229,145.07562
"South Yarra, 2/15 Rockley Rd, 3141",-37.8378278,144.9996127
"Brighton East, 2/15 Roseberry Av, 3187",-37.9097008,145.0098581
"Wyndham Vale, 2/15 Surveyor St, 3024",-37.8783234,144.6316601
"Oakleigh East, 2/15 Tullius Av, 3166",-37.9030419,145.1198487
"East Melbourne, 2/161 Wellington Pde S, 3002",-37.8166941,144.9792662
"Richmond, 216/20 Burnley St, 3121",-37.8126488,145.0093583
"St Kilda, 21/64 Fitzroy St, 3182",-37.8591984,144.97778
"Clifton Hill, 2/165 Noone St, 3068",-37.7944193,144.9994541
"Melbourne, 216/68 Latrobe St, 3000",-37.8083719,144.9667496
"Thornbury, 2/167 Darebin Rd, 3071",-37.7645525,145.0131449
"Brunswick, 2/168 Barkly St, 3056",-37.7772282,144.967561
"Mount Waverley, 2/168 Lawrence Rd, 3149",-37.8686227,145.1429247
"Surrey Hills, 2/16 Albert Cr, 3127",-37.823896,145.1029919
"Reservoir, 2/16 Allenby Av, 3073",-37.703893,145.008182
"Ringwood East, 2/16 Bronhill Rd, 3135",-37.7985416,145.2570632
"Port Melbourne, 216 Esplanade Pl, 3207",-37.8358266,144.9473664
"Glen Waverley, 2/16 Fraser St, 3150",-37.8912704,145.1588203
"Bulleen, 2/16 Furneaux Gr, 3105",-37.7785657,145.0861864
"Ivanhoe, 2/16 Green St, 3079",-37.765136,145.041554
"Oakleigh East, 2/16 Lanham St, 3166",-37.9114392,145.114474
"Elwood, 2/16 Lindsay Av, 3184",-37.8771272,144.9863506
"Bentleigh East, 2/16 Majdal St, 3165",-37.9103207,145.0810755
"Burwood, 2/16 Morton Rd, 3125",-37.8556861,145.1003453
"Broadmeadows, 2/16 Ortolan Av, 3047",-37.6860933,144.9217478
"Mitcham, 2/16 Rotherwood Av, 3132",-37.8077266,145.1952349
"Ashburton, 2/16 Samarinda Av, 3147",-37.865763,145.0844081
"Brighton East, 2/16 Wairoa Av, 3187",-37.905102,145.013647
"Coburg, 2/170 Nicholson St, 3058",-37.7437014,144.9783966
"Reservoir, 2/170 Spring St, 3073",-37.7233482,145.0020546
"St Albans, 2/170 William St, 3021",-37.7357646,144.8049169
"Pascoe Vale, 2/171 Cumberland Rd, 3044",-37.7239365,144.9393786
"Camberwell, 2/171 Wattle Valley Rd, 3124",-37.8447115,145.0797867
"Toorak, 21/723 Orrong Rd, 3142",-37.8392804,145.0139478
"Richmond, 21/72 Baker St, 3121",-37.8121258,145.0043735
"Reservoir, 2/17 Barton St, 3073",-37.712285,145.0061899
"Sunshine North, 2/17 Camperdown Av, 3020",-37.7668975,144.8212424
"Chadstone, 2/17 Carramar St, 3148",-37.8781479,145.1020823
"Point Cook, 2/17 Catania Av, 3030",-37.8902382,144.7385685
"South Yarra, 2/17 Como Av, 3141",-37.8379506,145.002551
"Sandringham, 2/17 Gladstone St, 3191",-37.9520308,145.0138647
"St Kilda, 2/17 Herbert St, 3182",-37.871619,144.9828052
"Croydon North, 2/17 Karingal St, 3136",-37.768735,145.293795
"Hampton East, 2/17 Keiller St, 3188",-37.9353256,145.0352759
"Abbotsford, 217 Langridge St, 3067",-37.8075945,144.9944567
"Springvale, 2/17 Loller St, 3171",-37.9369663,145.152933
"Ashwood, 2/17 May Park Av, 3147",-37.8669497,145.096776
"Hughesdale, 2/17 Moorookyle Av, 3166",-37.9066201,145.0817471
"Preston, 2/17 Park Av, 3072",-37.7377739,144.9935228
"Brighton East, 2/17 Ward St, 3187",-37.917682,145.015978
"Hawthorn East, 218/12 Albert St, 3123",-37.823456,145.0483893
"Cremorne, 218/140 Swan St, 3121",-37.8254885,144.9948361
"Northcote, 2/185 Separation St, 3070",-37.7703724,145.0101064
"Oakleigh East, 2/18 Clovis St, 3166",-37.9098643,145.1149922
"Hawthorn, 2/18 Connell St, 3122",-37.8185838,145.0234765
"Oakleigh East, 2/18 Curran St, 3166",-37.9013408,145.1080639
"Parkdale, 2/18 Eighth St, 3195",-37.990704,145.0766451
"Port Melbourne, 218 Esplanade Pl, 3207",-37.8358266,144.9473664
"Mill Park, 2/18 Farnham Cr, 3082",-37.6531262,145.0596316
"Cheltenham, 2/18 Garfield St, 3192",-37.960448,145.0529937
"Malvern East, 2/18 Goode St, 3145",-37.8838211,145.0697479
"Reservoir, 2/18 Hobbs Cr, 3073",-37.7052303,145.0061205
"Mount Waverley, 2/18 Leonie Av, 3149",-37.8860849,145.1210682
"Mont Albert, 2/18 Lorne Pde, 3127",-37.8222805,145.1023833
"Watsonia, 2/18 Princes St, 3087",-37.7058785,145.081524
"Bentleigh East, 2/18 Stratford Av, 3165",-37.9180979,145.0644527
"Glen Waverley, 2/18 Tulloch Gr, 3150",-37.898729,145.1507433
"Thomastown, 2/18 Waratah St, 3074",-37.6792935,145.0241859
"Sandringham, 2/190 Bay Rd, 3191",-37.954036,145.0200616
"Hawthorn, 219/2 Golding St, 3122",-37.8221338,145.0328928
"Elwood, 2/193 Brighton Rd, 3184",-37.8786128,144.9928466
"Montmorency, 2/193 Rattray Rd, 3094",-37.7163011,145.1329605
"Frankston, 2/195 Beach St, 3199",-38.1467194,145.1431185
"Chadstone, 219/70 Batesford Rd, 3148",-37.8757869,145.0930605
"Brunswick, 21/97 Brickworks Dr, 3056",-37.7695115,144.9528162
"Ripponlea, 2/199 Hotham St, 3185",-37.8782523,144.9975308
"Camberwell, 2/19 Alma Rd, 3124",-37.837082,145.0584892
"Montmorency, 2/19 Calrossie Av, 3094",-37.7132452,145.1276226
"Croydon, 2/19 James Rd, 3136",-37.7859244,145.2890909
"Sunbury, 2/19 Lalor Cr, 3429",-37.5916279,144.7083987
"Bundoora, 2/19 Olympic St, 3083",-37.7024513,145.061459
"Edithvale, 2/19 Rae Av, 3196",-38.0348233,145.1093712
"Chelsea, 2/19 Scotch Pde, 3196",-38.0540567,145.1282488
"Toorak, 21/9 Struan St, 3142",-37.8360583,145.0137959
"Reservoir, 2/19 Tambo Av, 3073",-37.7217616,145.0181199
"Altona, 21a Blyth St, 3018",-37.8687396,144.8360181
"Malvern, 21a Claremont Av, 3144",-37.8657635,145.030243
"Richmond, 21a Laity St, 3121",-37.8131966,145.0014968
"Hampton East, 21a Lonsdale Av, 3188",-37.9364051,145.0277522
"Preston, 2/1 Ambon St, 3072",-37.7356913,145.0270202
"Doncaster, 2/1 Angus Gr, 3108",-37.7862738,145.119602
"Oakleigh South, 21a Tular Av, 3167",-37.9265133,145.0852528
"Elwood, 21 Austin Av, 3184",-37.8823279,144.9896367
"Sandringham, 21A Wentworth Av, 3191",-37.9620386,145.0258484
"Brunswick East, 21 Balmoral Av, 3057",-37.760764,144.9762601
"Bentleigh East, 21 Beddoe Av, 3165",-37.9182659,145.0679258
"Yallambie, 21 Bimbadeen Cr, 3085",-37.7242801,145.1027034
"Reservoir, 21b Locksley Av, 3073",-37.7230948,144.9953814
"Bentleigh East, 21b Northam Rd, 3165",-37.9225023,145.0640809
"Bonbeach, 2/1 Breeze St, 3196",-38.068225,145.12148
"Malvern East, 21 Cairnes Cr, 3145",-37.870995,145.0639998
"Beaumaris, 2/1 Cloris Av, 3193",-37.9816656,145.0344859
"Camberwell, 2/1 Collings St, 3124",-37.8470152,145.0755015
"Coburg, 21 Craigrossie Av, 3058",-37.7515455,144.9559566
"Mitcham, 21 Culwell Av, 3132",-37.8228127,145.2111001
"Strathmore Heights, 2/1 De Havilland Av, 3041",-37.7134974,144.8990023
"Niddrie, 2/1 Elstone Ct, 3042",-37.7348615,144.8876132
"Greenvale, 2/1 Fleetwood Dr, 3059",-37.63658,144.8892603
"Bentleigh East, 2/1 Garden Rd, 3165",-37.9100391,145.0598786
"Reservoir, 2/1 Glasgow Av, 3073",-37.708104,145.008374
"Kew, 21 Gordon Av, 3101",-37.8108012,145.0367154
"Maribyrnong, 2/1 Grandview Av, 3032",-37.7732788,144.8933754
"Blackburn North, 2/1 Grosvenor St, 3130",-37.8038446,145.1596756
"Keilor Downs, 2/1 Gunsynd Ct, 3038",-37.7233899,144.7923984
"Taylors Hill, 21 Hawthorn Gr, 3037",-37.7069442,144.7502111
"Hampton East, 2/1 Heath Cr, 3188",-37.9371705,145.0283996
"Eltham, 2/1 Helene St, 3095",-37.7075535,145.1531496
"Oakleigh East, 21 Highland Av, 3166",-37.9014074,145.1174529
"Toorak, 21 Iona Av, 3142",-37.8486918,145.0161384
"Altona North, 21 Joel Av, 3025",-37.8413737,144.8422923
"Seaford, 21 Keerok Av, 3198",-38.1088405,145.1483761
"Hampton, 21 Kerferd St, 3188",-37.9396894,145.0103458
"Bentleigh East, 2/1 Kershaw St, 3165",-37.9290099,145.0786539
"Mont Albert, 21 Kingsley Cr, 3127",-37.8148662,145.1126987
"Murrumbeena, 2/1 Kitmont St, 3163",-37.8922062,145.0754252
"Maribyrnong, 21 Lakeside Cr, 3032",-37.7846525,144.9001459
"Richmond, 21 Lambert St, 3121",-37.8126232,145.0027542
"Armadale, 21 Lambeth Av, 3143",-37.8579684,145.0261241
"Edithvale, 21 Langrigg Av, 3196",-38.0337364,145.1100183
"Glenroy, 21 Langton St, 3046",-37.7003276,144.9133087
"Vermont South, 21 Lascelle Dr, 3133",-37.8632162,145.1897641
"Newport, 21 Latrobe St, 3015",-37.8472355,144.8877566
"Footscray, 2/1 Leander St, 3011",-37.7940778,144.884752
"Springvale, 2/1 Lee Av, 3171",-37.9352769,145.169359
"Hampton East, 2/1 Leonard St, 3188",-37.9376428,145.0310156
"St Albans, 2/1 Lister St, 3021",-37.755519,144.80395
"MacLeod, 21 May St, 3085",-37.7264668,145.0764857
"Pascoe Vale, 2/1 McCracken Av, 3044",-37.729655,144.926805
"Mount Waverley, 21 Muir St, 3149",-37.8638157,145.1385999
"Cheltenham, 21 Nancy St, 3192",-37.9734094,145.0781812
"West Footscray, 21 Park Av, 3012",-37.8084724,144.8656514
"Nunawading, 21 Patterson St, 3131",-37.8255394,145.168586
"Toorak, 21 Power Av, 3142",-37.8412239,145.0293512
"Balwyn North, 21 Riverside Av, 3104",-37.7896951,145.0676918
"Surrey Hills, 21 Rose Av, 3127",-37.83097,145.098079
"Beaumaris, 21 Rosemary Rd, 3193",-37.9799525,145.0397558
"Sandringham, 21 Sandringham Rd, 3191",-37.9503536,145.0068556
"Templestowe, 2/1 Serpells Rd, 3106",-37.7596872,145.1302077
"Ascot Vale, 21 Station Av, 3032",-37.7752653,144.9222484
"Spotswood, 21 Steel St, 3015",-37.8258625,144.8718971
"Strathmore, 21 Strathnaver Av, 3041",-37.718551,144.906249
"Coburg North, 21 Tonkin Av, 3058",-37.7207749,144.9525702
"Beaumaris, 21 Wattle Av, 3193",-37.9826899,145.0315145
"Mulgrave, 21 Windermere Cr, 3170",-37.9352655,145.1993732
"MacLeod, 21 Wungan St, 3085",-37.7177938,145.0762048
"Oakleigh, 2/1 York Av, 3166",-37.899363,145.1013931
"Burwood East, 2/201 Burwood Hwy, 3151",-37.8517569,145.1500465
"Brunswick West, 2/206 Dawson St, 3055",-37.7691098,144.9424439
"Dandenong North, 2/20 Bellbrook Dr, 3175",-37.9492268,145.2115167
"Kingsbury, 2/20 Bradshaw St, 3083",-37.7174433,145.0380348
"Port Melbourne, 220 Esplanade Pl, 3207",-37.8358266,144.9473664
"Ormond, 2/20 Foch St, 3204",-37.8997121,145.0393631
"Chadstone, 2/20 Hillcrest Av, 3148",-37.8892963,145.1050198
"Frankston South, 2/20 Hoadley Av, 3199",-38.1599948,145.1140188
"Burwood, 2/20 Johnston St, 3125",-37.8494312,145.130077
"Frankston, 2/20 Mereweather Av, 3199",-38.1352458,145.1268878
"Rosanna, 2/20 Prospect Rd, 3084",-37.7459194,145.0646475
"Hoppers Crossing, 2/20 Strathmore Cr, 3029",-37.8801648,144.6863308
"Preston, 2/20 Symons St, 3072",-37.7302216,144.9890818
"Doncaster, 2/20 Tandara Av, 3108",-37.7907414,145.1391608
"Pascoe Vale, 2/210 Cumberland Rd, 3044",-37.7240285,144.9400916
"Preston, 2/210 Wood St, 3072",-37.734129,145.014783
"Parkdale, 22/156 Lower Dandenong Rd, 3195",-37.9854246,145.0903402
"Heidelberg Heights, 2/215 Waiora Rd, 3081",-37.7312577,145.0603302
"Balwyn, 2/216 Belmore Rd, 3103",-37.8044483,145.0887198
"Melbourne, 221/9 Commercial Rd, 3000",-37.8452869,144.9797891
"Hampton, 2/21 Alicia St, 3188",-37.9433288,145.0039337
"Armadale, 2/21 Ashleigh Rd, 3143",-37.8533408,145.0142409
"Seddon, 2/21 Bellairs Av, 3011",-37.8101701,144.8950499
"Glen Iris, 2/21 Belmont Av N, 3146",-37.8553452,145.0483306
"Maribyrnong, 2/21 Bloomfield Av, 3032",-37.770508,144.8902108
"Blackburn South, 2/21 Branksome Gr, 3130",-37.8331328,145.1426616
"Airport West, 2/21 Clydesdale Rd, 3042",-37.7253443,144.8782223
"Carrum, 2/21 Eel Race Rd, 3197",-38.0821116,145.1293385
"Ashwood, 2/21 Electra Av, 3147",-37.8701324,145.1083404
"Alphington, 2/21 Fulham Rd, 3078",-37.7800906,145.0255679
"Essendon, 2/21 Grice Cr, 3040",-37.7500518,144.9174579
"Hampton East, 2/21 Highbury Av, 3188",-37.9351177,145.0326678
"Niddrie, 2/21 Hotham Rd, 3042",-37.7369849,144.8879327
"Brunswick, 2/21 Jones St, 3056",-37.7617708,144.9661669
"Braybrook, 2/21 Lawn Cr, 3019",-37.7818258,144.8613408
"St Albans, 2/21 Leslie St, 3021",-37.7358976,144.8095265
"Thomastown, 2/21 Main St, 3074",-37.68009,145.010018
"Watsonia, 2/21 Meagher St, 3087",-37.7059846,145.0859199
"Richmond, 2/21 Somerset St, 3121",-37.8153701,145.0011728
"Carrum, 2/21 Stanley St, 3197",-38.0742003,145.1257911
"Werribee, 2/21 Trish Wk, 3030",-37.9092623,144.6842784
"Thomastown, 22/20 Spring St, 3074",-37.6819289,145.0109217
"Doncaster, 22/222 Williamsons Rd, 3108",-37.7683876,145.1310383
"Reservoir, 66 Lockton Av, 3073",-37.696894,144.9818461
"Glen Iris, 37 Sinclair Av, 3146",-37.8505884,145.0518529
"Balwyn North, 23 Alpha St, 3104",-37.7991673,145.0975989
"Chadstone, 2/4 Kalymna Gr, 3148",-37.8873595,145.1044083
"Epping, 2/42 Cooper St, 3076",-37.6517892,145.0261417
"Thornbury, 4/13 Mansfield St, 3071",-37.7564108,145.0026129
"Rosanna, 41 Stanton Cr, 3084",-37.7310444,145.0707034
"Preston, 5/853 High St, 3072",-37.7262208,145.0058852
"Glenroy, 60 Langton St, 3046",-37.6977346,144.9142323
"Brunswick, 3008/187 Weston St, 3056",-37.7757565,144.9731068
"Reservoir, 92 Lawley St, 3073",-37.6987091,144.9917242
"Richmond, 405/6 Lord St, 3121",-37.8198542,145.0049682
"Hoppers Crossing, 50 Canberra Av, 3029",-37.8796431,144.6887437
"Hampton, 2B Austin Rd, 3188",-37.9438566,145.0150015
"Altona North, 9 Begonia Av, 3025",-37.8307441,144.8550954
"Balwyn, 35a Stroud St, 3103",-37.8037767,145.079465
"Reservoir, 4/71 Crookston Rd, 3073",-37.7102342,145.0171945
"Taylors Lakes, 2a Mallacoota Ct, 3038",-37.708639,144.794987
"Reservoir, 2/5 Haig St, 3073",-37.728079,144.995436
"Reservoir, 8/679 Gilbert Rd, 3073",-37.725155,144.99204
"Coburg North, 22 Irene Av, 3058",-37.7251207,144.952042
"Middle Park, 77 Mills St, 3206",-37.8471924,144.958009
"Pascoe Vale, 7/43 Arndt Rd, 3044",-37.721309,144.929053
"Armadale, 4 Gladstone Av, 3143",-37.8636168,145.0235346
"Melbourne, 307/9 Commercial Rd, 3000",-37.8452869,144.9797891
"Bentleigh East, 22b Vasey St, 3165",-37.9349064,145.0641458
"Port Melbourne, 506/89 Beach St, 3207",-37.8415825,144.9355606
"Essendon, 2/3 Ballater St, 3040",-37.7503038,144.9047279
"Yarraville, 4/247 Williamstown Rd, 3013",-37.816387,144.883097
"Maribyrnong, 4/10 Anglers Wy, 3032",-37.7695527,144.9001439
"Niddrie, 2/42 Carrington Rd, 3042",-37.7370785,144.8874957
"Balaclava, 6/51 Gourlay St, 3183",-37.8727936,144.9980979
"Carnegie, 2/28 Oakdene Cr, 3163",-37.8877027,145.0635764
"Elwood, 4/38 Pine Av, 3184",-37.8882243,144.9871409
"Glenroy, 7/56 Acacia St, 3046",-37.706187,144.9221372
"Maribyrnong, 52/4 Wests Rd, 3032",-37.7736605,144.881623
"Kew, 9 Tregarron Av, 3101",-37.8090551,145.0597412
"MacLeod, 73 Somers Av, 3085",-37.720572,145.0724774
"Reservoir, 6/105 Cheddar Rd, 3073",-37.7047505,145.0151871
"Rowville, 8 Lakeside Bvd, 3178",-37.9144815,145.2438065
"Kealba, 8 Harefield Cr, 3021",-37.7374429,144.8258907
"Canterbury, 9 Victoria Av, 3126",-37.8218818,145.075168
"MacLeod, 3/48 Fairlie Av, 3085",-37.7229181,145.0799191
"Melbourne, 37/27 Queens Rd, 3000",-37.8422758,144.9755809
"Clayton, 3/37 Margaret St, 3168",-37.9167684,145.1154826
"Kilsyth, 7/4 Palm Gr, 3137",-37.8038576,145.3165207
"Preston, 3/26 Belgrove St, 3072",-37.743884,145.0198215
"Oak Park, 47a Snell Gr, 3046",-37.7171439,144.9271583
"Ardeer, 55 Lawrence St, 3022",-37.7773706,144.8023915
"Glen Iris, 2/2 Jickell Av, 3146",-37.8489742,145.0783296
"Balwyn North, 2A Maylands Av, 3104",-37.798007,145.0636799
"Balwyn, 3/23 Northcote Av, 3103",-37.8164412,145.0866151
"Carnegie, 8/4 Kokaribb Rd, 3163",-37.8866168,145.0560779
"Abbotsford, 65/80 Trenerry Cr, 3067",-37.7979304,144.9981836
"Thornbury, 9/184 Normanby Av, 3071",-37.7576282,144.9843369
"Sandringham, 5/55 Royal Av, 3191",-37.957915,145.0168608
"Brunswick West, 5/546 Moreland Rd, 3055",-37.7524287,144.9346033
"Hawthorn East, 515/138 Camberwell Rd, 3123",-37.8287479,145.0534456
"Ashburton, 5/75 Victory Bvd, 3147",-37.870842,145.0858491
"Melbourne, 96/632 St Kilda Rd, 3000",-37.85421,144.9815512
"Albert Park, 7/370 Montague St, 3206",-37.8425091,144.9562557
"Hadfield, 2/3 Gish Ct, 3046",-37.7097207,144.9486061
"Point Cook, 7 Corporate Dr, 3030",-37.9124172,144.7729402
"Preston, 74 Roseberry Av, 3072",-37.7387162,145.0052706
"Pascoe Vale, 3/307 Cumberland Rd, 3044",-37.7149753,144.9403425
"Mill Park, 2/62 Golf Links Dr, 3082",-37.659416,145.046682
"Toorak, 7 Power Av, 3142",-37.8423005,145.02906
"Coburg, 2 Lascelles St, 3058",-37.7467262,144.9506397
"Bentleigh East, 7 Kadir St, 3165",-37.910166,145.0799632
"Brighton, 4/5 Collington Av, 3186",-37.9190493,145.0016455
"Diamond Creek, 2/30 Challenger St, 3089",-37.6803374,145.1469295
"Ferntree Gully, 68 Loretto Av, 3156",-37.8741654,145.2679098
"St Kilda, 2/230 Barkly St, 3182",-37.8716929,144.9805641
"MacLeod, 40 Ruthven St, 3085",-37.7295454,145.0622207
"Bentleigh East, 28b Blamey St, 3165",-37.9347344,145.0683693
"Carnegie, 5a Hethersett Gr, 3163",-37.8953608,145.0646558
"Mernda, 48 Galloway Dr, 3754",-37.5953647,145.0836469
"Brunswick, 30 Thistle St, 3056",-37.7575135,144.9515049
"Elwood, 5/22 Shelley St, 3184",-37.8806575,144.9838291
"Viewbank, 23 Bartram Ri, 3084",-37.7397321,145.0915563
"Bentleigh East, 2 Latham St, 3165",-37.9136,145.0658141
"Montmorency, 2/30 Kirwana Gr, 3094",-37.7257118,145.1328513
"Malvern, 7 Lysterville Av, 3144",-37.8644856,145.0379093
"South Yarra, 5/19 Yarra St, 3141",-37.8360861,144.9932686
"Ardeer, 8 West St, 3022",-37.7808166,144.7964856
"Armadale, 9/581 Orrong Rd, 3143",-37.8531155,145.0115359
"Melbourne, 404/469 St Kilda Rd, 3000",-37.8413978,144.9781044
"Fitzroy, 2/23 George St, 3065",-37.807758,144.9801723
"Windsor, 4/113 Punt Rd, 3181",-37.8507816,144.9839759
"Malvern East, 41 Summerhill Av, 3145",-37.8729646,145.0592175
"Ivanhoe, 3/62 Livingstone St, 3079",-37.7675013,145.0361241
"Wyndham Vale, 40 Edwin Cl, 3024",-37.8736906,144.5944446
"Chadstone, 4/10 Kelly St, 3148",-37.8856232,145.0937538
"Oak Park, 3/154 Waterloo Rd, 3046",-37.7199956,144.9228279
"South Melbourne, 7 Emerald Wy, 3205",-37.8328044,144.9638507
"Doncaster, 24 Lauer St, 3108",-37.7843215,145.1396228
"Northcote, 82 South Cr, 3070",-37.7788428,145.0096181
"Strathmore, 48 Bournian Av, 3041",-37.7366381,144.9225351
"Glen Iris, 3/23 Lomond St, 3146",-37.8489151,145.0620383
"Bentleigh East, 69a Deakin St, 3165",-37.9142709,145.0696767
"Ascot Vale, 7/123 Epsom Rd, 3032",-37.7787824,144.9133787
"Port Melbourne, 28/39 Esplanade Pl, 3207",-37.8362817,144.9464282
"South Yarra, 9/51 Davis Av, 3141",-37.8403534,144.9902263
"Balwyn North, 5 Pam Av, 3104",-37.7968768,145.1006126
"Hawthorn East, 403/138 Camberwell Rd, 3123",-37.8287396,145.053457
"Burwood, 39 Sixth Av, 3125",-37.8575616,145.1003274
"Essendon, 4/137 Woodland St, 3040",-37.7421095,144.9136791
"Bentleigh East, 25a Surrey St, 3165",-37.9280189,145.0522419
"Croydon, 32 Morgan Av, 3136",-37.7827096,145.2946685
"Hampton, 9/11 Railway Cr, 3188",-37.9387826,145.0014938
"Brunswick, 6/705 Park St, 3056",-37.7777398,144.9593709
"Abbotsford, 256 Langridge St, 3067",-37.8073368,144.9952447
"Rosanna, 3 Alfreda Av, 3084",-37.742645,145.0721232
"Beaumaris, 50/34 Bodley St, 3193",-37.9913361,145.0412455
"Fitzroy, 302/41 Kerr St, 3065",-37.7963746,144.9768992
"Craigieburn, 5 Gippsland Wy, 3064",-37.5854407,144.9166361
"Ascot Vale, 4/33 Sandown Rd, 3032",-37.7834717,144.9188293
"Chelsea, 2/52 Thames Prm, 3196",-38.0490643,145.1212316
"Kew, 47 First Av, 3101",-37.8013019,145.0608433
"Fawkner, 26 Ledger Av, 3060",-37.7084979,144.9680895
"Reservoir, 2/91 Thackeray Rd, 3073",-37.7212745,145.0076538
"Brunswick West, 3/252 Hope St, 3055",-37.7617433,144.9436831
"Murrumbeena, 56b Wallace Av, 3163",-37.904805,145.0717592
"Murrumbeena, 62 Murrumbeena Cr, 3163",-37.8986756,145.07565
"Fitzroy North, 7/44 Kneen St, 3068",-37.7824682,144.9896146
"Ashburton, 50a Baker Pde, 3147",-37.8608535,145.0878119
"Port Melbourne, 51 Edwards Av, 3207",-37.8356042,144.9264724
"Doreen, 34 Landing Av, 3754",-37.6177428,145.1284288
"South Morang, 33A Lamour Av, 3752",-37.6259607,145.0663369
"Caulfield South, 5/466 Kooyong Rd, 3162",-37.8959554,145.0133303
"Fitzroy, 6/144 Rose St, 3065",-37.7962274,144.9805061
"Glen Huntly, 5/31 Rothschild St, 3163",-37.890573,145.0410579
"Preston, 3/94 Bruce St, 3072",-37.7408717,144.9905185
"Pascoe Vale, 80 Pardy St, 3044",-37.7323028,144.9294858
"Altona North, 58 Sixth Av, 3025",-37.839874,144.8491064
"Wheelers Hill, 22 Heysham Dr, 3150",-37.8962556,145.1903939
"Montmorency, 2/59 Looker Rd, 3094",-37.7202729,145.1235932
"Viewbank, 50a Casey Cr, 3084",-37.7367345,145.0955097
"Coburg, 4/9 Blair St, 3058",-37.7543377,144.9656219
"Maidstone, 7/2 Crefden St, 3012",-37.7775591,144.8723336
"Altona North, 2/31 Cooper Av, 3025",-37.8390622,144.8438506
"Aspendale, 8/25 Nepean Hwy, 3195",-38.0130772,145.0905661
"Box Hill, 3/18 Standard Av, 3128",-37.8240909,145.1143213
"Kilsyth, 9 Durham Rd, 3137",-37.801757,145.3172066
"Croydon, 4/12 Vinter Av, 3136",-37.806026,145.273596
"Toorak, 4/720 Orrong Rd, 3142",-37.83999,145.014858
"Alphington, 4/5 Chandler Hwy, 3078",-37.7848548,145.0246925
"Sunshine, 3/7 Station Pl, 3020",-37.79067,144.8352587
"Dandenong, 3/1 Sheales St, 3175",-37.973754,145.215871
"Hawthorn, 5/65 Riversdale Rd, 3122",-37.8282721,145.0317983
"Reservoir, 2/47 Northernhay St, 3073",-37.7250147,145.0101563
"Oak Park, 2/29 Ethel St, 3046",-37.7217425,144.9170851
"Seddon, 3/1 Florence St, 3011",-37.808682,144.88482
"Chadstone, 50 Railway Pde, 3148",-37.8735943,145.1063635
"Essendon, 4/6 Schofield St, 3040",-37.745587,144.915363
"Glenroy, 3/15 Leonard Av, 3046",-37.7048408,144.9295837
"Balwyn North, 36 Viewhill Rd, 3104",-37.7900134,145.0889244
"Prahran, 8/10 Lalbert Cr, 3181",-37.8561131,145.0100972
"Pascoe Vale, 7/17 View St, 3044",-37.7238696,144.9263628
"Hawthorn East, 6/537 Tooronga Rd, 3123",-37.8311846,145.0469543
"Sunshine, 69 Dickson St, 3020",-37.7869876,144.8360021
"Sunshine West, 4/29 Bardsley St, 3020",-37.7919247,144.8216
"Mernda, 34 Neptune Tce, 3754",-37.5939498,145.0809064
"Cheltenham, 57 Latrobe St, 3192",-37.9741023,145.0614467
"Richmond, 5/9 Goodwood St, 3121",-37.8194298,144.9930091
"Northcote, 23 Latham St, 3070",-37.7679712,144.9951732
"Richmond, 4/397 Church St, 3121",-37.8247138,144.9983122
"Hampton East, 57 Lonsdale Av, 3188",-37.9332981,145.0283003
"Eltham, 4 Landscape Ct, 3095",-37.6903698,145.1580089
"Armadale, 28 Lambeth Av, 3143",-37.8578854,145.0265961
"Sunshine West, 65 Europa Bnd, 3020",-37.7954908,144.8037337
"Kew, 5/87 Studley Park Rd, 3101",-37.806417,145.0173672
"Bentleigh, 34b Daley St, 3204",-37.92397,145.0377246
"South Melbourne, 912/22 Dorcas St, 3205",-37.831699,144.9643321
"Point Cook, 54 Lancaster Dr, 3030",-37.8770612,144.7411601
"South Yarra, 7/13 Hawksburn Rd, 3141",-37.8430762,145.0014478
"Surrey Hills, 2 Blackburn St, 3127",-37.8232516,145.0992864
"Aspendale, 2/6 Birdwood St, 3195",-38.0297164,145.1049185
"Highett, 7/7 Highett Gr, 3190",-37.9522245,145.0425998
"Oak Park, 5/31 Station Rd, 3046",-37.7142994,144.9198662
"Heidelberg Heights, 26 Marie Av, 3081",-37.7367662,145.0499591
"Elsternwick, 3/31 St Georges Rd, 3185",-37.881851,145.00313
"Brighton, 5/778 Hampton St, 3186",-37.9179197,145.0066721
"Edithvale, 2/26 Munro Av, 3196",-38.0398061,145.1160525
"Keilor East, 22 David Av, 3033",-37.7431656,144.8734747
"Altona North, 60 Rosala Av, 3025",-37.8257396,144.8420189
"Keilor East, 7 Byron Av, 3033",-37.7450378,144.8709946
"MacLeod, 26 Kinlock St, 3085",-37.7210497,145.067963
"Balwyn, 27 Parkdale Av, 3103",-37.8080277,145.0889791
"Elsternwick, 3/35 Shoobra Rd, 3185",-37.8882732,145.0086251
"Pascoe Vale, 2 Karadoc Av, 3044",-37.7191162,144.9473111
"Kingsbury, 9 Keats Av, 3083",-37.7190554,145.0364262
"Prahran, 7/24 Chomley St, 3181",-37.8577478,145.0056892
"St Albans, 2 Curtin St, 3021",-37.7527088,144.8046256
"Ringwood, 4/39 Thomas St, 3134",-37.8203538,145.2345508
"Elwood, 2/48 Tennyson St, 3184",-37.8737874,144.9874607
"Preston, 6/2 Arthur St, 3072",-37.7440653,144.9998786
"Hampton East, 2/37 Highbury Av, 3188",-37.9364646,145.0324953
"St Albans, 3/73 McArthur Av, 3021",-37.7390813,144.8116757
"West Melbourne, 38/28 Jeffcott St, 3003",-37.8112879,144.9524783
"Airport West, 4/40 McNamara Av, 3042",-37.7294177,144.8817252
"Coburg, 7/345 Moreland Rd, 3058",-37.7538739,144.9524573
"Bulleen, 24 Alison Av, 3105",-37.7649649,145.1001096
"Northcote, 403/231 St Georges Rd, 3070",-37.7652036,144.9915665
"Watsonia, 29 Lambourn Rd, 3087",-37.7122127,145.0795537
"Boronia, 43 Interman Rd, 3155",-37.8642474,145.2950853
"Pascoe Vale, 2/297 Cumberland Rd, 3044",-37.7159604,144.9403583
"Fawkner, 35 Bungay St, 3060",-37.6964334,144.9706343
"Carnegie, 4/16 Tranmere Av, 3163",-37.889097,145.0610634
"Camberwell, 3 Davis Av, 3124",-37.8429125,145.0554064
"Brighton East, 36 Binnie St, 3187",-37.9249774,145.0094885
"Fairfield, 25/262 Heidelberg Rd, 3078",-37.7845154,145.0104828
"Avondale Heights, 23 River Dr, 3034",-37.7519067,144.8532585
"Camberwell, 2a Thomas St, 3124",-37.8431219,145.0964455
"Thomastown, 2/9 Waratah St, 3074",-37.6797489,145.0220864
"Camberwell, 30a Allambee Av, 3124",-37.8350938,145.07753
"Ascot Vale, 5/17 Hurtle St, 3032",-37.771526,144.903873
"Balwyn North, 34 Sunburst Av, 3104",-37.7902822,145.0748647
"Bentleigh East, 53b Kennedy St, 3165",-37.9195904,145.0795316
"Hawthorn, 6/1 Power Av, 3122",-37.8243108,145.0253129
"Carlton North, 517 Station St, 3054",-37.7842027,144.975968
"Richmond, 35/69 River St, 3121",-37.8189348,145.0131539
"Glen Huntly, 4/9 MacKay Av, 3163",-37.896488,145.043314
"Oak Park, 3/55 Snell Gr, 3046",-37.7174992,144.9259584
"Richmond, 5/33 York St, 3121",-37.8125344,144.9928363
"Strathmore, 34 Melissa St, 3041",-37.7287024,144.9188588
"Armadale, 7/40 Wattletree Rd, 3143",-37.8612738,145.0186496
"Templestowe Lower, 3/17 Howitt Dr, 3107",-37.7649802,145.1104255
"Viewbank, 9/111 Martins La, 3084",-37.73218,145.094862
"Carrum Downs, 34 Orama Av, 3201",-38.0896452,145.1915426
"Elwood, 27A Austin Av, 3184",-37.8824541,144.9891382
"Glenroy, 45 Langton St, 3046",-37.6985303,144.9135644
"Altona, 2/53 Rayner St, 3018",-37.8641268,144.8209676
"Roxburgh Park, 26 Paroo Av, 3064",-37.6193642,144.9303562
"Brighton East, 2 Shasta Av, 3187",-37.9168306,145.0071114
"Glenroy, 6/919 Pascoe Vale Rd, 3046",-37.6975835,144.9148687
"Avondale Heights, 27 Lake St, 3034",-37.7568338,144.858259
"Balaclava, 3/36 Brighton Rd, 3183",-37.8730196,144.9907256
"Lower Plenty, 5/29 Main Rd, 3093",-37.728316,145.1089
"Altona North, 9 Fourth Av, 3025",-37.8414117,144.8504091
"Bellfield, 6 Carlyle Cr, 3081",-37.7530158,145.0358039
"Heidelberg Heights, 34 Law St, 3081",-37.7439113,145.0491537
"South Melbourne, 8/333 Coventry St, 3205",-37.8331983,144.9562629
"Bayswater, 6 Larne Av, 3153",-37.8414091,145.2541489
"Point Cook, 48 Ladybird Cr, 3030",-37.9059915,144.7450841
"Reservoir, 3/6 McCrae St, 3073",-37.7063538,145.0112059
"Carnegie, 401/276 Neerim Rd, 3163",-37.8887439,145.0562062
"Yarraville, 2/357 Williamstown Rd, 3013",-37.822771,144.882078
"Canterbury, 2B Victoria Av, 3126",-37.822852,145.0756337
"Dandenong, 2/60 James St, 3175",-37.9736243,145.2099773
"Aberfeldie, 2/37 Afton St, 3040",-37.7598031,144.8900127
"Ascot Vale, 7a Station Av, 3032",-37.7753366,144.9226775
"Maidstone, 22/46 Eucalyptus Dr, 3012",-37.7794966,144.8728756
"Reservoir, 2/70 Orrong Av, 3073",-37.7122446,145.0142654
"Fairfield, 40 Langridge St, 3078",-37.777864,145.022576
"Parkdale, 3/13 Ivy St, 3195",-37.9865267,145.0843434
"Doncaster East, 4/29 Cavalier St, 3109",-37.7848221,145.1552073
"Elwood, 6/5 Joyce St, 3184",-37.8889799,144.989225
"Elwood, 7/94 Tennyson St, 3184",-37.8776849,144.9897551
"Glenroy, 56B Fran St, 3046",-37.7021557,144.9058631
"Cheltenham, 6/113 Park Rd, 3192",-37.964234,145.0501
"Camberwell, 2C Staughton Rd, 3124",-37.84672,145.0608762
"Spotswood, 301/88 Hudsons Rd, 3015",-37.8294569,144.8847846
"Bulleen, 31 Nirvana Cr, 3105",-37.7675672,145.0919104
"Deer Park, 7 Amron Cl, 3023",-37.778009,144.7572893
"Windsor, 38/174 Peel St, 3181",-37.8562641,144.9916112
"Werribee, 5 Kasem Dr, 3030",-37.8806116,144.6520605
"Bentleigh East, 6/48 Pasadena Cr, 3165",-37.9300253,145.0731671
"Footscray, 2/53 Eleanor St, 3011",-37.794149,144.8854215
"Coburg, 6/51 The Grove, 3058",-37.7515334,144.9721789
"Parkdale, 3/26 Olive Gr, 3195",-37.9843384,145.0797811
"Melbourne, 420/539 St Kilda Rd, 3000",-37.8452418,144.9796418
"Hampton, 9 Banks Av, 3188",-37.943766,145.0130701
"Bulleen, 47 Alfreda Av, 3105",-37.7760945,145.0983345
"Mount Waverley, 4/454 High Street Rd, 3149",-37.8709124,145.1358035
"Port Melbourne, 49 Edwards Av, 3207",-37.8355956,144.9263576
"Bulleen, 38 Latrobe St, 3105",-37.7640311,145.0954385
"Reservoir, 3 Frier Av, 3073",-37.7299955,145.0146977
"Richmond, 5/1 Victoria Pl, 3121",-37.8108071,144.9993932
"Kew, 6 Belmont Av, 3101",-37.8088356,145.0426353
"Bulleen, 7 Ronald Av, 3105",-37.7642286,145.0897148
"Kingsbury, 3 Green Av, 3083",-37.7150099,145.03789
"Balaclava, 7/38 Brighton Rd, 3183",-37.8733483,144.9909441
"Wollert, 5 Amira Rd, 3750",-37.6127836,145.0425496
"Prahran, 32 Larnook St, 3181",-37.857381,145.00887
"Blackburn, 9 Larch St, 3130",-37.8123241,145.1588763
"Hampton East, 5/17 Keiller St, 3188",-37.9353256,145.0352759
"Sunshine North, 7 Fulton Rt, 3020",-37.7568248,144.8260013
"Preston, 3B Carlisle St, 3072",-37.7527784,145.0106004
"Oak Park, 3/20 Ridge Rd, 3046",-37.7138809,144.9155586
"Maribyrnong, 9/47 Middle Rd, 3032",-37.7677852,144.8898295
"Prahran, 5/17 Kelvin Gr, 3181",-37.8557843,145.0095305
"Mulgrave, 23 Einstein Av, 3170",-37.9327226,145.1809696
"Parkdale, 2/57 Fourth St, 3195",-37.9852853,145.0759771
"Brighton East, 6 Denton St, 3187",-37.930378,145.0270149
"Rosanna, 4/85 Hodgson St, 3084",-37.7464558,145.0733413
"Surrey Hills, 2/30 Langford St, 3127",-37.8177844,145.0969975
"Glenroy, 8 Centre Wy, 3046",-37.7070752,144.9046042
"Parkdale, 69 Parkers Rd, 3195",-37.9945394,145.0763566
"Greensborough, 3/15 Scotland Av, 3088",-37.7014189,145.0970437
"Bentleigh, 2 Gwendoline Av, 3204",-37.9162229,145.0260747
"Blackburn, 27 Tyrrell Av, 3130",-37.814461,145.1496751
"Footscray, 8/7 Govan St, 3011",-37.791368,144.884178
"Preston, 3/9 Mihil St, 3072",-37.7497823,145.0149351
"Northcote, 808/8 Breavington Wy, 3070",-37.7680681,145.0022377
"Richmond, 40 Parkville St, 3121",-37.8289269,145.0118059
"Brunswick West, 7/14 Jolley St, 3055",-37.7575737,144.946521
"Balwyn North, 2/82 Doncaster Rd, 3104",-37.7931782,145.0726576
"Moonee Ponds, 5/243 Union Rd, 3039",-37.7711494,144.9157968
"Mill Park, 52 Stockdale Wy, 3082",-37.665236,145.0834315
"Sunshine North, 3/30 Camperdown Av, 3020",-37.7658783,144.822213
"Balwyn North, 7 Lawson St, 3104",-37.8007069,145.0688158
"Wyndham Vale, 25 Hindmarsh Dr, 3024",-37.8813445,144.6145398
"Sandringham, 309/222 Bay Rd, 3191",-37.9545356,145.0257382
"Doncaster, 4a Myron Pl, 3108",-37.7698457,145.1313932
"Hampton Park, 9 Winnima Av, 3976",-38.0297945,145.2556048
"Oak Park, 3/4 Clyde Ct, 3046",-37.7128207,144.9188981
"Brunswick, 44 Thistle St, 3056",-37.756762,144.951669
"Bentleigh East, 54a MacKie Rd, 3165",-37.9185006,145.0745369
"Frankston, 3/19 Cricklewood Av, 3199",-38.1365418,145.1325118
"Balwyn, 9 Walsh St, 3103",-37.8123262,145.0671907
"Essendon, 7/6 Sturt St, 3040",-37.7479429,144.9136806
"Glenroy, 6/162 Glenroy Rd, 3046",-37.7052687,144.9216181
"Princes Hill, 98 McIlwraith St, 3054",-37.7827386,144.9686797
"Brunswick, 402/33 Breese St, 3056",-37.762392,144.9613341
"Malvern, 44 McKinley Av, 3144",-37.8639774,145.0321343
"Coburg, 22 Maranoa Cr, 3058",-37.7517913,144.9555194
"Seddon, 4/185 Buckley St, 3011",-37.8027925,144.8887869
"Malvern, 2B Finlayson St, 3144",-37.8679988,145.0358884
"Carlton, 80 Keeley La, 3053",-37.7803427,144.9697598
"Malvern, 40a Parslow St, 3144",-37.850096,145.0405873
"Mount Waverley, 2/32 Bizley St, 3149",-37.864998,145.147156
"Parkdale, 2/32 Elliot St, 3195",-37.9967932,145.0912509
"Reservoir, 3/12 Evans Cr, 3073",-37.7155506,145.0205363
"Burnside, 32 Roycroft Av, 3023",-37.751195,144.7471918
"Kew, 8 Tara Av, 3101",-37.8090197,145.0246176
"Reservoir, 2/27 Erskine Av, 3073",-37.722697,145.0243672
"Kensington, 413/60 Speakmen St, 3031",-37.7940545,144.9166719
"Williamstown North, 22 Park Cr, 3016",-37.855751,144.882929
"Murrumbeena, 3/27 Omama Rd, 3163",-37.8906235,145.073506
"Bentleigh, 43B South Av, 3204",-37.9287119,145.0352275
"Glen Huntly, 87/115 Neerim Rd, 3163",-37.8874253,145.0420068
"Reservoir, 4/923 High St, 3073",-37.7126418,145.008045
"Kew, 42 Ridgeway Av, 3101",-37.8042626,145.0396503
"Elsternwick, 5/41 Nepean Hwy, 3185",-37.887704,145.000911
"Balwyn North, 8 Moule Av, 3104",-37.7990089,145.101589
"Mentone, 2/87 Nepean Hwy, 3194",-37.979911,145.0701062
"Brighton, 25 Lindsay St, 3186",-37.9129275,144.9972407
"Epping, 2 Larkspur Cl, 3076",-37.6486828,145.0579673
"Camberwell, 31 Halley Av, 3124",-37.846577,145.0725756
"Carnegie, 2/6 Kokaribb Rd, 3163",-37.8867859,145.0560346
"Ormond, 5/9 Wild Cherry Rd, 3204",-37.9035509,145.0498068
"Oakleigh, 2/34 Golf Links Av, 3166",-37.9071564,145.0913491
"Rosanna, 4/26 Arden Cr, 3084",-37.739737,145.07206
"Kew, 25 Thomas St, 3101",-37.8091539,145.0491506
"Seddon, 89 Pilgrim St, 3011",-37.8052698,144.8925666
"Clayton South, 2/23 Byron St, 3169",-37.935229,145.1209948
"Bundoora, 27 Leeanne Cr, 3083",-37.7039572,145.0602382
"Malvern, 7/347 Glenferrie Rd, 3144",-37.8529536,145.0295632
"Clayton, 2/3 Manatunga St, 3168",-37.9161028,145.1254869
"Armadale, 3/7 Fetherston St, 3143",-37.8563096,145.0185464
"Ascot Vale, 61 Brown Av, 3032",-37.7773833,144.9047976
"Aspendale, 8A Lawrence Av, 3195",-38.0264649,145.1031913
"Newport, 9 Laurie St, 3015",-37.8439429,144.8701781
"Ashburton, 34 Morotai Av, 3147",-37.8665071,145.0812708
"Thomastown, 2 Hampstead Court, 3074",-37.6732263,145.0044203
"Brunswick West, 29 Whitby St, 3055",-37.7646704,144.9478265
"St Kilda, 2/25 Vale St, 3182",-37.8664808,144.9840599
"Fitzroy North, 23/4 Bik La, 3068",-37.7843894,144.9781188
"St Kilda, 6/17 Robe St, 3182",-37.8652454,144.9775371
"Doncaster East, 345a Serpells Rd, 3109",-37.7688359,145.170489
"Chadstone, 2/9 Batesford Rd, 3148",-37.8751127,145.095058
"Ivanhoe, 5/96 St Elmo Rd, 3079",-37.7592718,145.0475279
"Bentleigh East, 5B Alexander St, 3165",-37.9217805,145.0536179
"Point Cook, 4 Boathouse Pl, 3030",-37.8970069,144.7755778
"Tarneit, 7 Laurel Av, 3029",-37.8462445,144.7047094
"Balwyn North, 2/77 Aylmer St, 3104",-37.8001365,145.0682405
"Glen Iris, 8/40 Osborne Av, 3146",-37.8545432,145.0473401
"Brunswick West, 36c Newman St, 3055",-37.7607426,144.9482384
"McKinnon, 239B Tucker Rd, 3204",-37.9106538,145.0523503
"Burnside, 2 Landy Ct, 3023",-37.75864,144.7565724
"Jacana, 69 Lorraine Cr, 3047",-37.6840686,144.9057524
"Airport West, 5/93 McNamara Av, 3042",-37.7237032,144.8814094
"Glen Iris, 4/23 Scott Gr, 3146",-37.856701,145.049277
"Gladstone Park, 4 Ellesmere Cr, 3043",-37.685211,144.8919693
"Sandringham, 2/87 Vincent St, 3191",-37.9494698,145.0194947
"Essendon North, 3/1 Royal Av, 3041",-37.739367,144.90626
"Mitcham, 8 Sunshine Av, 3132",-37.8234093,145.1977694
"Bulleen, 6 Penderel Wy, 3105",-37.7614178,145.0948481
"Eltham, 2/56 John St, 3095",-37.721056,145.151925
"North Melbourne, 2/85 Leveson St, 3051",-37.8023393,144.9509519
"Hoppers Crossing, 29 Storrington Av, 3029",-37.8661292,144.7065759
"Glen Waverley, 5/673 High Street Rd, 3150",-37.8723011,145.1525265
"Mentone, 3/24 Milan St, 3194",-37.9858504,145.0603868
"Reservoir, 649c Gilbert Rd, 3073",-37.7268987,144.9917642
"Pascoe Vale, 8b Hayes Pde, 3044",-37.7322141,144.9279167
"Ivanhoe East, 2/33 Carmichael St, 3079",-37.769869,145.058056
"Brunswick, 2/263 Albion St, 3056",-37.7599542,144.9581027
"Burwood, 2/2 Aylwin Av, 3125",-37.8472961,145.1004996
"Greenvale, 40 Frontier Av, 3059",-37.6128618,144.8858654
"Sunshine West, 92 Whitesides Av, 3020",-37.7848121,144.7968744
"Brighton, 5/23 Glyndon Av, 3186",-37.9004013,144.9853087
"Caulfield North, 5/472 Dandenong Rd, 3161",-37.863869,145.0212261
"Moonee Ponds, 31 Bruce St, 3039",-37.7635021,144.9055853
"South Yarra, 5/178 Toorak Rd, 3141",-37.8380803,144.9859249
"Cheltenham, 9/209 Charman Rd, 3192",-37.9709037,145.0544492
"Surrey Hills, 5 Royal La, 3127",-37.8259381,145.0972417
"Noble Park, 3/28 David St, 3174",-37.9799167,145.1746045
"St Kilda, 7/188 Barkly St, 3182",-37.8690609,144.9810765
"Collingwood, 301/44 Bedford St, 3066",-37.8015673,144.9847628
"Sunbury, 76 Riddell Rd, 3429",-37.5702552,144.7226226
"Carnegie, 2/39 Coorigil Rd, 3163",-37.8957943,145.0594912
"Doncaster, 45 Koolkuna Av, 3108",-37.7896815,145.1142246
"Preston, 6/110 David St, 3072",-37.7425052,145.0038813
"Mentone, 2/62 Balcombe Rd, 3194",-37.9810485,145.06708
"Doncaster, 53 McCallum Rd, 3108",-37.7776491,145.1343649
"Altona, 3/98 Maidstone St, 3018",-37.866336,144.8130959
"Craigieburn, 30 Beckett Wy, 3064",-37.5826008,144.9263852
"Hillside, 8 Tormorvey Av, 3037",-37.6887664,144.7499849
"Greensborough, 5/40 Hailes St, 3088",-37.700313,145.1017919
"Greensborough, 8/50 Scotland Av, 3088",-37.702269,145.1007
"Campbellfield, 36 Augusta Av, 3061",-37.6709951,144.9516538
"Keilor East, 48 Fawkner Cr, 3033",-37.7475598,144.8657113
"Bentleigh, 3/18 North Av, 3204",-37.9299903,145.0350727
"Malvern, 4/236 Wattletree Rd, 3144",-37.8637104,145.0372681
"Brunswick, 304/1 Lygon St, 3056",-37.7785456,144.9704059
"Port Melbourne, 602/142 Rouse St, 3207",-37.8421644,144.9399742
"Kew, 2/9 Peel St, 3101",-37.8051288,145.0327772
"West Footscray, 6/30 Argyle St, 3012",-37.7949833,144.8744371
"Preston, 33b Okeefe St, 3072",-37.7430693,145.0152014
"Ringwood, 2/7 Collett Av, 3134",-37.8006695,145.2369561
"Ringwood East, 3/14 Illoura Av, 3135",-37.8175514,145.2461448
"Sunshine North, 32 Barwon Av, 3020",-37.7691933,144.8268859
"Bayswater North, 22 Sherbourne Av, 3153",-37.8299046,145.2927569
"Burwood, 50 Harrison Av, 3125",-37.8579388,145.0974616
"Forest Hill, 4 Dehaviland Av, 3131",-37.8512829,145.1643677
"Broadmeadows, 3/52 Jacana Av, 3047",-37.6879029,144.9217297
"Maribyrnong, 7/4 Wests Rd, 3032",-37.7736605,144.881623
"Pascoe Vale, 3 Dromana Av, 3044",-37.7303952,144.9343253
"Coburg North, 2/29 Goleen St, 3058",-37.72701,144.9648313
"Toorak, 3/33 Selborne Rd, 3142",-37.8459829,145.0126127
"Newport, 4/26 Newcastle St, 3015",-37.8400498,144.8804749
"West Footscray, 2/6 Exhibition St, 3012",-37.8054932,144.876328
"Bulleen, 22 Nirvana Cr, 3105",-37.7684269,145.0930828
"Bentleigh East, 68 Pasadena Cr, 3165",-37.9296503,145.0713998
"Brunswick, 57 Collier Cr, 3056",-37.7715317,144.9503151
"Montmorency, 3/96 Para Rd, 3094",-37.7169695,145.1151021
"Meadow Heights, 2/6 Mitchell Cr, 3048",-37.651272,144.930326
"South Morang, 3 Axa Wy, 3752",-37.6309278,145.0688679
"Thornbury, 2/39 Martin St, 3071",-37.760997,145.003724
"Sunshine North, 68 Sandford Av, 3020",-37.765664,144.82399
"Ringwood, 28/7 Turnbull Ct, 3134",-37.808154,145.2320724
"Brunswick East, 301/22 Barkly St, 3057",-37.7780107,144.9764397
"Melbourne, 901/469 St Kilda Rd, 3000",-37.8413978,144.9781044
"Abbotsford, 40/80 Trenerry Cr, 3067",-37.7979172,144.9981895
"Sunshine North, 29 Cranbourne Av, 3020",-37.7686918,144.8271122
"Bentleigh, 8/28 Clairmont Av, 3204",-37.9220803,145.0264432
"Cranbourne, 2A Hotham St, 3977",-38.1039971,145.2895595
"Chelsea Heights, 68 Fourth Av, 3196",-38.0402745,145.1328141
"Thornbury, 3/120 Dundas St, 3071",-37.7538991,145.0144631
"Newport, 4/65 Mason St, 3015",-37.842245,144.8782812
"Reservoir, 5 Massey Av, 3073",-37.7066559,144.9897821
"Melbourne, 54/461 St Kilda Rd, 3000",-37.840736,144.9781421
"Albert Park, 47 Greig St, 3206",-37.8418952,144.9491482
"Balwyn, 4/20 Brenbeal St, 3103",-37.8113482,145.0880769
"Canterbury, 6/3 The Ridge, 3126",-37.8215632,145.0638272
"Bayswater North, 3/16 Dunlop Av, 3153",-37.818188,145.268232
"Toorak, 4/26 Tintern Av, 3142",-37.841659,145.005956
"Brunswick West, 4/13 Larnoo Av, 3055",-37.763324,144.947946
"Maribyrnong, 29 Lakeside Cr, 3032",-37.7842878,144.8998789
"Brighton East, 44 Edro Av, 3187",-37.9259736,145.0101278
"Hawthorn, 4/179 Riversdale Rd, 3122",-37.8293982,145.041268
"Kingsville, 2/357 Geelong Rd, 3012",-37.8081011,144.8760438
"Moonee Ponds, 3/57 Homer St, 3039",-37.7650087,144.9200169
"Ringwood East, 64 Alexandra Rd, 3135",-37.8176171,145.2546137
"Melbourne, 2403/8 Franklin St, 3000",-37.8074717,144.9621267
"Glen Waverley, 2/33 Mount St, 3150",-37.8829596,145.1673343
"Kingsville, 2/45 Edgar St, 3012",-37.8102404,144.8771079
"Elsternwick, 7/15 Alexandra Av, 3185",-37.8888404,145.0030221
"Port Melbourne, 810/101 Bay St, 3207",-37.8406249,144.9395556
"Mont Albert, 58 Victoria Cr, 3127",-37.8138513,145.1081283
"Abbotsford, 49/84 Trenerry Cr, 3067",-37.7979172,144.9981895
"Maidstone, 2/6 Baird St, 3012",-37.7893819,144.8735549
"Port Melbourne, 305/25 Pickles St, 3207",-37.8438951,144.9444928
"Fitzroy North, 8/301 St Georges Rd, 3068",-37.7812857,144.9853177
"Burwood, 2a Gilmour St, 3125",-37.8513891,145.0988846
"Vermont, 3/696 Canterbury Rd, 3133",-37.8350037,145.2029447
"Balwyn North, 4/17 Doncaster Rd, 3104",-37.7928595,145.0658549
"Hampton East, 9 Summit Av, 3188",-37.9393949,145.0250487
"Hampton, 304/33 Crisp St, 3188",-37.9410125,145.0059522
"East Melbourne, 7/6 Wellington Cr, 3002",-37.8177793,144.9777139
"Craigieburn, 3 Laguna Pl, 3064",-37.6018726,144.9180378
"Sunshine West, 4 Pinaroo Av, 3020",-37.7940004,144.812034
"Ivanhoe East, 9/61 Maltravers Rd, 3079",-37.7693242,145.0573695
"MacLeod, 8/30 Strathallan Rd, 3085",-37.7233488,145.0780972
"Armadale, 43 Lambeth Av, 3143",-37.8567388,145.0263268
"Ascot Vale, 24/33 Fisher Pde, 3032",-37.7868325,144.9048334
"Brighton, 5/35 Normanby St, 3186",-37.9111428,144.9908943
"Hampton, 2/5 Walker Av, 3188",-37.937786,145.0188313
"Lalor, 3/115 Messmate St, 3075",-37.6759143,145.0260754
"Reservoir, 3/50 Darebin Bvd, 3073",-37.7041682,145.0261676
"Blackburn, 4/5 Dewrang Cr, 3130",-37.8164046,145.1421407
"Heidelberg, 5/16 Darebin St, 3084",-37.753814,145.068497
"Elwood, 23/5 Dickens St, 3184",-37.8712994,144.9877832
"Melton South, 3/10 Station Rd, 3338",-37.7022447,144.5756501
"Ashwood, 27 Yertchuk Av, 3147",-37.8615487,145.1062981
"North Melbourne, 6/49 Brougham St, 3051",-37.7937429,144.9436913
"Doncaster, 9 Lauer St, 3108",-37.7856367,145.1388572
"Docklands, 8 Foundry Wy, 3008",-37.8228457,144.9381653
"Cheltenham, 2/31 Cavanagh St, 3192",-37.9634017,145.0649907
"Melbourne, 406/422 Collins St, 3000",-37.8170971,144.9601487
"Mentone, 3/35 Bourke St, 3194",-37.9741958,145.0563818
"Brighton East, 23 Lansdown St, 3187",-37.9032771,145.0164843
"Reservoir, 3/13 Nisbett St, 3073",-37.7285496,145.0351067
"Keilor East, 38 Heather Av, 3033",-37.7431298,144.8678575
"Greensborough, 3/207 Nepean St, 3088",-37.7130223,145.1059469
"Parkdale, 22b Stewart Av, 3195",-37.9916673,145.0786296
"Thomastown, 33 Madera Dr, 3074",-37.6861529,144.9908572
"Prahran, 502/220 Commercial Rd, 3181",-37.8469523,144.9938048
"Richmond, 79 York St, 3121",-37.81311,144.9943489
"Prahran, 8/8 Airlie Av, 3181",-37.8548636,145.0082074
"Kew, 3/1295 Burke Rd, 3101",-37.8043946,145.0616107
"Dandenong North, 33 Sherwood Cr, 3175",-37.951887,145.2206881
"Kew East, 6/27 Windella Av, 3102",-37.7968272,145.049886
"Balwyn North, 24 Cumberland Av, 3104",-37.8007574,145.1027598
"Burwood, 7 Waratah Av, 3125",-37.8441308,145.0979669
"Hawthorn, 2/3 Harrison Cr, 3122",-37.8127408,145.0162269
"Thornbury, 9/32 Clarendon St, 3071",-37.760054,145.0026923
"Coburg, 3/78 The Grove, 3058",-37.7527534,144.9748793
"Port Melbourne, 606/93 Dow St, 3207",-37.8421522,144.9405833
"Coburg North, 3/53 Lincoln Av, 3058",-37.7193316,144.954912
"Camberwell, 35 Nevis St, 3124",-37.8430621,145.0823233
"Hillside, 42 Langmore Dr, 3037",-37.6822265,144.7458436
"Parkville, 2/85 Manningham St, 3052",-37.7854228,144.9413059
"Airport West, 89 Bowes Av, 3042",-37.7273086,144.8849247
"Bonbeach, 6/594 Nepean Hwy, 3196",-38.0699652,145.1202787
"Heatherton, 7/3 Yvonne Ct, 3202",-37.9528495,145.0813999
"Reservoir, 40A Darebin Bvd, 3073",-37.7037499,145.0249903
"Bentleigh East, 23 Wolai Av, 3165",-37.921269,145.0799336
"Hawthorn, 8/27 Hill St, 3122",-37.8181368,145.0205707
"Ashwood, 27 Lavidge Rd, 3147",-37.8650674,145.1080891
"Sandringham, 46 Bamfield St, 3191",-37.9480763,145.0072609
"Melbourne, 2309/668 Bourke St, 3000",-37.8165887,144.9542063
"Brunswick, 61 Amelia St, 3056",-37.7761567,144.9663129
"Carnegie, 51 Elliott Av, 3163",-37.8918265,145.0593361
"Airport West, 33 Bowes Av, 3042",-37.7314069,144.8845153
"Sunbury, 39b Carnoustie Dr, 3429",-37.5819509,144.7539822
"Bentleigh, 33A Campbell St, 3204",-37.9188641,145.0326871
"St Albans, 3/144 William St, 3021",-37.7362342,144.8087556
"Toorak, 3/12 Lambert Rd, 3142",-37.8478456,145.0106569
"Elwood, 3/40 Ormond Rd, 3184",-37.8839226,144.9848237
"Carnegie, 403/276 Neerim Rd, 3163",-37.8887571,145.0562003
"Brunswick East, 7/374 Lygon St, 3057",-37.7672291,144.9727344
"Thornbury, 3/53 Collins St, 3071",-37.754823,145.005294
"Elwood, 3/2 Bluff Av, 3184",-37.8822179,144.9792284
"Altona North, 3/16 Bryan Av, 3025",-37.8450347,144.8493375
"Mentone, 4/40 Collins St, 3194",-37.979806,145.0579202
"Aspendale, 2a Gladstone Av, 3195",-38.0234896,145.0989702
"Brunswick West, 6/36 Murray St, 3055",-37.759314,144.941699
"Caroline Springs, 5/106 The Esplanade, 3023",-37.7344223,144.7470617
"Prahran, 4/2 Jessamine Av, 3181",-37.8583021,145.0032584
"Carrum Downs, 37 Hillview Dr, 3201",-38.0970228,145.1906913
"Reservoir, 9 Barton St, 3073",-37.7121258,145.0070207
"Sunshine North, 73 Metherall St, 3020",-37.7650453,144.8228955
"Epping, 9 Euroa St, 3076",-37.6295508,145.0261948
"Ascot Vale, 92 Langs Rd, 3032",-37.7833622,144.9063327
"Ardeer, 2/38 Holt St, 3022",-37.7740804,144.7996293
"Hampton, 25a Teddington Rd, 3188",-37.9355985,145.0169348
"Rowville, 4 Hodges Cl, 3178",-37.9233554,145.2557737
"St Kilda, 6/14 Inkerman St, 3182",-37.8640117,144.9824588
"Kew East, 4/27 Windella Av, 3102",-37.7968125,145.0498783
"North Melbourne, 6/8 Tyrone St, 3051",-37.8010555,144.9545459
"Armadale, 2/38 Northcote Rd, 3143",-37.8531229,145.0173079
"Hawthorn, 40 Swinburne Av, 3122",-37.8262278,145.0392267
"Campbellfield, 7 Augusta Av, 3061",-37.6716558,144.9538124
"Brunswick West, 39/2 Centennial Av, 3055",-37.7728674,144.9483675
"Clifton Hill, 8/82 Roseneath St, 3068",-37.7932999,144.9974225
"Flemington, 2/25 Brixton St, 3031",-37.7809448,144.9287509
"Ripponlea, 9 Erindale Av, 3185",-37.8782876,144.9952952
"Parkdale, 5/33 Parkers Rd, 3195",-37.9964447,145.0753652
"Glenroy, 2/49 Melbourne Av, 3046",-37.7046796,144.9334584
"Heathmont, 4/265 Canterbury Rd, 3135",-37.8315823,145.2322251
"Fitzroy, 22/26 Victoria St, 3065",-37.7989488,144.9756044
"Brighton, 3/398 Bay St, 3186",-37.9062636,145.0068417
"Ivanhoe, 7/15 Carn Av, 3079",-37.761974,145.0512805
"Brighton East, 46 Glencairn Av, 3187",-37.9273847,145.0195737
"Craigieburn, 59 Balyang Wy, 3064",-37.5980601,144.9128199
"Carlton North, 80 Wilson St, 3054",-37.7831199,144.9671127
"Bundoora, 24b Main Dr, 3083",-37.7140645,145.047825
"Brooklyn, 4/43 Cypress Av, 3012",-37.8228768,144.8440205
"Melbourne, 506/70 Queens Rd, 3000",-37.8511907,144.9789082
"Northcote, 3/8 Ross St, 3070",-37.7846865,144.9992549
"Brunswick East, 6 Waihi Av, 3057",-37.7656465,144.9766382
"Prahran, 304/47 Porter St, 3181",-37.8479432,144.990436
"Sunshine, 3 Alexandra Av, 3020",-37.784795,144.836745
"Glen Huntly, 6/18 Etna St, 3163",-37.8900849,145.0415698
"Springvale South, 2/8 Shaw St, 3172",-37.9768508,145.1557923
"Camberwell, 5 Gowar Av, 3124",-37.8398319,145.0742793
"Glen Waverley, 2/25 Tobias Av, 3150",-37.8879819,145.1680312
"Oak Park, 4 Short Av, 3046",-37.7154199,144.9126975
"Caulfield, 2/913 Glen Huntly Rd, 3162",-37.8872645,145.0281208
"Camberwell, 6/1021 Toorak Rd, 3124",-37.846989,145.0671606
"Bulleen, 8/116 Manningham Rd, 3105",-37.7678282,145.0943003
"Reservoir, 34 Churchill Av, 3073",-37.6931092,144.9790394
"Sunshine North, 3/21 Suffolk Rd, 3020",-37.7714994,144.8323438
"Black Rock, 5/12 Ebden Av, 3193",-37.976403,145.017171
"Moorabbin, 32a Fiddes St, 3189",-37.9369776,145.0478729
"West Footscray, 5/165 Sunshine Rd, 3012",-37.7997867,144.8628917
"Malvern, 95 Claremont Av, 3144",-37.8665056,145.0368958
"Bayswater, 4/12 Armstrong Rd, 3153",-37.8398194,145.256568
"Carnegie, 7/27 Elliott Av, 3163",-37.8904077,145.0597895
"Bentleigh East, 6/259 East Boundary Rd, 3165",-37.9143739,145.0600314
"Reservoir, 29 Lane Cr, 3073",-37.7146425,145.0165287
"Noble Park, 3/10 Agnes St, 3174",-37.973108,145.171649
"Brunswick West, 5/23 McLean St, 3055",-37.7547151,144.9379767
"St Albans, 4/18 James St, 3021",-37.7398476,144.7919599
"Pascoe Vale, 6/99 Kent Rd, 3044",-37.7206132,144.9414099
"Brighton, 25/568 New St, 3186",-37.8846708,144.9972269
"Balwyn, 23 Hertford Cr, 3103",-37.8118584,145.0946579
"Camberwell, 4 Braeside Av, 3124",-37.8473549,145.0951619
"South Yarra, 7/36 Cromwell Rd, 3141",-37.8433932,145.0004389
"Camberwell, 4/34 Thomas St, 3124",-37.8430098,145.0928886
"Bundoora, 3/171 Greenwood Dr, 3083",-37.7057338,145.0669429
"Surrey Hills, 8 Thistle St, 3127",-37.8328159,145.0979005
"Black Rock, 54 Second St, 3193",-37.9790214,145.024792
"Hampton, 78A Highett Rd, 3188",-37.9461262,145.0188846
"Kew, 3/51 Cobden St, 3101",-37.8023275,145.0355126
"Keilor, 3/660 Old Calder Hwy, 3036",-37.7209574,144.8383091
"Heidelberg Heights, 42 Haig St, 3081",-37.7458421,145.0520528
"Chadstone, 4 Moorong St, 3148",-37.8797959,145.1051269
"Fitzroy, 4/44 Brunswick St, 3065",-37.8061502,144.9773531
"Southbank, 2503/109 Clarendon St, 3006",-37.8277535,144.958414
"Camberwell, 26 Ellsworth Cr, 3124",-37.8405933,145.087279
"Abbotsford, 25/84 Trenerry Cr, 3067",-37.7979304,144.9981836
"Fitzroy North, 5/180 Queens Pde, 3068",-37.7903356,144.9858597
"Brighton East, 28 Sunlight Cr, 3187",-37.9277097,145.0214524
"Altona North, 60 Fifth Av, 3025",-37.8392959,144.8502777
"Glenroy, 52 Tarana Av, 3046",-37.7104061,144.9044468
"Highett, 22 Lansell Av, 3190",-37.9514433,145.0238235
"Fitzroy, 502/176 Argyle St, 3065",-37.7980056,144.9817947
"Mill Park, 8/45 Ancona Dr, 3082",-37.6578714,145.0778906
"Keilor East, 26 Limestone Av, 3033",-37.741246,144.8772263
"Camberwell, 8 Crellin Gr, 3124",-37.842625,145.0811456
"Fitzroy North, 501/58 Queens Pde, 3068",-37.7921159,144.9815705
"Preston, 2/9 Furzer St, 3072",-37.7283969,144.986072
"Rosanna, 99 Banyule Rd, 3084",-37.7428678,145.0818969
"Hawthorn, 8A Ercildoune Av, 3122",-37.8363632,145.0417065
"Frankston, 9 Darius Av, 3199",-38.1723944,145.1516003
"Armadale, 7 Lambeth Av, 3143",-37.8586976,145.0260353
"Greensborough, 6/12 Parkview Av, 3088",-37.70612,145.0949076
"Parkdale, 4/117 Como Pde E, 3195",-37.9910055,145.0744947
"Bentleigh East, 88b Bignell Rd, 3165",-37.9350421,145.0694293
"Caulfield North, 6/24 Park Cr, 3161",-37.8725619,145.0348207
"Kew, 2/5 Asquith St, 3101",-37.7986304,145.0457941
"Blackburn South, 38 Lawrence St, 3130",-37.8346264,145.1481247
"St Albans, 2/44 Avondale Av, 3021",-37.7425521,144.8156045
"Moorabbin, 8/23 Genoa St, 3189",-37.9428,145.0584385
"Mulgrave, 45 Carson St, 3170",-37.9290073,145.1662339
"Balwyn, 7 May St, 3103",-37.8104587,145.070232
"Ashwood, 2/2 Queens Pde, 3147",-37.8670624,145.0988541
"Balwyn, 34 Monash Av, 3103",-37.8052861,145.0717698
"Brooklyn, 9 Richards Ct, 3012",-37.8240907,144.8418543
"Beaumaris, 23 Hepburn Av, 3193",-37.9761696,145.0281779
"West Footscray, 2 Stanley St, 3012",-37.7909319,144.8733652
"Brunswick, 22/74 Tinning St, 3056",-37.7586029,144.9576374
"Brighton East, 39 Plantation Av, 3187",-37.9219798,145.0096984
"Box Hill, 405/2 Archibald St, 3128",-37.8165723,145.1218441
"Chadstone, 2 Melinga Cr, 3148",-37.8763263,145.1061459
"Williamstown North, 5/7 Park Cr, 3016",-37.8564752,144.8836216
"Moorabbin, 2/30 Matilda Rd, 3189",-37.940386,145.0582799
"Keilor East, 44 Parkside Av, 3033",-37.741712,144.8574407
"Camberwell, 3/22 Allambee Av, 3124",-37.835234,145.0766109
"Camberwell, 2/29 Hazel St, 3124",-37.8437944,145.0655834
"Coburg, 22 Spring St, 3058",-37.7360631,144.9787714
"Sunbury, 6 Landsborough Dr, 3429",-37.5792729,144.7084587
"Glenroy, 23 Tarana Av, 3046",-37.7119087,144.9081645
"Abbotsford, 504/12 Trenerry Cr, 3067",-37.7996378,145.0016736
"Newport, 90 Oxford St, 3015",-37.8360799,144.8773853
"Greensborough, 6 Paterson Cr, 3088",-37.7098499,145.109596
"Heidelberg Heights, 4/28 Myrtle St, 3081",-37.756242,145.051667
"Oakleigh South, 9 Salem Av, 3167",-37.92485,145.0843968
"croydon, 81 hull Rd, 3136",-37.7940945,145.2993212
"Coburg North, 22 Ballard Av, 3058",-37.7306078,144.9792385
"Ascot Vale, 26 Harmony Rd, 3032",-37.7758553,144.902641
"Reservoir, 2 Churchill Av, 3073",-37.6924168,144.9759344
"Balwyn, 4/42 Talbot Av, 3103",-37.8156657,145.0865244
"Brighton East, 5 Sunlight Cr, 3187",-37.92858,145.0231357
"Diggers Rest, 24 Precious Rd, 3427",-37.6208333,144.7109915
"Balwyn North, 2/363 Belmore Rd, 3104",-37.8035698,145.0984608
"Frankston North, 29 Laurina Cr, 3200",-38.1161156,145.1547764
"Parkville, 3/83 Manningham St, 3052",-37.785499,144.9415638
"Moonee Ponds, 2/342 Ascot Vale Rd, 3039",-37.7691056,144.9247344
"Roxburgh Park, 5 Forwood Wy, 3064",-37.638188,144.9282661
"Ormond, 4/50 Glen Orme Av, 3204",-37.9065114,145.0387483
"Thornbury, 4/59 Pender St, 3071",-37.753649,145.007821
"Point Cook, 63 Ladybird Cr, 3030",-37.9060709,144.7445495
"Bentleigh East, 7a Dover St, 3165",-37.921495,145.06931
"Brunswick West, 2/39 Murray St, 3055",-37.7595851,144.9414595
"Mill Park, 5/45 Ancona Dr, 3082",-37.6580585,145.0776129
"Essendon West, 33b Emerald St, 3040",-37.7516877,144.8846136
"Seaford, 25 Duncan Av, 3198",-38.1265354,145.1305397
"Eaglemont, 35 Ormond Rd, 3084",-37.7667697,145.0585391
"Kew, 4 Orford Av, 3101",-37.8136534,145.0511194
"Balwyn, 53 Monash Av, 3103",-37.8037918,145.0727721
"Fitzroy, 502/231 Moor St, 3065",-37.802002,144.9835335
"Forest Hill, 4/440 Canterbury Rd, 3131",-37.835699,145.1778933
"Bentleigh, 3/148 Tucker Rd, 3204",-37.9211281,145.0510026
"Toorak, 23 Montalto Av, 3142",-37.8440682,145.0124165
"Glen Iris, 3/14 Osborne Av, 3146",-37.8570807,145.0468545
"Bentleigh East, 36 Pasadena Cr, 3165",-37.930949,145.0732911
"Malvern, 6/31 Claremont Av, 3144",-37.8658472,145.0312524
"Prahran, 5/25 Irving Av, 3181",-37.8573168,145.0070538
"Essendon, 44 Salmon Av, 3040",-37.7428314,144.9152063
"Mordialloc, 23b Ormond St, 3195",-38.0020227,145.0905801
"Narre Warren, 34 Mahon Cr, 3805",-38.0345715,145.3174796
"Brighton, 2/90 Durrant St, 3186",-37.912607,145.005985
"Balwyn North, 2/5 Marwal Av, 3104",-37.7938342,145.072067
"Wyndham Vale, 5 Manifera Cl, 3024",-37.877316,144.6088676
"Bentleigh East, 44a McGuinness Rd, 3165",-37.9240583,145.0753116
"MacLeod, 7/15 Cooley Av, 3085",-37.7198455,145.0802444
"Bundoora, 3/11 Neilsen Cr, 3083",-37.6974426,145.0425288
"Carnegie, 31 Munster Av, 3163",-37.8846754,145.050738
"Hughesdale, 63 Carlisle Cr, 3166",-37.8975036,145.082556
"Wantirna South, 9/91 Jenola Pde, 3152",-37.8735931,145.2264809
"Ormond, 2 Logan Av, 3204",-37.9070357,145.0520316
"Hawthorn, 2/28 Burwood Rd, 3122",-37.821058,145.0204776
"Bentleigh East, 4/736 Centre Rd, 3165",-37.9214838,145.0604389
"Ascot Vale, 32 Myross Av, 3032",-37.7799774,144.9040491
"Glen Waverley, 24 Owens Av, 3150",-37.8915299,145.1596808
"Niddrie, 57A Coghlan St, 3042",-37.7420241,144.8856195
"Hawthorn, 7/63 Wattle Rd, 3122",-37.8242005,145.0317096
"Bentleigh, 2/59 Mortimore St, 3204",-37.9274393,145.0453154
"Strathmore, 3/3 Wood St, 3041",-37.7406673,144.9088274
"Bentleigh East, 4/650 Centre Rd, 3165",-37.9206812,145.05419
"Carnegie, 4/25 Shepparson Av, 3163",-37.8901898,145.0577739
"Hughesdale, 31/50 Poath Rd, 3166",-37.8930913,145.0772457
"Balwyn, 3/7 Jersey St, 3103",-37.8141245,145.0762246
"Oak Park, 2/37 Rhodes Pde, 3046",-37.7157863,144.9278198
"Flemington, 7/43 Farnham St, 3031",-37.7821418,144.9301599
"Williamstown North, 4/9 Adeline St, 3016",-37.8562847,144.8821855
"Balwyn North, 3/56 Maud St, 3104",-37.795776,145.071525
"Brunswick, 32 Laura St, 3056",-37.7707762,144.9660236
"Murrumbeena, 28 Murrumbeena Cr, 3163",-37.8999452,145.0676262
"Brighton, 9/36 New St, 3186",-37.9276455,144.9943476
"Essendon, 5/7 Violet St, 3040",-37.7553663,144.9127127
"Blackburn, 2/4 Springfield Rd, 3130",-37.8093921,145.1415375
"Airport West, 3/75 Victory Rd, 3042",-37.7183948,144.8850724
"Gladstone Park, 38 Beresford Cr, 3043",-37.6843463,144.8954109
"Armadale, 8/507 Dandenong Rd, 3143",-37.8624486,145.0201055
"Altona North, 2C Sixth Av, 3025",-37.8445616,144.8484937
"Sunshine North, 22 Lurg Av, 3020",-37.7630613,144.8242346
"Carlton North, 9/1066 Lygon St, 3054",-37.7809417,144.9705344
"Maidstone, 5/19 Burns St, 3012",-37.7874298,144.8747506
"Preston, 8 Larne Gr, 3072",-37.7516804,145.0057871
"Kooyong, 5/687 Toorak Rd, 3144",-37.8436223,145.0317777
"Albion, 3/517 Ballarat Rd, 3020",-37.7767474,144.8221749
"Beaumaris, 9/5 Alfred St, 3193",-37.9760173,145.0502414
"Camberwell, 24 Glencairn Av, 3124",-37.846326,145.0815691
"Fitzroy, 4/35 Argyle St, 3065",-37.7971285,144.9766268
"Yallambie, 38 Allima Av, 3085",-37.7219722,145.1075683
"Bulleen, 40/78 Manningham Rd, 3105",-37.7666877,145.0905683
"Hawthorn, 4/25 Illawarra Rd, 3122",-37.831755,145.040198
"Ringwood North, 57 Tortice Dr, 3134",-37.7848781,145.2446462
"Kew East, 4/57 Hartwood St, 3102",-37.7932404,145.0538604
"Kensington, 4 Lascelles Sq, 3031",-37.794252,144.91754
"Caulfield South, 6/27 Eumeralla Rd, 3162",-37.8990751,145.0326258
"Strathmore, 43 Streldon Av, 3041",-37.7230825,144.908481
"Burwood, 29 Clanbrae Av, 3125",-37.8474407,145.1251027
"Epping, 32/12 Kirkland Ct, 3076",-37.6298754,145.0298511
"Port Melbourne, 6/223 Esplanade Pl, 3207",-37.8358266,144.9473664
"MacLeod, 49 Harborne St, 3085",-37.7179246,145.087802
"Malvern East, 4/4 Paxton St, 3145",-37.8709274,145.05057
"Flemington, 25/2 Newmarket Wy, 3031",-37.7858766,144.9280496
"Glen Iris, 3/9 Maverston St, 3146",-37.8512332,145.0784646
"Reservoir, 39 Manoel Av, 3073",-37.7000748,145.0345017
"Sandringham, 59a Duncan St, 3191",-37.9477241,145.0212215
"Reservoir, 9 Odonnell St, 3073",-37.7069109,144.9965622
"MacLeod, 275 Greensborough Rd, 3085",-37.7172201,145.0813002
"Kingsville, 3/45 Edgar St, 3012",-37.8102498,144.8771924
"Airport West, 3/54 Hawker St, 3042",-37.7218133,144.886013
"Chadstone, 2/9 Robert St, 3148",-37.8829263,145.1030715
"Murrumbeena, 3a Irving Av, 3163",-37.9059463,145.068439
"Reservoir, 32 Marchant Av, 3073",-37.7147273,145.0133198
"Coburg, 3/25 Belgrave St, 3058",-37.7442297,144.9754208
"Reservoir, 41 Winter Cr, 3073",-37.7192284,145.0274296
"Ivanhoe, 3/11 Clark Rd, 3079",-37.7813307,145.0389889
"Ripponlea, 4/124 Brighton Rd, 3185",-37.8797063,144.9948985
"McKinnon, 5/22 Station Av, 3204",-37.9092208,145.0394943
"Melbourne, 82/632 St Kilda Rd, 3000",-37.85421,144.9815512
"Elwood, 8/131 Brighton Rd, 3184",-37.8752398,144.9909096
"Port Melbourne, 287 Esplanade Pl, 3207",-37.8358266,144.9473664
"Braybrook, 2/8 Burnett Av, 3019",-37.7815072,144.8503963
"Rosanna, 28 Leura Av, 3084",-37.7368528,145.0788936
"Oakleigh South, 38 Beryl Av, 3167",-37.9213683,145.0920795
"Watsonia North, 2A Frye St, 3087",-37.7020897,145.0888472
"Toorak, 5/66 Mathoura Rd, 3142",-37.8438621,145.0079043
"Bentleigh East, 7a Cardiff St, 3165",-37.9196546,145.0661597
"Heidelberg, 3/79 Brown St, 3084",-37.752592,145.067065
"Camberwell, 2/6 Glencairn Av, 3124",-37.8478173,145.0814296
"Point Cook, 76 Hargrave Av, 3030",-37.9007124,144.7175827
"Caulfield North, 5/496 Dandenong Rd, 3161",-37.8647191,145.0231727
"Cheltenham, 5 Glenden Rt, 3192",-37.9545373,145.0584576
"Bundoora, 7/6 Di Palma Pl, 3083",-37.7125452,145.0507066
"Avondale Heights, 35 Templewood Cr, 3034",-37.7632609,144.8658353
"Burwood, 2/4 Farleigh Av, 3125",-37.8457021,145.1217537
"Northcote, 5/175 Gladstone Av, 3070",-37.7648522,144.9885468
"Reservoir, 2/96 Darebin Bvd, 3073",-37.7043656,145.0320009
"Brunswick, 5/128 Donald St, 3056",-37.7586308,144.9721779
"Moonee Ponds, 5/8 Scotia St, 3039",-37.7696431,144.9055841
"Prahran, 82 Murray St, 3181",-37.8508088,145.0025636
"Kew, 2/28 Wimba Av, 3101",-37.8062984,145.0511961
"Heidelberg West, 2/4 Ambon Ct, 3081",-37.7415173,145.0472811
"Armadale, 6 Royal Cr, 3143",-37.8538529,145.0188404
"Aberfeldie, 40b Clifton St, 3040",-37.7606033,144.8909298
"Carnegie, 2/34 Madden Av, 3163",-37.8934108,145.0504811
"Maidstone, 2/30 Burns St, 3012",-37.7870623,144.8759679
"Chadstone, 7 Churchill Av, 3148",-37.8877457,145.1064304
"Dingley Village, 3/39 Centre Dandenong Rd, 3172",-37.9866362,145.1379718
"Port Melbourne, 7/174 Esplanade East, 3207",-37.843244,144.9429132
"Craigieburn, 7 Wattletree St, 3064",-37.5812414,144.9075535
"West Footscray, 22 Park Av, 3012",-37.808205,144.8661874
"Reservoir, 6/35 Cheddar Rd, 3073",-37.7105684,145.0109031
"Glen Huntly, 5/7 Huntly St, 3163",-37.8888068,145.0432369
"Hampton East, 54A Apex Av, 3188",-37.9384793,145.0297361
"Highett, 313/75 Graham Rd, 3190",-37.9491172,145.0417459
"Camberwell, 3/5 Acheron Av, 3124",-37.8407246,145.0660803
"Oakleigh, 2/8 Lincoln Av, 3166",-37.8985412,145.0999003
"St Albans, 36 Cowper Av, 3021",-37.7438663,144.8222411
"Brooklyn, 26 Stenhouse Av, 3012",-37.8194944,144.8466866
"Malvern East, 74 Millewa Av, 3145",-37.8803137,145.0761538
"Port Melbourne, 39 Raglan St, 3207",-37.8355156,144.9471987
"Airport West, 5/14 Laurence Av, 3042",-37.7282965,144.8791881
"Bulleen, 38 Nirvana Cr, 3105",-37.7680309,145.0917969
"Footscray, 5/38 Lynch St, 3011",-37.7963818,144.9027238
"Brighton, 5/41 Kinane St, 3186",-37.9211051,144.9923434
"Flemington, 3/142 Shields St, 3031",-37.7838438,144.9347229
"Glen Iris, 4/28 Belmont Av N, 3146",-37.8552623,145.0492409
"Blackburn, 3/17 Tyrrell Av, 3130",-37.81409,145.148519
"Coburg North, 25 Spectrum Wy, 3058",-37.7273955,144.9823313
"Caulfield North, 9/7 Kooyong Rd, 3161",-37.8640042,145.0184359
"Clifton Hill, 3/82 Roseneath St, 3068",-37.7932729,144.9971426
"Craigieburn, 29 Waterford Av, 3064",-37.609261,144.9229671
"Ivanhoe, 2/64 St Elmo Rd, 3079",-37.7613546,145.0468432
"Essendon, 3/11 Willow St, 3040",-37.756163,144.919419
"Dingley Village, 5/169 Centre Dandenong Rd, 3172",-37.9788748,145.126717
"Preston, 313/388 Murray Rd, 3072",-37.7370958,144.9991598
"Toorak, 6/9 Monomeath Av, 3142",-37.8404018,145.0309859
"Glenroy, 3/36 Isla Av, 3046",-37.7028011,144.932286
"Keilor East, 3/20 Neville St, 3033",-37.7461446,144.8691739
"Ivanhoe East, 27 Wallis Av, 3079",-37.7760252,145.0568765
"Brooklyn, 50 Stenhouse Av, 3012",-37.8200936,144.844597
"Toorak, 2/35 Tintern Av, 3142",-37.8414798,145.0056159
"Malvern East, 3/38 Sutherland St, 3145",-37.8814884,145.0710441
"Beaumaris, 29 Oak St, 3193",-37.9879079,145.0404805
"Sunshine West, 8 Petina Wy, 3020",-37.7995019,144.8014255
"Altona North, 8A Mahon Av, 3025",-37.8304821,144.851111
"Carnegie, 4/25 Truganini Rd, 3163",-37.889142,145.054726
"Toorak, 4/14 Trawalla Av, 3142",-37.8396648,145.013805
"Glenroy, 4/788 Pascoe Vale Rd, 3046",-37.7071007,144.916557
"Lynbrook, 9 MacLeod Wy, 3975",-38.0493973,145.2492731
"Doncaster East, 24 Capricorn Av, 3109",-37.7799443,145.1689395
"Glen Iris, 2 Kialla Av, 3146",-37.8603724,145.0570557
"Burwood, 4/372 Burwood Hwy, 3125",-37.8520459,145.1289071
"Niddrie, 2/66 Hotham Rd, 3042",-37.7355936,144.8825964
"Reservoir, 2/37 Shand Rd, 3073",-37.7207982,145.0192852
"North Melbourne, 306/720 Queensberry St, 3051",-37.8020324,144.9433946
"Kingsville, 60 Empress Av, 3012",-37.8076372,144.8816932
"Coburg, 6/2 Hudson St, 3058",-37.744173,144.9622832
"Sunbury, 7 Prospect Ct, 3429",-37.5770696,144.7135467
"Surrey Hills, 4/44 Kingston Rd, 3127",-37.8240532,145.091002
"Thornbury, 7/42 Pender St, 3071",-37.7541631,145.0054635
"Brunswick, 307/201 Albert St, 3056",-37.768755,144.9648836
"Kew, 26 Wimba Av, 3101",-37.8064593,145.0513033
"Brighton East, 69 Landcox St, 3187",-37.9018449,145.0150589
"Reservoir, 3 Berwick St, 3073",-37.7231138,145.0034604
"Bentleigh East, 2/45 East Boundary Rd, 3165",-37.9312849,145.0564255
"Doncaster East, 9 Grasmere Av, 3109",-37.7809234,145.1567087
"Maidstone, 2/49 Richelieu St, 3012",-37.7860708,144.8716779
"Eumemmerring, 51 Doveton Av, 3177",-37.9988213,145.2503501
"Mulgrave, 24 Glencairn St, 3170",-37.9287203,145.1659462
"Brighton, 9 Railway Av, 3186",-37.9172401,144.9940522
"Croydon, 4/8 Bennison St, 3136",-37.800853,145.292143
"Malvern East, 4/14 Tollington Av, 3145",-37.8673124,145.0543752
"Ascot Vale, 7 Bower St, 3032",-37.7748601,144.9067162
"Bentleigh, 7/267 Centre Rd, 3204",-37.9174436,145.0318149
"Camberwell, 45 Doonkuna Av, 3124",-37.8381124,145.0783433
"St Kilda, 3/88 Barkly St, 3182",-37.8632229,144.9821431
"Parkdale, 2/8 Margaret St, 3195",-37.9853057,145.0906686
"Melbourne, 3006/5 Sutherland St, 3000",-37.8114109,144.960837
"Fawkner, 33 Somerlayton Cr, 3060",-37.6949098,144.9715739
"Parkville, 36 Cade Wy, 3052",-37.7773382,144.9405143
"Point Cook, 59 Breasley Pky, 3030",-37.8904294,144.7208706
"Clarinda, 3/34 Crawford Rd, 3169",-37.931351,145.1016319
"Reservoir, 39 Botha Av, 3073",-37.7028568,145.0010388
"Templestowe, 3 Stradmore Av, 3106",-37.7567417,145.1359089
"Bundoora, 2 Landbury Rd, 3083",-37.6943059,145.045423
"Prahran, 5/1 Lumley Ct, 3181",-37.8560055,145.0025193
"Caulfield South, 30a Narrawong Rd, 3162",-37.8946171,145.0322275
"Richmond, 5/47 Murphy St, 3121",-37.8176107,145.0083708
"Surrey Hills, 5 Alexandra Cr, 3127",-37.825142,145.0988007
"Beaumaris, 5/8 Michael St, 3193",-37.9780548,145.0460718
"Craigieburn, 8 Bowral Lp, 3064",-37.5780209,144.9344632
"Heidelberg West, 3/9 Exeter Ct, 3081",-37.7342156,145.041549
"Melbourne, 502/29 Market St, 3000",-37.8186391,144.9604853
"Melbourne, 56/449 St Kilda Rd, 3000",-37.8401674,144.9774557
"Camberwell, 4/119 Wattle Valley Rd, 3124",-37.8372784,145.0799072
"Kew East, 29a Irymple Av, 3102",-37.7940458,145.0577409
"Doncaster East, 3/28 Roger St, 3109",-37.7937,145.157495
"Armadale, 22 Lambeth Av, 3143",-37.858322,145.0266012
"Malvern East, 65 Karma Av, 3145",-37.8794806,145.0651059
"Glenroy, 3/24 Gladstone Pde, 3046",-37.7066937,144.9131623
"Reservoir, 4/23 Allenby Av, 3073",-37.70362,145.006504
"Reservoir, 8/15 Chenies St, 3073",-37.710846,145.027964
"Balwyn North, 8a Sylvan St, 3104",-37.7985654,145.0780672
"Dingley Village, 2 Lackenheath Ct, 3172",-37.97465,145.1294783
"Essendon West, 2/25 Emerald St, 3040",-37.7518365,144.8855913
"Ringwood North, 35 Burlock Av, 3134",-37.7995812,145.2223705
"Richmond, 6 Mitchell St, 3121",-37.8244916,145.0081168
"Blackburn, 4/231 Canterbury Rd, 3130",-37.8329998,145.1644053
"Williamstown, 2b Mariner St, 3016",-37.8543892,144.9007361
"Sunshine North, 406 Ballarat Rd, 3020",-37.7782435,144.8424587
"Middle Park, 6/267 Beaconsfield Pde, 3206",-37.8542737,144.9629266
"Brighton East, 26 Welwyn Av, 3187",-37.9290888,145.0217982
"Melbourne, 806/19 Queens Rd, 3000",-37.8402442,144.9749379
"Derrimut, 8 Sinclair Grn, 3030",-37.7870573,144.759357
"Epping, 4/26 Houston St, 3076",-37.6469784,145.0291167
"Williamstown, 27a Perry St, 3016",-37.8616133,144.8934054
"South Yarra, 4/113 Osborne St, 3141",-37.8406165,144.9911341
"Brighton, 3/24 Wolseley Gr, 3186",-37.926876,144.997471
"Doncaster, 34 Koolkuna Av, 3108",-37.7902195,145.1156399
"Croydon, 23A Eastmead Rd, 3136",-37.8065634,145.2848756
"South Yarra, 3/2 Pasley St, 3141",-37.8444015,144.9844911
"Bentleigh East, 57A Lahona Av, 3165",-37.9278012,145.0552657
"Kew, 32a Duke St, 3101",-37.7948111,145.0322736
"Viewbank, 32 Fran Cr, 3084",-37.742175,145.0852841
"Brighton, 48 Montclair Av, 3186",-37.8989301,145.0046249
"Prahran, 50 Larnook St, 3181",-37.8577012,145.0097473
"Preston, 2/853 High St, 3072",-37.7262208,145.0058852
"Carnegie, 3/16 Newman Av, 3163",-37.8998584,145.052455
"Melbourne, 4/58 Queens Rd, 3000",-37.8483868,144.9779003
"Brunswick East, 8/374 Lygon St, 3057",-37.7672291,144.9727344
"Hadfield, 2/91 East St, 3046",-37.7074752,144.9502166
"Avondale Heights, 74 Canning St, 3034",-37.7696311,144.8606705
"Bentleigh East, 55 Edinburgh St, 3165",-37.9172389,145.0733915
"Coburg, 57 Connolly Av, 3058",-37.7387414,144.9791539
"Glen Waverley, 7 Larpent St, 3150",-37.8703826,145.1693888
"Reservoir, 54 Liston Av, 3073",-37.6970611,145.0163336
"Parkville, 42 Park Dr, 3052",-37.7956701,144.9548403
"Melbourne, 302/390 Little Collins St, 3000",-37.8156406,144.9617704
"Mount Waverley, 6/540 High Street Rd, 3149",-37.8722152,145.1453746
"Bentleigh East, 28a Latham St, 3165",-37.9136807,145.0690906
"Pascoe Vale, 6/55 Pleasant St, 3044",-37.7271707,144.9323603
"Glen Waverley, 2/45 Ranfurlie Dr, 3150",-37.8946301,145.169218
"Balaclava, 9/84 Westbury St, 3183",-37.8670995,144.9960618
"Braybrook, 3/2 Rose St, 3019",-37.784351,144.8534249
"Bentleigh East, 2/96 Castlewood St, 3165",-37.9169784,145.0736195
"Oakleigh South, 9 Sumersett Av, 3167",-37.91455,145.086277
"Strathmore, 2/54 Magdala Av, 3041",-37.7370727,144.912764
"Essendon, 8/12 Schofield St, 3040",-37.7450156,144.9150352
"Mount Waverley, 5/280 Lawrence Rd, 3149",-37.8797316,145.1416061
"Hampton, 9a Field St, 3188",-37.9450472,145.0172572
"Richmond, 41/8 Hull St, 3121",-37.817333,144.9964662
"Hampton East, 2/4 Short St, 3188",-37.9372809,145.026943
"Doncaster, 57 Harvell Ct, 3108",-37.7691752,145.1326788
"Fitzroy, 312/300 Young St, 3065",-37.7974169,144.9799056
"Port Melbourne, 60/3 Seisman Pl, 3207",-37.8416625,144.9454524
"Glen Waverley, 2 Bunker Cr, 3150",-37.8840942,145.1502574
"Niddrie, 41a Haldane Rd, 3042",-37.7351864,144.8833262
"Williamstown, 22 Clark St, 3016",-37.8562429,144.9003948
"Bentleigh, 9/463 South Rd, 3204",-37.933191,145.0379537
"Templestowe Lower, 33 Sinclair Av, 3107",-37.7629224,145.1246962
"Templestowe, 8 Laviah Ct, 3106",-37.7526122,145.1675669
"Brooklyn, 5/16 Conifer Av, 3012",-37.8219321,144.8423042
"Hawthorn, 5/53 Grove Rd, 3122",-37.8147878,145.0265119
"Kew, 2/29 Barrington Av, 3101",-37.8059266,145.04408
"Burwood, 2/63 Morton Rd, 3125",-37.8591428,145.0990857
"Blackburn South, 32 Obrien Cr, 3130",-37.8447094,145.1414579
"Reservoir, 2/46 Howard St, 3073",-37.7189175,145.011934
"Camberwell, 2/32 Bringa Av, 3124",-37.8363586,145.0776121
"Brunswick West, 3/7 Curtin Av, 3055",-37.7572638,144.9372588
"Murrumbeena, 2/32 Rosella St, 3163",-37.8945138,145.0742916
"Nunawading, 3/31 Mount Pleasant Rd, 3131",-37.8233745,145.1790259
"St Kilda, 6/220 Barkly St, 3182",-37.8709153,144.9807259
"Clifton Hill, 7/29 Dwyer St, 3068",-37.7867387,145.0023975
"Fairfield, 2/63 Grange Rd, 3078",-37.7764118,145.0252214
"Middle Park, 40 Langridge St, 3206",-37.8541523,144.9655181
"Murrumbeena, 5/1 Kitmont St, 3163",-37.8922153,145.0754244
"Bundoora, 9/2 Shoalhaven St, 3083",-37.7019315,145.052307
"Bentleigh East, 57B Lahona Av, 3165",-37.9277039,145.0553724
"Oak Park, 3/43 Watt Av, 3046",-37.7165326,144.9285234
"Edithvale, 28 Keith Av, 3196",-38.0357772,145.1117872
"Bentleigh, 4/87 Mitchell St, 3204",-37.9193367,145.0392044
"Melbourne, 433/67 Spencer St, 3000",-37.8200467,144.9542913
"Kew, 7 Victor Av, 3101",-37.8055664,145.0585038
"Footscray, 4/5 Gordon St, 3011",-37.787959,144.8903541
"Mitcham, 2/4 James Av, 3132",-37.8161131,145.2109537
"Essendon, 51 Amelia Av, 3040",-37.7440719,144.9261069
"Vermont, 3/2 Short St, 3133",-37.8360844,145.1896125
"Eltham, 7/28 Livingstone Rd, 3095",-37.7101068,145.1531167
"Balaclava, 5/311 Carlisle St, 3183",-37.8695889,144.9987989
"Greenvale, 2/24 Barrymore Rd, 3059",-37.652003,144.889991
"Mordialloc, 4/16 Melrose St, 3195",-37.9991809,145.0861353
"Carlton, 610/123 Pelham St, 3053",-37.8027957,144.964425
"Armadale, 4/51 Wattletree Rd, 3143",-37.8613378,145.0218709
"Sunshine North, 31 Buckley Av, 3020",-37.7606898,144.8280432
"Rosanna, 6/218 Lower Plenty Rd, 3084",-37.7389652,145.0722638
"Elsternwick, 5/36 Parnell St, 3185",-37.8932832,145.0101556
"Camberwell, 32 Aisbett Av, 3124",-37.8475414,145.0898674
"Bundoora, 6 Avon Ct, 3083",-37.705464,145.056183
"Sunshine North, 46a Furlong Road, 3020",-37.7620959,144.8280843
"McKinnon, 2/4 Glen Orme Av, 3204",-37.910196,145.0381098
"Surrey Hills, 9/19 Elm St, 3127",-37.832868,145.1055194
"Mont Albert, 3/18 Louise Av, 3127",-37.8222737,145.1053705
"Hawthorn, 410/311 Burwood Rd, 3122",-37.8221338,145.0328928
"Burwood East, 6 Strathbogie Wk, 3151",-37.857072,145.1410282
"MacLeod, 51 Joynt St, 3085",-37.7255669,145.0665443
"Bentleigh East, 58 Latham St, 3165",-37.9141348,145.0727422
"Templestowe Lower, 25 Eric Av, 3107",-37.7564087,145.0965218
"Moonee Ponds, 8/24 Park St, 3039",-37.7617975,144.9195265
"MacLeod, 2/56 Braid Hill Rd, 3085",-37.7275647,145.0775522
"Cheltenham, 79 Weatherall Rd, 3192",-37.9708624,145.0437166
"Surrey Hills, 43 Florence Rd, 3127",-37.8305644,145.1022273
"Brooklyn, 9 Corrigan Av, 3012",-37.8184901,144.8480906
"Niddrie, 2a Rosehill Rd, 3042",-37.7487127,144.8902868
"Mill Park, 3/215 Betula Av, 3082",-37.6773166,145.057967
"Doncaster East, 74 Landscape Dr, 3109",-37.7771944,145.1740504
"Seaford, 5/13 Wisewould Av, 3198",-38.1263728,145.1279682
"Heidelberg West, 4/9 Exeter Ct, 3081",-37.7343612,145.0415594
"West Footscray, 4/100 Stanhope St, 3012",-37.794102,144.8635983
"Northcote, 29 Leonard St, 3070",-37.7814345,145.0131991
"Nunawading, 50 McCulloch St, 3131",-37.8156598,145.17984
"Maribyrnong, 2/6 Hillsdale Av, 3032",-37.7879997,144.8968493
"Oak Park, 28 Curie Av, 3046",-37.716193,144.9234661
"Rowville, 2/5 Denver Cr, 3178",-37.9180945,145.2308167
"Strathmore Heights, 9 Glenscott Cr, 3041",-37.7113751,144.8953193
"Balwyn, 26 Belgrove Av, 3103",-37.804557,145.0845236
"Ivanhoe, 2/9 Kenilworth Pde, 3079",-37.7692206,145.04012
"Carnegie, 7/184 Neerim Rd, 3163",-37.8873295,145.0480843
"Reservoir, 25/15 Seaver Gr, 3073",-37.711445,144.990332
"Hawthorn, 65/1 Domville Av, 3122",-37.8212572,145.0223916
"Port Melbourne, 313/363 Beaconsfield Pde, 3207",-37.8611066,144.9730024
"Richmond, 23/5 Stillman St, 3121",-37.821259,145.0088944
"Parkdale, 3/65 Como Pde E, 3195",-37.9889742,145.0725336
"Thornbury, 7/20 Kemp St, 3071",-37.7618858,144.9949289
"Briar Hill, 4/106 St Helena Rd, 3088",-37.7008151,145.1164103
"Sunshine West, 3 Wendy Wy, 3020",-37.793949,144.8180696
"Coburg, 301/6 Sydney Rd, 3058",-37.7552887,144.9643677
"Armadale, 6/53 Wattletree Rd, 3143",-37.8614145,145.0222202
"Cairnlea, 6 Sapling Tce, 3023",-37.7489082,144.7839791
"Williamstown, 2 Pope Pl, 3016",-37.8651076,144.9065814
"Melbourne, 910/480 St Kilda Rd, 3000",-37.842772,144.9773939
"Viewbank, 4 Bartram Ri, 3084",-37.7397321,145.0915563
"Oakleigh South, 22 Tular Av, 3167",-37.9270103,145.0844794
"Hawthorn East, 7/36 Anderson Rd, 3123",-37.8414082,145.0504555
"Reservoir, 2/69 Miranda Rd, 3073",-37.7071937,145.0184029
"Glen Iris, 4/41 Aintree Rd, 3146",-37.8552614,145.0435545
"Brighton East, 9 Plantation Av, 3187",-37.9216183,145.0068296
"Toorak, 4/48 Lansell Rd, 3142",-37.8340589,145.0199291
"Coburg, 7/136 Bell St, 3058",-37.7408936,144.9639421
"Moonee Ponds, 35 Argyle St, 3039",-37.7679225,144.906871
"Oakleigh East, 2/28 Lerina St, 3166",-37.9120096,145.1154131
"Box Hill, 2/25 Wellington Rd, 3128",-37.8151717,145.1172138
"Campbellfield, 2/63 Mont Albert Dr, 3061",-37.675119,144.9674135
"St Kilda, 303/115 Wellington St, 3182",-37.8571114,144.9898584
"Kew, 5/17 Marshall Av, 3101",-37.806605,145.0461977
"Glenroy, 2/74 Melbourne Av, 3046",-37.7037967,144.9312478
"Mont Albert, 3/82 Victoria Cr, 3127",-37.8141917,145.110895
"Maribyrnong, 404/77 Village Wy, 3032",-37.7711648,144.8804245
"Kew East, 35 McConchie Av, 3102",-37.7941941,145.0440802
"Reservoir, 4 Moore Cr, 3073",-37.7207806,145.0026019
"Richmond, 3/183 Coppin St, 3121",-37.8244928,145.0029829
"Richmond, 49 Glass St, 3121",-37.8254608,145.0049976
"Montmorency, 2/45 Para Rd, 3094",-37.722146,145.1128729
"Surrey Hills, 48 Croydon Rd, 3127",-37.8233968,145.0918369
"Glen Iris, 2A King St, 3146",-37.8540674,145.052996
"Brunswick, 58a Cassels Rd, 3056",-37.756346,144.9604415
"Port Melbourne, 301/142 Rouse St, 3207",-37.8421644,144.9399742
"Edithvale, 2/237 Station St, 3196",-38.039812,145.1100662
"Brighton East, 4 Caramar Av, 3187",-37.9115756,145.0218011
"Bentleigh, 4a Hobart St, 3204",-37.9262563,145.0457512
"Montmorency, 2/5 Glengarriff Cr, 3094",-37.7139755,145.1238052
"Kew East, 4/69 Windella Av, 3102",-37.7940347,145.0504009
"Wyndham Vale, 7 Hawkstone Rd, 3024",-37.8650871,144.5971324
"Bentleigh East, 33 Pasadena Cr, 3165",-37.9301847,145.072379
"West Melbourne, 5/33 Jeffcott St, 3003",-37.8117948,144.9526042
"Ascot Vale, 6 Leonard Cr, 3032",-37.7836801,144.9071016
"Brunswick, 6/11 Merrifield St, 3056",-37.7663206,144.9603208
"Sunbury, 59 Rees Rd, 3429",-37.5649794,144.7081628
"Melbourne, 312/55 Queens Rd, 3000",-37.847853,144.9776096
"Armadale, 4/51 Armadale St, 3143",-37.8573338,145.0185781
"Balwyn North, 7 Wynyard Cr, 3104",-37.8028833,145.0924952
"Thornbury, 95 Normanby Av, 3071",-37.7587613,144.9911103
"Croydon Hills, 47 Rosemary Av, 3136",-37.7806276,145.2670844
"Springvale, 6 Langi St, 3171",-37.9478836,145.1426086
"Sunshine, 2a Martin St, 3020",-37.7882909,144.8350752
"Sunbury, 57 Marjorie Av, 3429",-37.5792841,144.694368
"Burwood, 2/383 Warrigal Rd, 3125",-37.8552419,145.0953314
"Hadfield, 5 Curtin Av, 3046",-37.7096342,144.9474615
"Yarraville, 94 Ballarat St, 3013",-37.8199305,144.8901378
"Brunswick, 5/35 Staley St, 3056",-37.7641826,144.9638425
"Reservoir, 74a Gertz Av, 3073",-37.6990984,145.0335686
"Aberfeldie, 5/4 Combermere St, 3040",-37.7563354,144.9038885
"MacLeod, 4 Tucker Wy, 3085",-37.721843,145.079343
"Bentleigh East, 3a Bellevue Rd, 3165",-37.9304376,145.0580901
"South Yarra, 5 Davis Av, 3141",-37.8419365,144.9893713
"Coburg, 6/7 Wardens Wk, 3058",-37.7384905,144.9684129
"Oakleigh South, 27 Beryl Av, 3167",-37.9207489,145.0907909
"Spotswood, 2/7 Mary St, 3015",-37.8285609,144.8801869
"Glen Iris, 3/6 Belmont Av, 3146",-37.8581166,145.04826
"Hawthorn East, 6/76 Campbell Rd, 3123",-37.8337694,145.0539531
"Caroline Springs, 6 Burtt Av, 3023",-37.7085152,144.7386602
"Cremorne, 3/98 Dover St, 3121",-37.8283875,144.9912958
"Bentleigh, 4 Park Cr, 3204",-37.9223256,145.0333964
"Port Melbourne, 514/99 Dow St, 3207",-37.841483,144.941144
"Hawthorn East, 5/16 Auburn Gr, 3123",-37.8256325,145.0466597
"Elwood, 6a Lawson St, 3184",-37.8773916,144.9783722
"St Kilda, 3/7 Lambeth Pl, 3182",-37.8618218,144.9874599
"Aspendale, 36 Laura St, 3195",-38.0216804,145.099932
"MacLeod, 31 Stewart Tce, 3085",-37.7206482,145.0746984
"Black Rock, 3/8 McGregor Av, 3193",-37.9826587,145.0234329
"Toorak, 5/8 Devorgilla Av, 3142",-37.8497454,145.0202902
"East Melbourne, 515/133 Jolimont Rd, 3002",-37.8179872,144.9782603
"Niddrie, 4/6 Elstone Ct, 3042",-37.734899,144.888671
"South Yarra, 6/178 Toorak Rd, 3141",-37.8380803,144.9859249
"Camberwell, 55 Rowell Av, 3124",-37.8401364,145.0611339
"Mentone, 8/57 Milan St, 3194",-37.9832244,145.0601115
"Bulleen, 73 Latrobe St, 3105",-37.7631867,145.0919625
"Mitcham, 2/87 Churinga Av, 3132",-37.829425,145.212748
"Brighton, 26 Dawson Av, 3186",-37.8920543,144.9875525
"Watsonia, 28 Curtis Av, 3087",-37.7139272,145.0765063
"Beaumaris, 3/5 Beach Rd, 3193",-37.9887895,145.0453086
"Port Melbourne, 704/65 Beach St, 3207",-37.8419693,144.9364158
"Frankston, 4/127 Beach St, 3199",-38.1444097,145.1378198
"Greenvale, 30 Castlehill Av, 3059",-37.6388825,144.9058495
"Burwood, 2/65 Arthur St, 3125",-37.8606103,145.1121231
"St Kilda, 7/41 Marine Pde, 3182",-37.8736904,144.9769313
"Doncaster, 5 Studley St, 3108",-37.78283,145.1132198
"Reservoir, 2/33 Byfield St, 3073",-37.713686,145.003618
"Cremorne, 4/201 Dover St, 3121",-37.8318912,144.9912442
"Craigieburn, 79 Langdon Cr, 3064",-37.6072369,144.9349932
"Clifton Hill, 6/16 The Esplanade, 3068",-37.7878998,145.0058879
"Broadmeadows, 3/2 London Rd, 3047",-37.6854652,144.9264366
"Brunswick West, 4/5 Turnbull Ct, 3055",-37.7602534,144.9345744
"Croydon, 307 Dorset Rd, 3136",-37.7990867,145.2904271
"Springvale, 33 Whitworth Av, 3171",-37.9401799,145.1509184
"Oakleigh South, 29 Devoy St, 3167",-37.9173446,145.0869518
"Newport, 2/24 Maddox Rd, 3015",-37.8430609,144.8698076
"Northcote, 401/231 St Georges Rd, 3070",-37.7652036,144.9915665
"Edithvale, 3/10 Bank Rd, 3196",-38.0397908,145.1075128
"Maribyrnong, 43 Hillsdale Av, 3032",-37.7860673,144.8960577
"Roxburgh Park, 7/26 McKinley Dr, 3064",-37.6350926,144.9323701
"Noble Park, 2/25 Racecourse Rd, 3174",-37.9502259,145.1723819
"Noble Park, 5 Briggs Cr, 3174",-37.9678204,145.1797781
"Essendon, 6/82 Richardson St, 3040",-37.7469042,144.910612
"West Footscray, 3/589 Barkly St, 3012",-37.7975328,144.8748879
"Ivanhoe, 3/57 Locksley Rd, 3079",-37.7696684,145.0480544
"Kew, 4/13 Belmont Av, 3101",-37.8071148,145.0425019
"Toorak, 3/66 Mathoura Rd, 3142",-37.8438621,145.0079043
"Forest Hill, 2/5 Valma Ct, 3131",-37.8319568,145.1759501
"Richmond, 5/34 Lord St, 3121",-37.8208541,145.0047556
"Glenroy, 3/162 Hilton St, 3046",-37.7000757,144.9267956
"Brighton, 6/4 Seaview Av, 3186",-37.930258,144.992166
"Fawkner, 3 Jeanine Cr, 3060",-37.6975993,144.9615062
"Camberwell, 4/449 Camberwell Rd, 3124",-37.8381714,145.065403
"Brunswick, 47 Amelia St, 3056",-37.7757829,144.9662884
"Glenroy, 41 Ridgeway Av, 3046",-37.6982031,144.9063938
"South Yarra, 802/35 Wilson St, 3141",-37.8437309,144.9971225
"Elwood, 4/26 Dickens St, 3184",-37.8732937,144.9816859
"Burwood, 3/9 Judith St, 3125",-37.8510691,145.1088971
"Prahran, 61a Princes St, 3181",-37.8494321,144.9968829
"Reservoir, 39 Broadhurst Av, 3073",-37.7087012,145.0042806
"Toorak, 3/24 Lascelles Av, 3142",-37.839561,145.0131936
"Kooyong, 81 Talbot Cr, 3144",-37.8428361,145.0380797
"South Yarra, 505/200 Toorak Rd, 3141",-37.8394239,144.9937195
"Abbotsford, 4/328 Johnston St, 3067",-37.8000038,144.9964245
"Templestowe Lower, 5 Fairbank Cr, 3107",-37.7644604,145.1201643
"Hampton, 4/237 Hampton St, 3188",-37.9413945,145.0015829
"Carnegie, 4/10 Emily St, 3163",-37.8904993,145.0648774
"Fitzroy, 9/58 George St, 3065",-37.8067447,144.9807152
"Camberwell, 5/828 Burke Rd, 3124",-37.8221391,145.0586572
"West Melbourne, 22/30 Chetwynd St, 3003",-37.8071548,144.9521781
"Airport West, 2/9 El Reno Cr, 3042",-37.7281367,144.8824543
"Brighton, 9 Holmwood Av, 3186",-37.9050968,144.9906093
"Pascoe Vale, 4/46 Kent Rd, 3044",-37.7203001,144.9460067
"Preston, 4 Lahinch St, 3072",-37.7455355,145.0173879
"Brighton East, 7 Lilac Cr, 3187",-37.9145815,145.0160678
"Richmond, 93 Wellington St, 3121",-37.8277023,144.9894698
"Brooklyn, 3/51 Stenhouse Av, 3012",-37.8207212,144.844491
"Armadale, 569 Dandenong Rd, 3143",-37.8641442,145.0238691
"Brooklyn, 3/83 Cypress Av, 3012",-37.8203177,144.8416563
"Essendon North, 2/22 Duffy St, 3041",-37.7386921,144.9013467
"Craigieburn, 25/1 Brunswick Cr, 3064",-37.5939661,144.9172958
"Brunswick, 62 Laura St, 3056",-37.7708858,144.9670398
"Croydon, 9a Arundel St, 3136",-37.7848501,145.2710535
"Reservoir, 4 Academy Av, 3073",-37.7234648,144.9913255
"Newport, 4/144 Woods St, 3015",-37.8442793,144.8682034
"Carnegie, 3/3 Yendon Rd, 3163",-37.8893895,145.0487739
"Carlton North, 3/867 Rathdowne St, 3054",-37.7840416,144.9725289
"Berwick, 8 Claremont Gln, 3806",-38.0526021,145.3300223
"Port Melbourne, 92 Esplanade Pl, 3207",-37.8362817,144.9464282
"Balwyn North, 6 Cumberland Av, 3104",-37.8005069,145.1009442
"Malvern East, 4/2 Green Gables Av, 3145",-37.8779478,145.0889021
"Moorabbin, 4A Romney Cl, 3189",-37.9397154,145.0490609
"Maribyrnong, 3 Rimfire Wk, 3032",-37.771772,144.881051
"Wyndham Vale, 4 MacLarens Cl, 3024",-37.8803082,144.6145879
"Carnegie, 8/27 Elliott Av, 3163",-37.8904077,145.0597895
"Gisborne, 2/4 Francis Cr, 3437",-37.5014384,144.5963438
"Ashburton, 3a Mernda Av, 3147",-37.8620564,145.0905417
"Camberwell, 34 Fairmont Av, 3124",-37.8411241,145.0690452
"Burwood, 3/37 Sixth Av, 3125",-37.8573216,145.1001803
"Ashburton, 6/9 Sunderland Av, 3147",-37.8697054,145.0912587
"Prahran, 5/19 Irving Av, 3181",-37.8577155,145.006986
"Doncaster East, 6 Calvin Cr, 3109",-37.7912816,145.1483403
"Frankston, 4/9 Phillip St, 3199",-38.1295555,145.1355336
"South Yarra, 3/2 Coolullah Av, 3141",-37.8414686,145.003866
"Kew East, 56 Baker Av, 3102",-37.7926885,145.0466562
"St Kilda, 5/15 Jackson St, 3182",-37.8622624,144.9753834
"Malvern East, 25 Summerhill Av, 3145",-37.8727515,145.0577452
"Reservoir, 401/20 Bedford St, 3073",-37.7176852,145.0078044
"Strathmore, 60A Lebanon St, 3041",-37.7275941,144.9166243
"Surrey Hills, 3 Varzin Av, 3127",-37.8301817,145.0973922
"Essendon, 5/120 Roberts St, 3040",-37.7440751,144.9005171
"Essendon, 301/20 Napier St, 3040",-37.7542971,144.918168
"Preston, 22 Austral Av, 3072",-37.7467115,144.9933913
"Chadstone, 3/3 Mudgee Ct, 3148",-37.8803714,145.1058653
"Williamstown, 3/52 Thompson St, 3016",-37.865753,144.903654
"Templestowe Lower, 49 Feathertop Av, 3107",-37.7681162,145.1122902
"Armadale, 28 Royal Cr, 3143",-37.854552,145.020613
"Diamond Creek, 2/28 Clyde St, 3089",-37.670895,145.151294
"Doncaster, 3/4 Frank St, 3108",-37.7940446,145.1268126
"St Albans, 2 Burgundy Cr, 3021",-37.7531925,144.8096354
"Heidelberg West, 3/25 Ebony Pde, 3081",-37.7434046,145.0378207
"Fitzroy, 7/103 Rose St, 3065",-37.7958986,144.9796205
"Clifton Hill, 23 Reillys Wy, 3068",-37.7949733,144.9997792
"Plumpton, 23 Luxor Dr, 3335",-37.7200468,144.7251361
"Richmond, 6/1 Barnet Wy, 3121",-37.8243747,145.0112819
"Oakleigh South, 4 Druitt St, 3167",-37.9316418,145.0822364
"Noble Park, 26 David St, 3174",-37.9796424,145.1744876
"Sunbury, 6 Haines Ct, 3429",-37.5660173,144.7257716
"St Kilda, 5/95 Wellington St, 3182",-37.856955,144.9887939
"Camberwell, 38 Sunnyside Av, 3124",-37.8381343,145.0598249
"South Melbourne, 4 Law St, 3205",-37.8330902,144.966063
"Reservoir, 4/37 Oconnor St, 3073",-37.7107557,145.0013801
"Glenroy, 28 Centre Wy, 3046",-37.7070752,144.9046042
"Williamstown North, 42 Park Cr, 3016",-37.8555618,144.8809031
"Kensington, 379 Racecourse Rd, 3031",-37.788157,144.927878
"Plumpton, 26 Goulding Dr, 3335",-37.7003345,144.7255222
"Port Melbourne, 2/74 Stokes St, 3207",-37.8402624,144.9375479
"Toorak, 6/637 Malvern Rd, 3142",-37.8485637,145.0081109
"Kew, 4/1275 Burke Rd, 3101",-37.8072868,145.0610459
"Bundoora, 22 Lauder Dr, 3083",-37.6923614,145.0526537
"Templestowe Lower, 9a Balmoral Aveue, 3107",-37.7722729,145.1108796
"Wyndham Vale, 70 Kinglake Dr, 3024",-37.868599,144.5981493
"Abbotsford, 6/29 Church St, 3067",-37.8091428,145.0006709
"Glen Iris, 4 Aitchison Av, 3146",-37.861202,145.0753326
"Glenroy, 41 Isla Av, 3046",-37.7022743,144.9315685
"Melbourne, 307/19 Queens Rd, 3000",-37.8402166,144.975171
"Sandringham, 8/91 Beach Rd, 3191",-37.9468389,145.0009837
"St Kilda, 301/115 Wellington St, 3182",-37.8570982,144.9898642
"Edithvale, 8/127 Kinross Av, 3196",-38.0339879,145.1174354
"Yarraville, 6/37 Somerville Rd, 3013",-37.8141058,144.8932071
"Rockbank, 30 Arbourton Av, 3335",-37.7221542,144.6587608
"Templestowe Lower, 8 Andromeda Wy, 3107",-37.7760956,145.1226004
"Box Hill, 3/21 Watts St, 3128",-37.8159899,145.1250671
"Richmond, 3/40 Bridge Rd, 3121",-37.817859,144.99127
"Carnegie, 53 Belsize Av, 3163",-37.8920796,145.0589146
"South Melbourne, 611/148 Wells St, 3205",-37.830791,144.9693648
"Craigieburn, 35 Serenity Wy, 3064",-37.5760737,144.9118334
"Altona, 23 Romawi St, 3018",-37.8682089,144.8245123
"Mentone, 6/22 Latrobe St, 3194",-37.974074,145.057174
"Balwyn North, 3/2 Heather St, 3104",-37.8024862,145.0800855
"Reservoir, 4/25 George St, 3073",-37.717246,144.999364
"MacLeod, 4 Joynt St, 3085",-37.7262311,145.0617565
"Ascot Vale, 29/100 Union Rd, 3032",-37.7766239,144.9155837
"Balwyn North, 27 Trentwood Av, 3104",-37.7883133,145.0973059
"Ormond, 22 Oakleigh Cr, 3204",-37.9071856,145.0429166
"Rosanna, 9 Jolliffe Cr, 3084",-37.7417676,145.0680313
"Footscray, 46b Wolverhampton St, 3011",-37.7973436,144.8912516
"Kew East, 2 Baker Av, 3102",-37.7935701,145.0415869
"Kew, 3/40 Carson St, 3101",-37.807304,145.020356
"Toorak, 3A Monomeath Av, 3142",-37.8402712,145.0303246
"Ashburton, 56 Gloucester Rd, 3147",-37.8699886,145.0874717
"Hoppers Crossing, 95 Dowling Av, 3029",-37.8625542,144.6756127
"Balwyn, 3/103 Strabane Av, 3103",-37.8072385,145.1028067
"Kooyong, 6/723 Toorak Rd, 3144",-37.8441744,145.0358386
"Doncaster, 9a Bayley Gr, 3108",-37.7868848,145.1194355
"Altona North, 47 Ginifer Av, 3025",-37.8362201,144.8431705
"Chelsea, 3/27 Swansea Rd, 3196",-38.0554052,145.1147764
"Thornbury, 7/135 Raleigh St, 3071",-37.7594608,145.0086949
"Hawthorn East, 9A Kaikoura Av, 3123",-37.8463042,145.043476
"Melbourne, 709/480 St Kilda Rd, 3000",-37.8427602,144.9770593
"Melbourne, 7/458 St Kilda Rd, 3000",-37.8399381,144.9763871
"Keilor Park, 3 Lachlan Ct, 3042",-37.7195763,144.8590005
"Avondale Heights, 40 Templewood Cr, 3034",-37.7627409,144.8662931
"Reservoir, 3/30 George St, 3073",-37.717074,145.000844
"Ivanhoe, 3/45 Locksley Rd, 3079",-37.7705388,145.0479196
"Briar Hill, 54a Gladstone Rd, 3088",-37.7065811,145.114597
"West Footscray, 9/28 Stanhope St, 3012",-37.7948738,144.8703045
"Brunswick West, 3/33 McLean St, 3055",-37.7542873,144.9378634
"Thornbury, 3/11 Clarendon St, 3071",-37.7595215,145.0017375
"Footscray, 2/38 Geelong Rd, 3011",-37.7965441,144.8958785
"Strathmore, 2 Columban Av, 3041",-37.7422607,144.9225729
"Strathmore, 31a Carnarvon Rd, 3041",-37.7409866,144.9101907
"Noble Park, 3/3 Baldwin Av, 3174",-37.9747891,145.1738307
"Thomastown, 52 Bickley Av, 3074",-37.6798658,145.0401968
"Altona North, 3/36 Amaranth Av, 3025",-37.8289819,144.8549748
"Glen Iris, 4/1529 Malvern Rd, 3146",-37.8535031,145.0459813
"West Melbourne, 3/28 Jeffcott St, 3003",-37.8112879,144.9524783
"Oakleigh, 53 Queens Av, 3166",-37.9038684,145.0907974
"Croydon Hills, 47 Rosemary Av, 3136",-37.7806276,145.2670844
"Springvale, 6 Langi St, 3171",-37.9478836,145.1426086
"Sunshine, 2a Martin St, 3020",-37.7882909,144.8350752
"Sunbury, 57 Marjorie Av, 3429",-37.5792841,144.694368
"Burwood, 2/383 Warrigal Rd, 3125",-37.8552419,145.0953314
"Hadfield, 5 Curtin Av, 3046",-37.7096342,144.9474615
"Yarraville, 94 Ballarat St, 3013",-37.8199305,144.8901378
"Brunswick, 5/35 Staley St, 3056",-37.7641826,144.9638425
"Reservoir, 74a Gertz Av, 3073",-37.6990984,145.0335686
"Aberfeldie, 5/4 Combermere St, 3040",-37.7563354,144.9038885
"MacLeod, 4 Tucker Wy, 3085",-37.721843,145.079343
"Bentleigh East, 3a Bellevue Rd, 3165",-37.9304376,145.0580901
"South Yarra, 5 Davis Av, 3141",-37.8419365,144.9893713
"Coburg, 6/7 Wardens Wk, 3058",-37.7384905,144.9684129
"Oakleigh South, 27 Beryl Av, 3167",-37.9207489,145.0907909
"Spotswood, 2/7 Mary St, 3015",-37.8285609,144.8801869
"Glen Iris, 3/6 Belmont Av, 3146",-37.8581166,145.04826
"Hawthorn East, 6/76 Campbell Rd, 3123",-37.8337694,145.0539531
"Caroline Springs, 6 Burtt Av, 3023",-37.7085152,144.7386602
"Cremorne, 3/98 Dover St, 3121",-37.8283875,144.9912958
"Bentleigh, 4 Park Cr, 3204",-37.9223256,145.0333964
"Port Melbourne, 514/99 Dow St, 3207",-37.841483,144.941144
"Hawthorn East, 5/16 Auburn Gr, 3123",-37.8256325,145.0466597
"Elwood, 6a Lawson St, 3184",-37.8773916,144.9783722
"St Kilda, 3/7 Lambeth Pl, 3182",-37.8618218,144.9874599
"Aspendale, 36 Laura St, 3195",-38.0216804,145.099932
"MacLeod, 31 Stewart Tce, 3085",-37.7206482,145.0746984
"Black Rock, 3/8 McGregor Av, 3193",-37.9826587,145.0234329
"Toorak, 5/8 Devorgilla Av, 3142",-37.8497454,145.0202902
"East Melbourne, 515/133 Jolimont Rd, 3002",-37.8179872,144.9782603
"Niddrie, 4/6 Elstone Ct, 3042",-37.734899,144.888671
"South Yarra, 6/178 Toorak Rd, 3141",-37.8380803,144.9859249
"Camberwell, 55 Rowell Av, 3124",-37.8401364,145.0611339
"Mentone, 8/57 Milan St, 3194",-37.9832244,145.0601115
"Bulleen, 73 Latrobe St, 3105",-37.7631867,145.0919625
"Mitcham, 2/87 Churinga Av, 3132",-37.829425,145.212748
"Brighton, 26 Dawson Av, 3186",-37.8920543,144.9875525
"Watsonia, 28 Curtis Av, 3087",-37.7139272,145.0765063
"Beaumaris, 3/5 Beach Rd, 3193",-37.9887895,145.0453086
"Port Melbourne, 704/65 Beach St, 3207",-37.8419693,144.9364158
"Frankston, 4/127 Beach St, 3199",-38.1444097,145.1378198
"Greenvale, 30 Castlehill Av, 3059",-37.6388825,144.9058495
"Burwood, 2/65 Arthur St, 3125",-37.8606103,145.1121231
"St Kilda, 7/41 Marine Pde, 3182",-37.8736904,144.9769313
"Doncaster, 5 Studley St, 3108",-37.78283,145.1132198
"Reservoir, 2/33 Byfield St, 3073",-37.713686,145.003618
"Cremorne, 4/201 Dover St, 3121",-37.8318912,144.9912442
"Craigieburn, 79 Langdon Cr, 3064",-37.6072369,144.9349932
"Clifton Hill, 6/16 The Esplanade, 3068",-37.7878998,145.0058879
"Broadmeadows, 3/2 London Rd, 3047",-37.6854652,144.9264366
"Brunswick West, 4/5 Turnbull Ct, 3055",-37.7602534,144.9345744
"Croydon, 307 Dorset Rd, 3136",-37.7990867,145.2904271
"Springvale, 33 Whitworth Av, 3171",-37.9401799,145.1509184
"Oakleigh South, 29 Devoy St, 3167",-37.9173446,145.0869518
"Newport, 2/24 Maddox Rd, 3015",-37.8430609,144.8698076
"Northcote, 401/231 St Georges Rd, 3070",-37.7652036,144.9915665
"Edithvale, 3/10 Bank Rd, 3196",-38.0397908,145.1075128
"Maribyrnong, 43 Hillsdale Av, 3032",-37.7860673,144.8960577
"Roxburgh Park, 7/26 McKinley Dr, 3064",-37.6350926,144.9323701
"Noble Park, 2/25 Racecourse Rd, 3174",-37.9502259,145.1723819
"Noble Park, 5 Briggs Cr, 3174",-37.9678204,145.1797781
"Essendon, 6/82 Richardson St, 3040",-37.7469042,144.910612
"West Footscray, 3/589 Barkly St, 3012",-37.7975328,144.8748879
"Ivanhoe, 3/57 Locksley Rd, 3079",-37.7696684,145.0480544
"Kew, 4/13 Belmont Av, 3101",-37.8071148,145.0425019
"Toorak, 3/66 Mathoura Rd, 3142",-37.8438621,145.0079043
"Forest Hill, 2/5 Valma Ct, 3131",-37.8319568,145.1759501
"Richmond, 5/34 Lord St, 3121",-37.8208541,145.0047556
"Glenroy, 3/162 Hilton St, 3046",-37.7000757,144.9267956
"Brighton, 6/4 Seaview Av, 3186",-37.930258,144.992166
"Fawkner, 3 Jeanine Cr, 3060",-37.6975993,144.9615062
"Camberwell, 4/449 Camberwell Rd, 3124",-37.8381714,145.065403
"Brunswick, 47 Amelia St, 3056",-37.7757829,144.9662884
"Glenroy, 41 Ridgeway Av, 3046",-37.6982031,144.9063938
"South Yarra, 802/35 Wilson St, 3141",-37.8437309,144.9971225
"Elwood, 4/26 Dickens St, 3184",-37.8732937,144.9816859
"Burwood, 3/9 Judith St, 3125",-37.8510691,145.1088971
"Prahran, 61a Princes St, 3181",-37.8494321,144.9968829
"Reservoir, 39 Broadhurst Av, 3073",-37.7087012,145.0042806
"Toorak, 3/24 Lascelles Av, 3142",-37.839561,145.0131936
"Kooyong, 81 Talbot Cr, 3144",-37.8428361,145.0380797
"South Yarra, 505/200 Toorak Rd, 3141",-37.8394239,144.9937195
"Abbotsford, 4/328 Johnston St, 3067",-37.8000038,144.9964245
"Templestowe Lower, 5 Fairbank Cr, 3107",-37.7644604,145.1201643
"Hampton, 4/237 Hampton St, 3188",-37.9413945,145.0015829
"Carnegie, 4/10 Emily St, 3163",-37.8904993,145.0648774
"Fitzroy, 9/58 George St, 3065",-37.8067447,144.9807152
"Camberwell, 5/828 Burke Rd, 3124",-37.8221391,145.0586572
"West Melbourne, 22/30 Chetwynd St, 3003",-37.8071548,144.9521781
"Airport West, 2/9 El Reno Cr, 3042",-37.7281367,144.8824543
"Brighton, 9 Holmwood Av, 3186",-37.9050968,144.9906093
"Pascoe Vale, 4/46 Kent Rd, 3044",-37.7203001,144.9460067
"Preston, 4 Lahinch St, 3072",-37.7455355,145.0173879
"Brighton East, 7 Lilac Cr, 3187",-37.9145815,145.0160678
"Richmond, 93 Wellington St, 3121",-37.8277023,144.9894698
"Brooklyn, 3/51 Stenhouse Av, 3012",-37.8207212,144.844491
"Armadale, 569 Dandenong Rd, 3143",-37.8641442,145.0238691
"Brooklyn, 3/83 Cypress Av, 3012",-37.8203177,144.8416563
"Essendon North, 2/22 Duffy St, 3041",-37.7386921,144.9013467
"Craigieburn, 25/1 Brunswick Cr, 3064",-37.5939661,144.9172958
"Brunswick, 62 Laura St, 3056",-37.7708858,144.9670398
"Croydon, 9a Arundel St, 3136",-37.7848501,145.2710535
"Reservoir, 4 Academy Av, 3073",-37.7234648,144.9913255
"Newport, 4/144 Woods St, 3015",-37.8442793,144.8682034
"Carnegie, 3/3 Yendon Rd, 3163",-37.8893895,145.0487739
"Carlton North, 3/867 Rathdowne St, 3054",-37.7840416,144.9725289
"Berwick, 8 Claremont Gln, 3806",-38.0526021,145.3300223
"Port Melbourne, 92 Esplanade Pl, 3207",-37.8362817,144.9464282
"Balwyn North, 6 Cumberland Av, 3104",-37.8005069,145.1009442
"Malvern East, 4/2 Green Gables Av, 3145",-37.8779478,145.0889021
"Moorabbin, 4A Romney Cl, 3189",-37.9397154,145.0490609
"Maribyrnong, 3 Rimfire Wk, 3032",-37.771772,144.881051
"Wyndham Vale, 4 MacLarens Cl, 3024",-37.8803082,144.6145879
"Carnegie, 8/27 Elliott Av, 3163",-37.8904077,145.0597895
"Gisborne, 2/4 Francis Cr, 3437",-37.5014384,144.5963438
"Ashburton, 3a Mernda Av, 3147",-37.8620564,145.0905417
"Camberwell, 34 Fairmont Av, 3124",-37.8411241,145.0690452
"Burwood, 3/37 Sixth Av, 3125",-37.8573216,145.1001803
"Ashburton, 6/9 Sunderland Av, 3147",-37.8697054,145.0912587
"Prahran, 5/19 Irving Av, 3181",-37.8577155,145.006986
"Doncaster East, 6 Calvin Cr, 3109",-37.7912816,145.1483403
"Frankston, 4/9 Phillip St, 3199",-38.1295555,145.1355336
"South Yarra, 3/2 Coolullah Av, 3141",-37.8414686,145.003866
"Kew East, 56 Baker Av, 3102",-37.7926885,145.0466562
"St Kilda, 5/15 Jackson St, 3182",-37.8622624,144.9753834
"Malvern East, 25 Summerhill Av, 3145",-37.8727515,145.0577452
"Reservoir, 401/20 Bedford St, 3073",-37.7176852,145.0078044
"Strathmore, 60A Lebanon St, 3041",-37.7275941,144.9166243
"Surrey Hills, 3 Varzin Av, 3127",-37.8301817,145.0973922
"Essendon, 5/120 Roberts St, 3040",-37.7440751,144.9005171
"Essendon, 301/20 Napier St, 3040",-37.7542971,144.918168
"Preston, 22 Austral Av, 3072",-37.7467115,144.9933913
"Chadstone, 3/3 Mudgee Ct, 3148",-37.8803714,145.1058653
"Williamstown, 3/52 Thompson St, 3016",-37.865753,144.903654
"Templestowe Lower, 49 Feathertop Av, 3107",-37.7681162,145.1122902
"Armadale, 28 Royal Cr, 3143",-37.854552,145.020613
"Diamond Creek, 2/28 Clyde St, 3089",-37.670895,145.151294
"Doncaster, 3/4 Frank St, 3108",-37.7940446,145.1268126
"St Albans, 2 Burgundy Cr, 3021",-37.7531925,144.8096354
"Heidelberg West, 3/25 Ebony Pde, 3081",-37.7434046,145.0378207
"Fitzroy, 7/103 Rose St, 3065",-37.7958986,144.9796205
"Clifton Hill, 23 Reillys Wy, 3068",-37.7949733,144.9997792
"Plumpton, 23 Luxor Dr, 3335",-37.7200468,144.7251361
"Richmond, 6/1 Barnet Wy, 3121",-37.8243747,145.0112819
"Oakleigh South, 4 Druitt St, 3167",-37.9316418,145.0822364
"Noble Park, 26 David St, 3174",-37.9796424,145.1744876
"Sunbury, 6 Haines Ct, 3429",-37.5660173,144.7257716
"St Kilda, 5/95 Wellington St, 3182",-37.856955,144.9887939
"Camberwell, 38 Sunnyside Av, 3124",-37.8381343,145.0598249
"South Melbourne, 4 Law St, 3205",-37.8330902,144.966063
"Reservoir, 4/37 Oconnor St, 3073",-37.7107557,145.0013801
"Glenroy, 28 Centre Wy, 3046",-37.7070752,144.9046042
"Williamstown North, 42 Park Cr, 3016",-37.8555618,144.8809031
"Kensington, 379 Racecourse Rd, 3031",-37.788157,144.927878
"Plumpton, 26 Goulding Dr, 3335",-37.7003345,144.7255222
"Port Melbourne, 2/74 Stokes St, 3207",-37.8402624,144.9375479
"Toorak, 6/637 Malvern Rd, 3142",-37.8485637,145.0081109
"Kew, 4/1275 Burke Rd, 3101",-37.8072868,145.0610459
"Bundoora, 22 Lauder Dr, 3083",-37.6923614,145.0526537
"Templestowe Lower, 9a Balmoral Aveue, 3107",-37.7722729,145.1108796
"Wyndham Vale, 70 Kinglake Dr, 3024",-37.868599,144.5981493
"Abbotsford, 6/29 Church St, 3067",-37.8091428,145.0006709
"Glen Iris, 4 Aitchison Av, 3146",-37.861202,145.0753326
"Glenroy, 41 Isla Av, 3046",-37.7022743,144.9315685
"Melbourne, 307/19 Queens Rd, 3000",-37.8402166,144.975171
"Sandringham, 8/91 Beach Rd, 3191",-37.9468389,145.0009837
"St Kilda, 301/115 Wellington St, 3182",-37.8570982,144.9898642
"Edithvale, 8/127 Kinross Av, 3196",-38.0339879,145.1174354
"Yarraville, 6/37 Somerville Rd, 3013",-37.8141058,144.8932071
"Rockbank, 30 Arbourton Av, 3335",-37.7221542,144.6587608
"Templestowe Lower, 8 Andromeda Wy, 3107",-37.7760956,145.1226004
"Box Hill, 3/21 Watts St, 3128",-37.8159899,145.1250671
"Richmond, 3/40 Bridge Rd, 3121",-37.817859,144.99127
"Carnegie, 53 Belsize Av, 3163",-37.8920796,145.0589146
"South Melbourne, 611/148 Wells St, 3205",-37.830791,144.9693648
"Craigieburn, 35 Serenity Wy, 3064",-37.5760737,144.9118334
"Altona, 23 Romawi St, 3018",-37.8682089,144.8245123
"Mentone, 6/22 Latrobe St, 3194",-37.974074,145.057174
"Balwyn North, 3/2 Heather St, 3104",-37.8024862,145.0800855
"Reservoir, 4/25 George St, 3073",-37.717246,144.999364
"MacLeod, 4 Joynt St, 3085",-37.7262311,145.0617565
"Ascot Vale, 29/100 Union Rd, 3032",-37.7766239,144.9155837
"Balwyn North, 27 Trentwood Av, 3104",-37.7883133,145.0973059
"Ormond, 22 Oakleigh Cr, 3204",-37.9071856,145.0429166
"Rosanna, 9 Jolliffe Cr, 3084",-37.7417676,145.0680313
"Footscray, 46b Wolverhampton St, 3011",-37.7973436,144.8912516
"Kew East, 2 Baker Av, 3102",-37.7935701,145.0415869
"Kew, 3/40 Carson St, 3101",-37.807304,145.020356
"Toorak, 3A Monomeath Av, 3142",-37.8402712,145.0303246
"Ashburton, 56 Gloucester Rd, 3147",-37.8699886,145.0874717
"Hoppers Crossing, 95 Dowling Av, 3029",-37.8625542,144.6756127
"Balwyn, 3/103 Strabane Av, 3103",-37.8072385,145.1028067
"Kooyong, 6/723 Toorak Rd, 3144",-37.8441744,145.0358386
"Doncaster, 9a Bayley Gr, 3108",-37.7868848,145.1194355
"Altona North, 47 Ginifer Av, 3025",-37.8362201,144.8431705
"Chelsea, 3/27 Swansea Rd, 3196",-38.0554052,145.1147764
"Thornbury, 7/135 Raleigh St, 3071",-37.7594608,145.0086949
"Hawthorn East, 9A Kaikoura Av, 3123",-37.8463042,145.043476
"Melbourne, 709/480 St Kilda Rd, 3000",-37.8427602,144.9770593
"Melbourne, 7/458 St Kilda Rd, 3000",-37.8399381,144.9763871
"Keilor Park, 3 Lachlan Ct, 3042",-37.7195763,144.8590005
"Avondale Heights, 40 Templewood Cr, 3034",-37.7627409,144.8662931
"Reservoir, 3/30 George St, 3073",-37.717074,145.000844
"Ivanhoe, 3/45 Locksley Rd, 3079",-37.7705388,145.0479196
"Briar Hill, 54a Gladstone Rd, 3088",-37.7065811,145.114597
"West Footscray, 9/28 Stanhope St, 3012",-37.7948738,144.8703045
"Brunswick West, 3/33 McLean St, 3055",-37.7542873,144.9378634
"Thornbury, 3/11 Clarendon St, 3071",-37.7595215,145.0017375
"Footscray, 2/38 Geelong Rd, 3011",-37.7965441,144.8958785
"Strathmore, 2 Columban Av, 3041",-37.7422607,144.9225729
"Strathmore, 31a Carnarvon Rd, 3041",-37.7409866,144.9101907
"Noble Park, 3/3 Baldwin Av, 3174",-37.9747891,145.1738307
"Thomastown, 52 Bickley Av, 3074",-37.6798658,145.0401968
"Altona North, 3/36 Amaranth Av, 3025",-37.8289819,144.8549748
"Glen Iris, 4/1529 Malvern Rd, 3146",-37.8535031,145.0459813
"West Melbourne, 3/28 Jeffcott St, 3003",-37.8112879,144.9524783
"Oakleigh, 53 Queens Av, 3166",-37.9038684,145.0907974
"Ashburton, 2a Lancaster St, 3147",-37.8689861,145.0918536
"Windsor, 6/4 Normanby St, 3181",-37.8535018,145.0013589
"South Melbourne, 401/142 Park St, 3205",-37.8337139,144.9660175
"Camberwell, 3/1 Collings St, 3124",-37.8470305,145.0756037
"Campbellfield, 62 Sycamore Cr, 3061",-37.67347,144.9630781
"Templestowe Lower, 42 Jacana Av, 3107",-37.7590572,145.1027937
"Sunshine West, 89 Whitesides Av, 3020",-37.7850631,144.7949238
"Mont Albert, 41 Windsor Cr, 3127",-37.8232292,145.1047761
"Richmond, 2b Hodgson Tce, 3121",-37.8197105,144.9975377
"Doncaster, 73 Wilsons Rd, 3108",-37.7913415,145.1135569
"Eaglemont, 4/47 Sherwood Rd, 3084",-37.7630589,145.0536885
"St Kilda, 4/160 Chapel St, 3182",-37.8708731,144.99009
"Mordialloc, 3/11 Gipps Av, 3195",-38.0075897,145.0941975
"Coburg, 74 Linda St, 3058",-37.7501017,144.9551679
"Sunshine West, 2 Marchant Cr, 3020",-37.8020596,144.8091278
"Eltham North, 27 Brixton Av, 3095",-37.6982476,145.1364532
"South Yarra, 3/29 Hardy St, 3141",-37.8448918,144.9895119
"Doncaster East, 3/5 Talford St, 3109",-37.789958,145.1640749
"Kealba, 42 Bellara Cr, 3021",-37.7301858,144.8167547
"Balaclava, 3/24 The Avenue, 3183",-37.8713719,144.996461
"Balwyn, 3/4 Westminster St, 3103",-37.8138758,145.0970768
"Seddon, 60 Station Rd, 3011",-37.8065556,144.8869921
"Ashburton, 30 Glen Rd, 3147",-37.8730385,145.06998
"Armadale, 2/58 Wattletree Rd, 3143",-37.8615718,145.0209523
"Ashburton, 2a Lancaster St, 3147",-37.8689861,145.0918536
"Windsor, 6/4 Normanby St, 3181",-37.8535018,145.0013589
"South Melbourne, 401/142 Park St, 3205",-37.8337139,144.9660175
"Camberwell, 3/1 Collings St, 3124",-37.8470305,145.0756037
"Campbellfield, 62 Sycamore Cr, 3061",-37.67347,144.9630781
"Templestowe Lower, 42 Jacana Av, 3107",-37.7590572,145.1027937
"Sunshine West, 89 Whitesides Av, 3020",-37.7850631,144.7949238
"Mont Albert, 41 Windsor Cr, 3127",-37.8232292,145.1047761
"Richmond, 2b Hodgson Tce, 3121",-37.8197105,144.9975377
"Doncaster, 73 Wilsons Rd, 3108",-37.7913415,145.1135569
"Eaglemont, 4/47 Sherwood Rd, 3084",-37.7630589,145.0536885
"St Kilda, 4/160 Chapel St, 3182",-37.8708731,144.99009
"Mordialloc, 3/11 Gipps Av, 3195",-38.0075897,145.0941975
"Coburg, 74 Linda St, 3058",-37.7501017,144.9551679
"Sunshine West, 2 Marchant Cr, 3020",-37.8020596,144.8091278
"Eltham North, 27 Brixton Av, 3095",-37.6982476,145.1364532
"South Yarra, 3/29 Hardy St, 3141",-37.8448918,144.9895119
"Doncaster East, 3/5 Talford St, 3109",-37.789958,145.1640749
"Kealba, 42 Bellara Cr, 3021",-37.7301858,144.8167547
"Balaclava, 3/24 The Avenue, 3183",-37.8713719,144.996461
"Balwyn, 3/4 Westminster St, 3103",-37.8138758,145.0970768
"Seddon, 60 Station Rd, 3011",-37.8065556,144.8869921
"Ashburton, 30 Glen Rd, 3147",-37.8730385,145.06998
"Armadale, 2/58 Wattletree Rd, 3143",-37.8615718,145.0209523
"Hawthorn, 8/22 Hill St, 3122",-37.8184687,145.0208716
"Brunswick West, 3/23 Irvine Cr, 3055",-37.754997,144.9473377
"Flemington, 65/2 Newmarket Wy, 3031",-37.7858766,144.9280496
"Wheelers Hill, 2 Latrobe Ct, 3150",-37.899991,145.18949
"Ormond, 5 Walnut St, 3204",-37.9083331,145.0514478
"Ringwood North, 8 Montalbo Rd, 3134",-37.8077485,145.2187325
"Preston, 414/388 Murray Rd, 3072",-37.7370958,144.9991598
"Elwood, 7/199 Ormond Rd, 3184",-37.8872628,144.9909859
"Doncaster, 7/40 Tram Rd, 3108",-37.7926857,145.1263845
"Glenroy, 57 Maude Av, 3046",-37.7013757,144.9354644
"Brighton East, 7 Caramar Av, 3187",-37.9113147,145.021238
"Maidstone, 4/116 Ballarat Rd, 3012",-37.7856117,144.8765777
"Bentleigh East, 75b Parkmore Rd, 3165",-37.9151754,145.0697684
"Camberwell, 2/31 King St, 3124",-37.8355435,145.0656237
"Glen Waverley, 2/32 Montclair Av, 3150",-37.8807365,145.1604489
"Fairfield, 6/60 Rathmines St, 3078",-37.7788836,145.0156451
"Balwyn North, 25 Cumberland Av, 3104",-37.8002745,145.1031155
"Prahran, 6/330 High St, 3181",-37.8527688,144.9990609
"Northcote, 43 Bird Av, 3070",-37.7617598,144.988774
"Pascoe Vale, 307/15 Pascoe St, 3044",-37.7165083,144.9351212
"Keilor East, 5 Limestone Av, 3033",-37.7414392,144.8776809
"Point Cook, 63 Lancaster Dr, 3030",-37.8769386,144.7435131
"West Melbourne, 4/58 Abbotsford St, 3003",-37.8067905,144.9446983
"Niddrie, 40a Jackson St, 3042",-37.739178,144.8878222
"Pascoe Vale, 3/31 Northumberland Rd, 3044",-37.7263873,144.9311722
"Kew, 25 Stoke Av, 3101",-37.8074808,145.0596503
"Taylors Lakes, 6 Laser Ct, 3038",-37.7020259,144.7901355
"Camberwell, 44 Currajong Av, 3124",-37.8393192,145.0602573
"Roxburgh Park, 5 MacKay Wk, 3064",-37.6361221,144.9144562
"Essendon, 54 Lawson St, 3040",-37.7541374,144.9331598
"Yallambie, 8/6 Borlase St, 3085",-37.7329458,145.0810098
"Melbourne, 39/562 Little Bourke St, 3000",-37.815158,144.955702
"Ferntree Gully, 5/7 Hillcrest Av, 3156",-37.8784709,145.2899964
"Hampton, 407/427 Hampton St, 3188",-37.9345955,145.0027142
"Armadale, 29/62 Wattletree Rd, 3143",-37.8616397,145.0214871
"Sunshine North, 36 Buckley Av, 3020",-37.760255,144.8278083
"Cheltenham, 2/3 Evergreen Cct, 3192",-37.9627144,145.0671412
"Chadstone, 73 Power Av, 3148",-37.8748216,145.1007689
"South Yarra, 304/15 Cromwell Rd, 3141",-37.8453402,144.9996118
"North Melbourne, 319/68 Leveson St, 3051",-37.8024072,144.9515043
"Coolaroo, 36 Westmere Cr, 3048",-37.6640255,144.9336587
"Flemington, 2/91 High St, 3031",-37.785144,144.9352
"Sunshine North, 2/4 Bradman St, 3020",-37.7695127,144.8314962
"Sunshine North, 2 McLeod St, 3020",-37.7700489,144.8334169
"Croydon, 3 Silvergrass Ct, 3136",-37.7847257,145.2893326
"Oak Park, 3/34 Watt Av, 3046",-37.7181972,144.9292233
"Kew, 6 Gordon Av, 3101",-37.810512,145.0364057
"Albion, 5 Perth Av, 3020",-37.7795301,144.81448
"Airport West, 3/31 Creswell Av, 3042",-37.7321663,144.886685
"Altona, 54 Seves St, 3018",-37.865556,144.8377998
"Mitcham, 9 Lake Av, 3132",-37.8194198,145.2040348
"Essendon, 3/12 Morton St, 3040",-37.7462956,144.9207439
"Airport West, 2/6 Etzel St, 3042",-37.721485,144.8800014
"Campbellfield, 54 Blackwood Cr, 3061",-37.676098,144.9636115
"Broadmeadows, 3/55 Graham St, 3047",-37.692264,144.9285173
"Mount Waverley, 2/3 Olympian Av, 3149",-37.8772192,145.1129732
"Maribyrnong, 38 Waterford Av, 3032",-37.7727753,144.878782
"Bentleigh East, 2/45 Elizabeth St, 3165",-37.9229548,145.0566508
"Doncaster, 8 Winters Wy, 3108",-37.7792526,145.1117328
"Brunswick, 65 Laura St, 3056",-37.7706562,144.968119
"Balwyn, 68 Elliott Av, 3103",-37.8027991,145.0733644
"Fawkner, 30 Leighton Cr, 3060",-37.692937,144.9629228
"Epping, 40 Vilcins Views, 3076",-37.627122,145.0180705
"Werribee, 91 Latham St, 3030",-37.8749219,144.6561396
"Pascoe Vale, 48A Landells Rd, 3044",-37.7280378,144.943095
"Ascot Vale, 25 Station Av, 3032",-37.7752308,144.9221104
"Sandringham, 3/9 Waltham St, 3191",-37.949071,145.003521
"Donvale, 9 Langford Cr, 3111",-37.8024189,145.1884647
"Richmond, 5a Waltham Pl, 3121",-37.8202701,144.9977535
"Oak Park, 4/656 Pascoe Vale Rd, 3046",-37.7169751,144.9201916
"Sunbury, 34 Holland Rd, 3429",-37.5636387,144.7180396
"Reservoir, 2/28 Sharpe St, 3073",-37.723411,145.003211
"Ashburton, 2/37 Munro Av, 3147",-37.8669604,145.0760473
"St Albans, 62 McArthur Av, 3021",-37.7400128,144.8123093
"Langwarrin, 24 Lang Rd, 3910",-38.1567105,145.192883
"Pascoe Vale, 4/18 Danin St, 3044",-37.7247915,144.9294225
"Strathmore, 27 Dublin Av, 3041",-37.7359381,144.9082557
"Glenroy, 82 Melbourne Av, 3046",-37.7037734,144.9305326
"Sunbury, 26 Aldridge Dr, 3429",-37.5642443,144.7217834
"Canterbury, 4/31 Monomeath Av, 3126",-37.8198655,145.0731841
"Brighton, 6/21 Were St, 3186",-37.9240816,144.9896846
"Ivanhoe, 3/136 Banksia St, 3079",-37.757519,145.052916
"Oak Park, 3/24 Magnolia St, 3046",-37.7189463,144.9241747
"Oakleigh, 24 Mora Av, 3166",-37.9023834,145.0898512
"Mitcham, 2/8 Percy St, 3132",-37.819016,145.1945846
"Glen Iris, 4 Allison Av, 3146",-37.8628741,145.0691569
"Ringwood North, 3/10 Unsworth Rd, 3134",-37.7997439,145.2333753
"Heatherton, 24 Genine Av, 3202",-37.9528034,145.0858882
"Craigieburn, 61 Bowral Lp, 3064",-37.5772127,144.9344461
"Seddon, 35 Seddon St, 3011",-37.8083186,144.8868651
"Keilor East, 2/224 Milleara Rd, 3033",-37.7481941,144.8629017
"Hawthorn East, 2/96 Campbell Rd, 3123",-37.8343996,145.0552311
"Avondale Heights, 31b Riverside Av, 3034",-37.7690769,144.8593922
"Hughesdale, 67 Dallas Av, 3166",-37.9052307,145.08516
"Port Melbourne, 504/88 Beach St, 3207",-37.8416519,144.9357508
"Viewbank, 2/95 Lyon Rd, 3084",-37.7333036,145.0880482
"MacLeod, 49a Edward St, 3085",-37.7255504,145.0753309
"Kew, 27 Second Av, 3101",-37.8034522,145.0616555
"Greensborough, 6 Delpura Gln, 3088",-37.6932795,145.1119314
"Altona North, 3/28 Windsor Cr, 3025",-37.8444182,144.8525791
"Surrey Hills, 2/5 Middlesex Rd, 3127",-37.8260541,145.0901758
"Richmond, 50 Lambert St, 3121",-37.8131842,145.0023694
"St Kilda, 4/24 Robe St, 3182",-37.8639841,144.9789157
"Wyndham Vale, 3/20 Lady Penrhyn Dr, 3024",-37.8813892,144.6286264
"Edithvale, 2/62 Lochiel Av, 3196",-38.0326951,145.1121576
"Balwyn North, 27 Viewhill Rd, 3104",-37.7899235,145.0896004
"Point Cook, 5 Martaban Cr, 3030",-37.8996724,144.7175426
"Northcote, 9 Waterloo Rd, 3070",-37.7762716,145.0020081
"Braybrook, 81 Churchill Av, 3019",-37.7863654,144.860141
"South Melbourne, 51/88 Park St, 3205",-37.8330468,144.9683209
"Northcote, 7/9 Walker St, 3070",-37.7828638,144.9946733
"Lower Plenty, 6/8 Longs Rd, 3093",-37.723791,145.111712
"Malvern East, 46 Boston Av, 3145",-37.8805489,145.0613582
"Ivanhoe, 4 Mandall Av, 3079",-37.7694241,145.0333639
"Southbank, 611/250 St Kilda Rd, 3006",-37.8255907,144.9705826
"Ormond, 2/498 North Rd, 3204",-37.9039302,145.0381423
"Camberwell, 2/8 Tyne St, 3124",-37.8463357,145.0840438
"Collingwood, 27/99 Oxford St, 3066",-37.8036423,144.9846106
"Brighton, 3/72 Well St, 3186",-37.9186909,144.9968683
"Yarraville, 4/119 Gamon St, 3013",-37.8123396,144.8896224
"Port Melbourne, 3/39 Esplanade Pl, 3207",-37.8362817,144.9464282
"Essendon, 3/16 Woodvale Gr, 3040",-37.7433315,144.9211823
"Ferntree Gully, 3/14 Margot St, 3156",-37.8848353,145.2872003
"Port Melbourne, 8/50 Johnston St, 3207",-37.8439089,144.9434695
"Brighton, 9/35 Normanby St, 3186",-37.9111428,144.9908943
"Ivanhoe, 3/18 Linden Av, 3079",-37.756733,145.05319
"Glen Huntly, 7/15 Royal Av, 3163",-37.8911695,145.0424042
"Hadfield, 2/32 David St, 3046",-37.7072228,144.9464964
"Chadstone, 3/4 Kalymna Gr, 3148",-37.8873466,145.1040678
"Keilor Park, 4 Eaglefarm Ct, 3042",-37.7190584,144.8568118
"Preston, 3/94 Wood St, 3072",-37.7352709,145.0250162
"Footscray, 8/18 Eldridge St, 3011",-37.7895317,144.8930712
"Carrum Downs, 26 Luscombe Av, 3201",-38.0952074,145.1807097
"Point Cook, 46 Ladybird Cr, 3030",-37.9061474,144.7450767
"Kingsbury, 5/8 Oconnell St, 3083",-37.7139789,145.0432403
"Reservoir, 41 Allenby Av, 3073",-37.7022512,145.0055874
"Mulgrave, 2 Gregory Cr, 3170",-37.9290267,145.1716808
"Prahran, 65 Donald St, 3181",-37.846669,144.9866983
"Highett, 229/286 Highett Rd, 3190",-37.9487787,145.0410422
"Keilor Downs, 30 Stockwell Cr, 3038",-37.7131075,144.7921442
"Ormond, 35b Murray Rd, 3204",-37.906347,145.0282451
"Brunswick West, 46/2 Centennial Av, 3055",-37.7728674,144.9483675
"Ivanhoe East, 34 York Av, 3079",-37.7703092,145.0552033
"Airport West, 32 Grange Rd, 3042",-37.7313414,144.8838452
"Altona North, 3 Fourth Av, 3025",-37.8418027,144.8503262
"Glen Iris, 3/13 Belmont Av, 3146",-37.8572335,145.047781
"Strathmore, 5 Columban Av, 3041",-37.7418837,144.9220862
"North Warrandyte, 59 Valias St, 3113",-37.7244744,145.2067111
"Rosanna, 3/14 Jolliffe Cr, 3084",-37.7413678,145.0686916
"Malvern East, 24/997 Dandenong Rd, 3145",-37.8799534,145.0493427
"MacLeod, 8/25 Pottage Cct, 3085",-37.7217964,145.0626225
"Burwood, 26 Inverness Av, 3125",-37.8451936,145.1180992
"St Kilda, 6/58 Grey St, 3182",-37.8617108,144.9795631
"Thornbury, 3/37 Collins St, 3071",-37.7548676,145.0039524
"Bentleigh, 2 Windsor Av, 3204",-37.917175,145.0481393
"Airport West, 3/35 Walters Av, 3042",-37.7315101,144.8854902
"Bentleigh, 55 North Av, 3204",-37.9244159,145.0351942
"Kew, 3/385 Barkers Rd, 3101",-37.8161358,145.0505679
"Bentleigh East, 32b Jassa St, 3165",-37.9092523,145.0772986
"Niddrie, 2A Michael Ct, 3042",-37.7443114,144.8832885
"Brunswick West, 5/4 Cumming St, 3055",-37.7607084,144.9435513
"Bentleigh, 5/2 Werona St, 3204",-37.9310364,145.0380223
"Scoresby, 53 Sheppard Dr, 3179",-37.8944227,145.2290813
"Hawthorn, 3/8 Simpson Pl, 3122",-37.8176682,145.0211506
"Melbourne, 2608/620 Collins St, 3000",-37.818709,144.9542733
"Bundoora, 2 Amethyst Wk, 3083",-37.7097861,145.0551302
"Chelsea, 351 Station St, 3196",-38.0542866,145.1178683
"Templestowe Lower, 6 Jacana Av, 3107",-37.7631228,145.1017979
"Tarneit, 5 Lauderdale Dr, 3029",-37.8702612,144.659824
"Malvern East, 42 Washington Av, 3145",-37.8805285,145.0602282
"Northcote, 2/241 Heidelberg Rd, 3070",-37.7837907,145.0102923
"Yarraville, 4/20 Angliss St, 3013",-37.8152034,144.866351
"Lalor, 2/26 Messmate St, 3075",-37.6745413,145.0198486
"Werribee, 8 Edinburgh Ct, 3030",-37.8906941,144.6368452
"Glen Iris, 5/10 Osborne Av, 3146",-37.8574188,145.0468099
"Mont Albert, 3/4 Gilbert St, 3127",-37.8139095,145.1130855
"Alphington, 4/148 Grange Rd, 3078",-37.7711434,145.0270717
"Melbourne, 703/610 St Kilda Rd, 3000",-37.8519462,144.980719
"South Morang, 43 Rolain Av, 3752",-37.6340132,145.0684827
"MacLeod, 37 Chapman St, 3085",-37.7306842,145.0719857
"Pascoe Vale, 5/48 Railway Pde, 3044",-37.7277469,144.9280008
"Rosanna, 7 Braeside Av, 3084",-37.7324927,145.066372
"Prahran, 2d Alfred St, 3181",-37.8505061,144.9854608
"Flemington, 2/63 Crown St, 3031",-37.7858467,144.9226053
"Kew, 3/48 Princess St, 3101",-37.8049373,145.0294087
"Thornbury, 3/110 Normanby Av, 3071",-37.7582751,144.9900114
"Essendon, 4/62 Nimmo St, 3040",-37.7497134,144.8962816
"Sunshine North, 23 Sandford Av, 3020",-37.7665513,144.8275035
"Hampton, 50a David St, 3188",-37.9430535,145.0168097
"Balwyn North, 53 Trentwood Av, 3104",-37.786466,145.0974182
"Glen Iris, 8 Barbara Av, 3146",-37.8517981,145.0882282
"Balwyn, 3/32 Deepdene Rd, 3103",-37.8135631,145.062595
"St Albans, 39b Power St, 3021",-37.7315768,144.8110915
"Williamstown, 32 Merrett Dr, 3016",-37.8612724,144.8800629
"Brighton East, 52 Glencairn Av, 3187",-37.9270169,145.0196466
"Watsonia, 4/67 Bungay St, 3087",-37.7052573,145.0771789
"Reservoir, 2a Palm Av, 3073",-37.7116585,145.0135648
"Knoxfield, 2/73 Rickards Av, 3180",-37.8892527,145.2467201
"Mont Albert, 2/389 Mont Albert Rd, 3127",-37.8211889,145.1063691
"Toorak, 3 Lawrenny Ct, 3142",-37.8343663,145.0209211
"Newport, 29 Latrobe St, 3015",-37.8467903,144.8874128
"Williamstown, 4 Laverton St, 3016",-37.8624704,144.8910664
"Fitzroy North, 53 Alfred Cr, 3068",-37.7867369,144.9858838
"Chirnside Park, 75 Chirnside Dr, 3116",-37.7520017,145.3190355
"Balwyn, 51 Yarrbat Av, 3103",-37.8090758,145.0884724
"Reservoir, 2/70 Cheddar Rd, 3073",-37.706959,145.015428
"Airport West, 244 Parer Rd, 3042",-37.7212783,144.8715533
"Brooklyn, 3/18 Cypress Av, 3012",-37.8211471,144.843741
"Brunswick East, 8/162 Lygon St, 3057",-37.7731749,144.9716384
"East Melbourne, 6/37 George St, 3002",-37.815811,144.9889723
"Glen Waverley, 2/70 Leicester Av, 3150",-37.8891761,145.1535346
"Kooyong, 4/459 Glenferrie Rd, 3144",-37.8408758,145.0318479
"Plumpton, 88 Aspire Bvd, 3335",-37.700973,144.7263277
"Hampton, 5a James Cr, 3188",-37.9421093,145.018183
"Rosanna, 36 Jones Cr, 3084",-37.7376297,145.0772042
"Southbank, 9/46 Clarendon St, 3006",-37.8258538,144.9570105
"Bundoora, 3/2 Greenwood Dr, 3083",-37.7084083,145.0522072
"Altona North, 58a Clematis Av, 3025",-37.8262311,144.8517303
"Preston, 3/31 Bailey Av, 3072",-37.7517336,145.0125004
"Malvern East, 28a Abbotsford Av, 3145",-37.8814537,145.0832993
"Gowanbrae, 41 Marigold Cr, 3043",-37.7010258,144.9011256
"Ascot Vale, 7B Langs Rd, 3032",-37.7836568,144.9068302
"Malvern East, 23 Clynden Av, 3145",-37.8693674,145.0622984
"Berwick, 3/9 Gardiner St, 3806",-38.0245401,145.3503507
"Dandenong, 2/26 Hammond Rd, 3175",-37.9942557,145.2093607
"Melbourne, 83/416 St Kilda Rd, 3000",-37.8355073,144.9746861
"Toorak, 4/18 Lansell Rd, 3142",-37.8391947,145.0164844
"Braybrook, 39 Myalla St, 3019",-37.7878127,144.8497164
"Hampton, 66b Ludstone St, 3188",-37.9340611,145.0105357
"Oakleigh South, 24 Terrigal Av, 3167",-37.9214283,145.0937725
"Newport, 25 Woods St, 3015",-37.8461138,144.8784727
"Glen Iris, 24 Allison Av, 3146",-37.8642391,145.0689025
"Spotswood, 2/31 Hope St, 3015",-37.8295299,144.8858259
"Clayton South, 4/11 Moore Av, 3169",-37.9377326,145.1350776
"Kew, 4/910 Glenferrie Rd, 3101",-37.8086715,145.0388977
"Bentleigh, 4a Marriot Rd, 3204",-37.9314486,145.0407788
"Wollert, 3 Chetwynd Gr, 3750",-37.6122734,145.0118627
"Brunswick, 5/24 Stewart St, 3056",-37.7637691,144.9649436
"Rosanna, 2 Millicent St, 3084",-37.7410728,145.0733146
"Reservoir, 2/82 Leamington St, 3073",-37.7120273,145.0010685
"Surrey Hills, 25A Chestnut St, 3127",-37.8339362,145.1105855
"Malvern East, 7/1 Wilton Vale Cr, 3145",-37.8671451,145.059614
"Westmeadows, 5/81 Raleigh St, 3049",-37.6772081,144.8943517
"Richmond, 84 Yarra Bvd, 3121",-37.8225319,145.0130456
"Templestowe, 283 Porter St, 3106",-37.7545745,145.1554117
"Brighton East, 5 Keys Av, 3187",-37.9071619,145.0116719
"Port Melbourne, 504/155 Beach St, 3207",-37.8392357,144.9257113
"Forest Hill, 56 Lasiandra Av, 3131",-37.8354518,145.1835444
"Lower Plenty, 4/129 Main Rd, 3093",-37.7256533,145.1146072
"Pascoe Vale, 4/31 Pardy St, 3044",-37.7337152,144.9340526
"Carnegie, 3/31 Tranmere Av, 3163",-37.8902518,145.0611909
"Armadale, 7/16 Fulton St, 3143",-37.8538149,145.0127491
"Keilor East, 4 Bernard Ct, 3033",-37.7366687,144.8700262
"Airport West, 3/174 Parer Rd, 3042",-37.7183664,144.8765336
"Albert Park, 3 Faussett St, 3206",-37.841503,144.9551236
"Malvern East, 77 Millewa Av, 3145",-37.8796424,145.0758181
"Heidelberg, 26 Berkeley Av, 3084",-37.7482548,145.0818878
"Camberwell, 3/634 Riversdale Rd, 3124",-37.8327528,145.0675489
"Reservoir, 22 Winter Cr, 3073",-37.718949,145.0280184
"Abbotsford, 403/609 Victoria St, 3067",-37.8110653,145.0076834
"Watsonia, 41 Ladd St, 3087",-37.7076079,145.0763297
"Port Melbourne, 504/142 Rouse St, 3207",-37.8421644,144.9399742
"Reservoir, 69 Pallant Av, 3073",-37.6962183,144.9986778
"Bentleigh East, 40a Brosnan Rd, 3165",-37.9331018,145.0673282
"Doncaster, 3/41 Queens Av, 3108",-37.7870932,145.1363247
"Watsonia, 23 Gabonia Av, 3087",-37.716737,145.0900031
"Ascot Vale, 4/9 Sandown Rd, 3032",-37.7830504,144.9208867
"Glen Iris, 28 Grandview Av, 3146",-37.8515359,145.083434
"Altona North, 3/49 Misten Av, 3025",-37.8270197,144.8398342
"Glen Waverley, 39b Summit Cr, 3150",-37.8890892,145.1731706
"Kew East, 34 Baker Av, 3102",-37.7923601,145.0436264
"Knoxfield, 4/1 David St, 3180",-37.8939805,145.2506889
"Northcote, 5/137 Westgarth St, 3070",-37.7818188,145.0043939
"Hawthorn, 8/10 Brook St, 3122",-37.8158578,145.0194259
"Prahran, 509/85 High St, 3181",-37.8510748,144.9890853
"Parkville, 2/86 Cade Wy, 3052",-37.7779917,144.9385346
"Tarneit, 2 Larson Av, 3029",-37.8434229,144.6574467
"Richmond, 8 Queen St, 3121",-37.826455,145.0108849
"Reservoir, 3/78 Orrong Av, 3073",-37.7113206,145.0151838
"MacLeod, 30 Dunvegan Cr, 3085",-37.7165102,145.0746332
"Prahran, 405/1 Mount St, 3181",-37.8520058,144.9956264
"Coburg North, 54 Lincoln Av, 3058",-37.7191057,144.9557599
"Coburg North, 6 Portrait Wy, 3058",-37.7310814,144.9832133
"Hawthorn East, 4/78 Campbell Rd, 3123",-37.8339484,145.0542325
"South Morang, 34 Lamour Av, 3752",-37.6265178,145.0666758
"Briar Hill, 8 Brandon Ct, 3088",-37.7019331,145.1177761
"Camberwell, 3/427 Camberwell Rd, 3124",-37.8370417,145.0636312
"Ascot Vale, 4 Morphett Av, 3032",-37.7799061,144.9064137
"Kensington, 6/1 The Lairidge, 3031",-37.7896019,144.9241927
"Mill Park, 79 Veronica Cr, 3082",-37.6717619,145.0746859
"Balwyn North, 2/68 Sweyn St, 3104",-37.7938814,145.1052337
"Thornbury, 2/33 Swift St, 3071",-37.7643209,145.0168139
"Sunbury, 67 Davenport Dr, 3429",-37.5906292,144.7082479
"Brunswick, 226 Albert Street, 3056",-37.7695291,144.9665722
"Heidelberg West, 23 South Cr, 3081",-37.7404095,145.0438261
"Coburg, 2/3 The Grove, 3058",-37.750953,144.966035
"Canterbury, 7 Maysia St, 3126",-37.8317759,145.0761312
"Bentleigh East, 38a Beddoe Av, 3165",-37.9186649,145.0683485
"Avondale Heights, 9 Arcade Wy, 3034",-37.7562126,144.8527227
"Footscray, 3/10 Leigh St, 3011",-37.7933933,144.8832751
"Brighton, 4/171 Church St, 3186",-37.9167821,144.9980396
"Bentleigh East, 35b Barrani St, 3165",-37.9118486,145.0728989
"Kealba, 22A Bundeena Av, 3021",-37.7309763,144.8241971
"Balwyn, 2/42 Talbot Av, 3103",-37.8156092,145.0863158
"MacLeod, 33 Erskine Rd, 3085",-37.7298797,145.0760174
"Brighton, 3/4 Seaview Av, 3186",-37.9303475,144.9925772
"Nunawading, 2/71 Junction Rd, 3131",-37.8070261,145.1681574
"Essendon, 3/41 Nimmo St, 3040",-37.7503685,144.8957505
"Hawthorn, 4/22 Muir St, 3122",-37.8148672,145.0175774
"Wheelers Hill, 40b Belinda Cr, 3150",-37.9047561,145.186754
"Glen Waverley, 6/24 Tulloch Gr, 3150",-37.8992939,145.1513602
"Glenroy, 3/82 View St, 3046",-37.69587,144.9288238
"South Yarra, 6/435 Punt Rd, 3141",-37.8450274,144.984876
"Bundoora, 2 Patricia Av, 3083",-37.7010385,145.073659
"Burwood, 3/14 Havelock St, 3125",-37.8512672,145.1177458
"Glenroy, 33 Maude Av, 3046",-37.7032474,144.935031
"Mentone, 3/129 Nepean Hwy, 3194",-37.9816379,145.0719453
"Richmond, 22 Cubitt St, 3121",-37.8264543,144.9925843
"Glen Iris, 2/66 Edgar St N, 3146",-37.8498276,145.0466013
"Hampton, 4/5 Walker Av, 3188",-37.9377996,145.0190809
"Lalor, 83 Rotino Cr, 3075",-37.6635036,144.9854184
"Brunswick, 3/203 Brunswick Rd, 3056",-37.7773189,144.9637098
"Moonee Ponds, 6/51 Buckley St, 3039",-37.7579724,144.9237374
"Hampton, 5 Lagnicourt St, 3188",-37.9327832,145.0092077
"Avondale Heights, 34 South Tce, 3034",-37.7509263,144.8567594
"Melbourne, 807/582 St Kilda Rd, 3000",-37.8493082,144.9794216
"Reservoir, 2/50 Lane Cr, 3073",-37.713597,145.019427
"Footscray, 28 Coral Av, 3011",-37.7908198,144.8834789
"Doncaster East, 2/7 Myrtle Ct, 3109",-37.7918869,145.1636604
"Glenroy, 24 Ridgeway Av, 3046",-37.6981121,144.907581
"Balwyn, 7 Creswick St, 3103",-37.8097265,145.0639415
"Aberfeldie, 4/39 St Kinnord St, 3040",-37.7588113,144.9027066
"Mont Albert, 2/90 Victoria Cr, 3127",-37.8137825,145.1119461
"Ashburton, 36 Alamein Av, 3147",-37.8687293,145.0845207
"Werribee, 8/183 Shaws Rd, 3030",-37.889652,144.662602
"Carlton North, 4/867 Rathdowne St, 3054",-37.7840416,144.9725289
"Maribyrnong, 42 Magazine Wy, 3032",-37.7843155,144.8981002
"Kew, 36 Belmont Av, 3101",-37.8053536,145.043039
"Alphington, 91 Lucerne Cr, 3078",-37.7816773,145.0350121
"Lalor, 3/66 French St, 3075",-37.6707139,145.0206799
"Mount Waverley, 3/18 Biscayne Dr, 3149",-37.8640978,145.1476268
"Coburg, 56 Barrow St, 3058",-37.7502733,144.9716062
"Altona North, 30 Marigold Av, 3025",-37.8273155,144.8540212
"Rosanna, 41 Victoria Av, 3084",-37.7322261,145.0645816
"MacLeod, 4/34 Glenmore St, 3085",-37.72192,145.06679
"Mentone, 3/42 Flinders St, 3194",-37.9763401,145.0586614
"Essendon West, 4/432 Buckley St, 3040",-37.7529262,144.8842557
"Ivanhoe, 2/8 Oriel Rd, 3079",-37.7663333,145.035544
"Bentleigh East, 39 Lesden St, 3165",-37.9345363,145.055818
"Fairfield, 8/35 Grange Rd, 3078",-37.7783724,145.024981
"Doncaster, 2/6 Baird Street Nth, 3108",-37.7915011,145.132914
"Yarraville, 66 Bishop St, 3013",-37.813486,144.874357
"Doncaster, 6 Harvest Ct, 3108",-37.7741234,145.1275778
"Burwood, 23/1 Conservatory Dr, 3125",-37.8560498,145.0961969
"Parkdale, 2/31 Victoria St, 3195",-37.9911545,145.0875205
"Templestowe Lower, 3/28 Foote St, 3107",-37.7580699,145.1167945
"Mentone, 7/214 Balcombe Rd, 3194",-37.9803642,145.059031
"Kealba, 30 Bundeena Av, 3021",-37.7314053,144.8247378
"Caroline Springs, 2 Brunton Av, 3023",-37.7304157,144.7364624
"Reservoir, 2/57 Keon Pde, 3073",-37.6958561,145.0167808
"Caulfield East, 29 Derby Cr, 3145",-37.8835019,145.0454121
"Coburg, 39 Glenora Av, 3058",-37.7483874,144.974796
"Bentleigh, 46a Tucker Rd, 3204",-37.9301093,145.0493229
"Caroline Springs, 9 Parkside Cl, 3023",-37.7515277,144.7299576
"Kew, 5/110 Wellington St, 3101",-37.810656,145.041986
"Malvern, 41/202 Wattletree Rd, 3144",-37.863265,145.0338412
"Ashburton, 34 Munro Av, 3147",-37.8660073,145.0755517
"Brunswick West, 6/10 Fitzgibbon Av, 3055",-37.7702549,144.9460906
"Aspendale, 29 Ebb St, 3195",-38.0156473,145.0990207
"Templestowe Lower, 7 Eric Av, 3107",-37.7560607,145.0948452
"Camberwell, 4/196 Warrigal Rd, 3124",-37.8455478,145.0962439
"Richmond, 81 Wellington St, 3121",-37.8274407,144.9895143
"Mount Waverley, 40 Bennett Av, 3149",-37.8613093,145.1455114
"Yarraville, 2/5 Jepson St, 3013",-37.813067,144.8708124
"Templestowe, 5/8 Innisfallen Av, 3106",-37.7540346,145.1530056
"Hampton East, 2C Leith Cr, 3188",-37.9429585,145.0294104
"Elwood, 36a Mitford St, 3184",-37.8737863,144.9830594
"Glen Waverley, 8/280 Blackburn Rd, 3150",-37.8769118,145.1477448
"Essendon, 4/9 Balmoral St, 3040",-37.749632,144.9057896
"Brighton, 2A Grant St, 3186",-37.9133971,145.0075782
"Brunswick, 2 Warne St, 3056",-37.7597456,144.9585902
"Thornbury, 260a Gooch St, 3071",-37.760256,145.0209313
"Dandenong, 40 Grandview Av, 3175",-37.983656,145.2285525
"Fairfield, 293a Gillies St, 3078",-37.7660513,145.0193683
"Armadale, 37 Barkly Av, 3143",-37.8599307,145.0264065
"Glen Waverley, 2/36 Monterey Av, 3150",-37.891159,145.16019
"Kew East, 34 Irymple Av, 3102",-37.793518,145.0583534
"Brighton, 53A Whyte St, 3186",-37.9212642,144.9995005
"Port Melbourne, 502/216 Rouse St, 3207",-37.8409479,144.9379182
"Thornbury, 2/38 Woolton Av, 3071",-37.7608378,144.9958649
"Prahran, 3/8 Airlie Av, 3181",-37.8548636,145.0082074
"Glen Iris, 32/1495 Malvern Rd, 3146",-37.8532964,145.0443337
"Hawthorn East, 5/61 Mayston St, 3123",-37.8268722,145.0554343
"Glen Iris, 8/1522 Malvern Rd, 3146",-37.8542712,145.0495861
"South Yarra, 55 Lang St, 3141",-37.8411429,144.988215
"Reservoir, 3/153 Rathcown Rd, 3073",-37.709118,145.016112
"Beaumaris, 2/360 Balcombe Rd, 3193",-37.9784458,145.044655
"Oakleigh South, 2/36 Cleek Av, 3167",-37.9128487,145.0882427
"Sunbury, 70a Davenport Dr, 3429",-37.5904357,144.7076513
"Reservoir, 54 Lloyd Av, 3073",-37.6978616,145.0156269
"Richmond, 2/373 Highett St, 3121",-37.8166036,145.0080258
"Burwood, 24 Patterson Av, 3125",-37.841856,145.1055111
"Reservoir, 2/9 Hughes Pde, 3073",-37.6973272,145.0099072
"Balwyn, 2/23 Northcote Av, 3103",-37.816439,145.0867658
"Melbourne, 503/1 Roy St, 3000",-37.8465104,144.9774674
"Maribyrnong, 6 Woodruff Av, 3032",-37.7876945,144.8970288
"Bundoora, 7 Larter Ct, 3083",-37.6900993,145.0569273
"Glen Iris, 5/1421 High St, 3146",-37.8585266,145.0456787
"MacLeod, 2/3 Joynt St, 3085",-37.7256616,145.0621251
"Mernda, 3 Pugh St, 3754",-37.5863834,145.0840131
"Bundoora, 9 Nash Ct, 3083",-37.6920843,145.0656467
"Reservoir, 2/56 Orrong Av, 3073",-37.712699,145.0132528
"Coburg North, 24 Tonkin Av, 3058",-37.7203317,144.9526448
"Rosanna, 2/27 Invermay Gr, 3084",-37.74245,145.063284
"Armadale, 3 Alleyne Av, 3143",-37.8594544,145.0228824
"Brighton East, 6 Shasta Av, 3187",-37.9169157,145.0075175
"Hampton, 9/237 Thomas St, 3188",-37.9399436,145.0217117
"Balwyn North, 38 Ferdinand Av, 3104",-37.7950547,145.095071
"Caulfield North, 8/18 Park Cr, 3161",-37.8727536,145.0349405
"Armadale, 5/754 High St, 3143",-37.8548043,145.014153
"Doncaster, 2/763 Doncaster Rd, 3108",-37.7866543,145.1346538
"MacLeod, 31a Carwarp St, 3085",-37.7273364,145.071455
"Attwood, 7 Wolfson Ct, 3049",-37.6721262,144.87794
"Fawkner, 6 Vervale Av, 3060",-37.7128259,144.9745642
"Glen Waverley, 4/22 Tulloch Gr, 3150",-37.8993625,145.1514124
"Strathmore, 45 Bournian Av, 3041",-37.7360629,144.9214853
"Glenroy, 24 Maude Av, 3046",-37.7040274,144.9354392
"Ripponlea, 7/3 Quat Quatta Av, 3185",-37.878163,144.996874
"Balwyn North, 32 Maylands Av, 3104",-37.7986349,145.0685519
"Ivanhoe, 7/84 Marshall St, 3079",-37.7703141,145.0471843
"Blackburn North, 2/37 Katrina St, 3130",-37.8032235,145.1457149
"Templestowe Lower, 7/28 Foote St, 3107",-37.7583057,145.1169599
"Bentleigh East, 7 Abbin Av, 3165",-37.9311848,145.0514712
"Balwyn, 7/1 Conway Cr, 3103",-37.8147488,145.0863553
"Balaclava, 5/78 Westbury St, 3183",-37.8662874,144.9961372
"Bulleen, 39 Summit Dr, 3105",-37.7666443,145.0885076
"Hawthorn East, 308/36 Lilydale Gr, 3123",-37.823456,145.0483893
"MacLeod, 99 Wungan St, 3085",-37.720865,145.0705935
"Albert Park, 57 Graham St, 3206",-37.8441323,144.9480523
"Brighton East, 29 Northern Av, 3187",-37.9021712,145.0186404
"Clayton, 2/78 Jaguar Dr, 3168",-37.9287035,145.1316654
"Preston, 33 Austral Av, 3072",-37.746079,144.99308
"Prahran, 505/22 Chatham St, 3181",-37.8490629,144.9930948
"Toorak, 7/555 Toorak Rd, 3142",-37.8413784,145.0129155
"Surrey Hills, 3/11 Sunbury Cr, 3127",-37.8243829,145.0943247
"Blackburn South, 3 Shaun Av, 3130",-37.846257,145.1523803
"Brunswick East, 8/206 Lygon St, 3057",-37.7722187,144.9717771
"Reservoir, 24 Wimmera Av, 3073",-37.7235689,145.0202394
"Balwyn, 8 Grant Av, 3103",-37.8136167,145.0752414
"Williamstown, 25 Anzac Cr, 3016",-37.86163,144.8849627
"Clifton Hill, 7/82 Roseneath St, 3068",-37.7932969,144.9973889
"Parkdale, 9a Booth St, 3195",-37.9945118,145.0850095
"Ascot Vale, 22 Langs Rd, 3032",-37.7813973,144.9097242
"Camberwell, 23a Acheron Av, 3124",-37.8418777,145.0663017
"Brighton East, 3/36 Union St, 3187",-37.908123,145.011822
"Abbotsford, 43/84 Trenerry Cr, 3067",-37.7979304,144.9981836
"Surrey Hills, 2/4 Wells St, 3127",-37.8185753,145.089116
"Doncaster, 801/5 Elgar Ct, 3108",-37.7886958,145.124033
"Keilor East, 39 David Av, 3033",-37.7432567,144.8713384
"St Kilda, 5/298 St Kilda Rd, 3182",-37.8642911,144.9859825
"Pascoe Vale, 4/34 Cornwall Rd, 3044",-37.720523,144.937354
"Elsternwick, 9/2 Parkside St, 3185",-37.8862347,145.0114475
"Deer Park, 90 Hatchlands Dr, 3023",-37.7787328,144.7631582
"Hampton East, 8/22 Kelly Av, 3188",-37.933738,145.027386
"Kingsbury, 2/4 Bradshaw St, 3083",-37.718188,145.0394256
"Caulfield South, 45 Ludbrook Av, 3162",-37.8984139,145.0178213
"Essendon, 4/37 Miller St, 3040",-37.7541468,144.9092101
"Deepdene, 3/3 Meadow Gr, 3103",-37.8102478,145.0662803
"Bentleigh East, 29b Hallow St, 3165",-37.9094715,145.0779743
"Pascoe Vale, 3/16 Pascoe St, 3044",-37.7158023,144.9345501
"Melbourne, 2303/568 Collins St, 3000",-37.8183726,144.9555337
"Port Melbourne, 42/2 Esplanade West, 3207",-37.8440596,144.941052
"Parkdale, 2/88 Keith St, 3195",-37.9932421,145.0917893
"Williamstown, 3/2 Thompson St, 3016",-37.8639256,144.9048536
"Oak Park, 28 Watt Av, 3046",-37.7188185,144.9288831
"Burwood, 3/17 Sunhill Av, 3125",-37.8551171,145.1248904
"Moorabbin, 610/6 Station St, 3189",-37.9353184,145.0371814
"Glenroy, 4/45 Lytton St, 3046",-37.707803,144.91008
"South Yarra, 703/700 Chapel St, 3141",-37.8366508,144.9967296
"Brighton East, 23 Glencairn Av, 3187",-37.9288218,145.0189469
"Templestowe, 4 Fernbrook Wy, 3106",-37.7707097,145.1367113
"Brighton East, 27 Ferguson St, 3187",-37.9106768,145.0113541
"Preston, 27 Scotia St, 3072",-37.7454562,144.9915709
"Fawkner, 4/14 Preston St, 3060",-37.6997047,144.9715509
"Yarraville, 224 Fogarty Av, 3013",-37.823726,144.8718936
"Canterbury, 28 Wentworth Av, 3126",-37.8202696,145.0715633
"Taylors Lakes, 5 Buchanan Ct, 3038",-37.6893184,144.7857521
"Malvern, 32A Milton Pde, 3144",-37.8468786,145.0389477
"Pascoe Vale, 2/34 Austin Cr, 3044",-37.7260877,144.9307199
"Ascot Vale, 6/37 Myrnong Cr, 3032",-37.7771225,144.9340962
"Preston, 2/7 Lahinch St, 3072",-37.7456844,145.0167655
"Mentone, 73A Collins St, 3194",-37.9793546,145.0607235
"Hoppers Crossing, 23 Harkaway Av, 3029",-37.8513837,144.6726799
"Burwood, 5 Ardenne Cl, 3125",-37.8587103,145.1107866
"Brighton, 50 Outer Cr, 3186",-37.9053665,144.9968012
"Alphington, 6/11 Broomfield Av, 3078",-37.7816008,145.0212292
"Templestowe Lower, 37 Jacana Av, 3107",-37.7592844,145.1021391
"Carlton North, 94 MacPherson St, 3054",-37.7859365,144.9732519
"Balwyn, 70 Monash Av, 3103",-37.8026302,145.0723329
"Templestowe, 4 Woodlands Edg, 3106",-37.7569321,145.161581
"Pascoe Vale, 4/103 Cumberland Rd, 3044",-37.7296628,144.938187
"Balwyn North, 5 Echo Av, 3104",-37.7862788,145.085786
"Mooroolbark, 2 Kirkford Dr, 3138",-37.759699,145.320553
"Carlton North, 73 Wilson St, 3054",-37.7830898,144.966496
"Mentone, 4/46 Plummer Rd, 3194",-37.983051,145.0589505
"Thornbury, 260b Gooch St, 3071",-37.760256,145.0209313
"Sunshine West, 2/66 Talintyre Rd, 3020",-37.7986225,144.8093578
"Sunshine West, 48 Learmonth Cr, 3020",-37.8023287,144.8318563
"Hampton East, 48 Heath Cr, 3188",-37.9363387,145.0285982
"Seaford, 23 Kananook Av, 3198",-38.1151525,145.1285844
"Richmond, 28 Neptune St, 3121",-37.8206475,145.0068699
"MacLeod, 3/64 Erskine Rd, 3085",-37.728232,145.0735496
"Craigieburn, 27 Mountleigh Cct, 3064",-37.5898835,144.8973354
"South Kingsville, 5 Aloha St, 3015",-37.8308571,144.8671289
"Malvern East, 8a Prior Rd, 3145",-37.883313,145.0872652
"South Yarra, 4/77 Alexandra Av, 3141",-37.8333412,144.990498
"Kew, 2/4 Swinton Av, 3101",-37.8101221,145.0185335
"Kingsville, 8/22 Bishop St, 3012",-37.8099025,144.8750966
"Carnegie, 8/26 Elliott Av, 3163",-37.8902806,145.0601557
"Thomastown, 3/19 Plane St, 3074",-37.6764172,145.0227049
"Burwood, 2 Farleigh Av, 3125",-37.8457424,145.1216004
"Parkdale, 3/122 Como Pde W, 3195",-37.9892847,145.0708581
"Essendon North, 2/7 Royal Av, 3041",-37.739184,144.905725
"Hawthorn, 8/2 Grattan St, 3122",-37.8176884,145.0165308
"St Kilda, 6/103 Barkly St, 3182",-37.863767,144.981616
"Epping, 44 Wuchatsch Av, 3076",-37.6340029,145.009736
"Heidelberg Heights, 40 Haig St, 3081",-37.7458533,145.0521273
"Plumpton, 3 Galveston Av, 3335",-37.7195342,144.7231462
"Mont Albert, 7/86 Victoria Cr, 3127",-37.8145212,145.1115991
"Reservoir, 3/47 Burbank Dr, 3073",-37.6999457,145.0251641
"Carnegie, 7/3 Morton Av, 3163",-37.8866917,145.058377
"Heidelberg, 2/27 Dalvey St, 3084",-37.7508264,145.0747809
"St Kilda, 7a Neptune St, 3182",-37.8634537,144.978477
"Murrumbeena, 3/19 Dunoon St, 3163",-37.8923297,145.0667121
"Glenroy, 23b Isla Av, 3046",-37.7038002,144.9313709
"Melbourne, 719/55 Queens Rd, 3000",-37.847853,144.9776096
"Prahran, 4/235 Dandenong Rd, 3181",-37.8584292,144.9996728
"Templestowe Lower, 53 Eucalypt Av, 3107",-37.7710916,145.1277096
"Ivanhoe, 2/89 Beatty St, 3079",-37.7590234,145.0354964
"Doncaster East, 3a Colchester Dr, 3109",-37.7874955,145.1632778
"Maidstone, 51 Churchill Av, 3012",-37.786917,144.8652791
"Cairnlea, 3 Eaglehawk Cct, 3023",-37.7677515,144.7858918
"Mont Albert, 22 Smythe Av, 3127",-37.8129471,145.1016515
"Reservoir, 2/6 Lucille Av, 3073",-37.7005132,145.0215563
"Westmeadows, 39 Eyre St, 3049",-37.6768441,144.9001799
"Werribee, 80 Tamarind Cr, 3030",-37.8855562,144.6651878
"Mentone, 5/39 Plummer Rd, 3194",-37.9839124,145.0574401
"Gardenvale, 7/7 Gardenia Rd, 3185",-37.8993903,145.0084359
"Glenroy, 2/85 Hubert Av, 3046",-37.6992155,144.933362
"Reservoir, 2/33 Nisbett St, 3073",-37.7281497,145.0323042
"Oakleigh South, 2 Lehem Av, 3167",-37.9276624,145.0830991
"Brighton, 3 Lawrence St, 3186",-37.9146087,144.9996985
"Highett, 4/2 Moira Av, 3190",-37.9501229,145.0220183
"Bulleen, 4/78 Manningham Rd, 3105",-37.7666877,145.0905683
"Thornbury, 3/90 Normanby Av, 3071",-37.7584307,144.9915418
"Edithvale, 31 Berry Av, 3196",-38.0428297,145.1149505
"Wyndham Vale, 3 Merri St, 3024",-37.8727708,144.5989626
"Maidstone, 3/8 Bernard St, 3012",-37.7876215,144.86486
"Oakleigh, 2/3 Tamar Gr, 3166",-37.8964179,145.0965675
"Pakenham, 31 Azalea Av, 3810",-38.0871977,145.4838539
"Murrumbeena, 8/8 Kangaroo Rd, 3163",-37.8974647,145.0666521
"Werribee South, 656 Oconnors Rd, 3030",-37.9724903,144.6933213
"Melbourne, 606/668 Bourke St, 3000",-37.8165887,144.9542063
"Altona North, 25b Sutton Av, 3025",-37.8349114,144.8587112
"Prahran, 80/108 Greville St, 3181",-37.8496177,144.9904793
"Craigieburn, 66 Northern Cr, 3064",-37.5919941,144.9380216
"Doncaster East, 26 Newlands Cr, 3109",-37.7724695,145.181948
"Aberfeldie, 32 Beatrice Av, 3040",-37.756448,144.8891936
"Brighton, 3/18 Waterloo St, 3186",-37.9145998,145.0021689
"Caulfield South, 67 Ludbrook Av, 3162",-37.8986007,145.0195627
"South Yarra, 5/58 Toorak Rd, 3141",-37.8372591,144.979504
"Sunbury, 31 Rosenthal Bvd, 3429",-37.5986895,144.709758
"Hawthorn, 3/15 Yarra St, 3122",-37.8224934,145.0207031
"Reservoir, 2/94 Delaware St, 3073",-37.719577,145.007933
"Melbourne, 3911/220 Spencer St, 3000",-37.8153283,144.9528703
"Braybrook, 3/11 Margaret Cr, 3019",-37.786572,144.859411
"South Morang, 5 Glenorchy Wy, 3752",-37.6321664,145.0856752
"Toorak, 3/8 Devorgilla Av, 3142",-37.8496427,145.020309
"Camberwell, 65 Rowell Av, 3124",-37.8408856,145.0609916
"Moonee Ponds, 501/701 Mt Alexander Rd, 3039",-37.7644654,144.9229705
"Heidelberg Heights, 39 Marie Av, 3081",-37.7359417,145.0494599
"Kingsbury, 3/40 Scott Gr, 3083",-37.7170434,145.0359255
"Glen Waverley, 424A Springvale Rd, 3150",-37.8928216,145.1640477
"Craigieburn, 45 Loudon Cct, 3064",-37.5665862,144.9045978
"Burwood, 98 Roslyn St, 3125",-37.8431148,145.1038863
"South Melbourne, 86 Iffla St, 3205",-37.8392608,144.94896
"Beaumaris, 438 Balcombe Rd, 3193",-37.9782118,145.0364959
"Niddrie, 57a Hamilton St, 3042",-37.7404679,144.8849804
"Wantirna, 2/9 Koomba Rd, 3152",-37.8525644,145.2187542
"Essendon, 4/24 Schofield St, 3040",-37.744053,144.915663
"Ashburton, 47 Fakenham Rd, 3147",-37.8620528,145.0862832
"Ashwood, 2/9 Jordan St, 3147",-37.8684136,145.1018868
"South Yarra, 45A Osborne St, 3141",-37.8438964,144.9903695
"Caulfield East, 8/5 Derby Cr, 3145",-37.8802185,145.0453043
"Richmond, 506/32 Bosisto St, 3121",-37.8181327,144.9967744
"Port Melbourne, 510/1 Danks St W, 3207",-37.8435846,144.9440303
"Doncaster, 3/40 Finlayson St, 3108",-37.7890979,145.1100235
"Brighton, 65 Male St, 3186",-37.9129258,145.0007316
"Burwood, 45 Barnes Av, 3125",-37.8573247,145.098174
"Meadow Heights, 44 Bicentennial Cr, 3048",-37.6410462,144.9252662
"Black Rock, 4/3 Sylvia Cr, 3193",-37.9733336,145.0154228
"Ivanhoe, 4/10 Oriel Rd, 3079",-37.76619,145.035885
"Point Cook, 31 Lakeside Dr, 3030",-37.8957839,144.7563678
"Abbotsford, 9 Albert St, 3067",-37.8098258,144.9989819
"Balwyn North, 243 Balwyn Rd, 3104",-37.7970296,145.0840532
"Bulleen, 2/82 Willow Bnd, 3105",-37.7800018,145.0992958
"St Kilda, 5/48 Waterloo Cr, 3182",-37.8623988,144.9829469
"Eltham, 5/1250 Main Rd, 3095",-37.7050994,145.1590596
"Moonee Ponds, 5/43 Buckley St, 3039",-37.7580918,144.9248549
"Abbotsford, 250 Langridge St, 3067",-37.8072794,144.9945594
"Princes Hill, 251 Richardson St, 3054",-37.7842731,144.9672168
"Thomastown, 3/86 Heyington Av, 3074",-37.6831682,145.0245745
"Camberwell, 4/28 Nevis St, 3124",-37.843739,145.080961
"Croydon North, 39 Humber Rd, 3136",-37.7657581,145.2872885
"Rosanna, 3/37 Millicent St, 3084",-37.741338,145.06912
"Thornbury, 9/37 Woolton Av, 3071",-37.7611589,144.9959992
"St Kilda, 6/11 Burnett St, 3182",-37.8611526,144.9804059
"Thornbury, 4/114 Normanby Av, 3071",-37.7581301,144.9896844
"Tarneit, 283 Bethany Rd, 3029",-37.8519038,144.6589319
"Pascoe Vale, 84 Landells Rd, 3044",-37.7251938,144.9435548
"Bulleen, 8a Helene St, 3105",-37.7640723,145.0869746
"Armadale, 48 Barkly Av, 3143",-37.8602911,145.0256305
"Melbourne, 43/461 St Kilda Rd, 3000",-37.840736,144.9781421
"Hawthorn, 4 Lawes St, 3122",-37.814809,145.0191234
"Balwyn North, 7 Sunburst Av, 3104",-37.7923835,145.0750177
"Maribyrnong, 4/34 Bloomfield Av, 3032",-37.769476,144.8893596
"Edithvale, 2/40 Keith Av, 3196",-38.035611,145.11282
"Reservoir, 28 Crookston Rd, 3073",-37.7100826,145.0215085
"South Yarra, 3/35 Walsh St, 3141",-37.8372137,144.9847436
"Fitzroy, 35/98 Nicholson St, 3065",-37.8028934,144.974352
"Kew, 9 Tara Av, 3101",-37.8086406,145.0240726
"Doncaster, 4 Toronto Av, 3108",-37.7921893,145.1121928
"Aberfeldie, 2/37 St Kinnord St, 3040",-37.7587421,144.9027105
"Moonee Ponds, 4/719 Mt Alexander Rd, 3039",-37.7632378,144.9222131
"Glen Waverley, 9 Baroda Av, 3150",-37.8973872,145.1570251
"Jacana, 60 Lorraine Cr, 3047",-37.6826251,144.9061127
"Ashburton, 2/30 Baird St, 3147",-37.8690119,145.0726165
"Strathmore, 353a Mascoma St, 3041",-37.7146018,144.8966822
"Jacana, 7 Landy Rd, 3047",-37.6900242,144.9131329
"Hawthorn East, 6/31 Tourello Av, 3123",-37.8386368,145.0538169
"Mount Waverley, 2/24 Mummery St, 3149",-37.8812293,145.1295602
"Glen Waverley, 2/4 Clematis St, 3150",-37.877229,145.1795108
"Strathmore, 26 Wallace Cr, 3041",-37.7430954,144.931102
"Ascot Vale, 32 Langs Rd, 3032",-37.7817921,144.9090023
"Box Hill, 32 Court St, 3128",-37.8151552,145.1273904
"Northcote, 24 Bird Av, 3070",-37.7615451,144.9901635
"Prahran, 5/32 Donald St, 3181",-37.849116,144.9867146
"Caulfield North, 2/388 Dandenong Rd, 3161",-37.8608803,145.0126083
"Ashwood, 4/5 Yileen Ct, 3147",-37.8681966,145.1034711
"South Yarra, 510/6 Murphy St, 3141",-37.8383556,144.9904593
"Maribyrnong, 31 Allara Av, 3032",-37.786298,144.8859168
"Brighton East, 9 Northern Av, 3187",-37.9017539,145.0167617
"Carnegie, 3/14 Rigby Av, 3163",-37.9000861,145.0541422
"Bentleigh, 3/561 South Rd, 3204",-37.9340212,145.0466586
"Hawthorn East, 6/1091 Burke Rd, 3123",-37.8183389,145.0589639
"Ascot Vale, 6/39 Sandown Rd, 3032",-37.7831719,144.9185776
"Malvern East, 30 Forster Av, 3145",-37.8738977,145.0632945
"Malvern East, 9/240 Waverley Rd, 3145",-37.8769954,145.0542745
"Edithvale, 29B Randall Av, 3196",-38.0397831,145.1213352
"Chadstone, 3/12 Cole Cr, 3148",-37.8873265,145.0911096
"Prahran, 32 Union St, 3181",-37.8538581,144.9854139
"Doncaster, 3/790 Elgar Rd, 3108",-37.7902694,145.1230666
"Airport West, 2/82 McIntosh St, 3042",-37.7205291,144.8834213
"Reservoir, 40 Locher Av, 3073",-37.6987768,145.0234149
"Reservoir, 8 Rosenthal Cr, 3073",-37.7022459,145.0030323
"Glen Iris, 3/5 Creswick St, 3146",-37.85251,145.043236
"MacLeod, 71 McNamara St, 3085",-37.7269562,145.0683125
"Altona North, 56a MacDonald Av, 3025",-37.8344531,144.858275
"Hampton East, 63 Lonsdale Av, 3188",-37.9328501,145.0280054
"Hampton East, 9 Widdop Cr, 3188",-37.9409524,145.0258398
"Pascoe Vale, 37 Dale Av, 3044",-37.7322829,144.9395681
"Richmond, 5/4 Smith St, 3121",-37.8125528,144.9934789
"Croydon, 6/60 Beauford Rd, 3136",-37.7968043,145.2588222
"Research, 2/24 Raglan Rd, 3095",-37.7053845,145.1814012
"Beaumaris, 4 McNamara St, 3193",-37.9732077,145.051192
"Prahran, 309/15 Clifton St, 3181",-37.8518824,144.9947656
"Burwood, 2A Talbett St, 3125",-37.8527079,145.1191515
"South Morang, 43 Astair Av, 3752",-37.6337288,145.0700179
"Hampton, 27 David St, 3188",-37.9422756,145.0141373
"Fitzroy, 405/160 Argyle St, 3065",-37.7979292,144.9812608
"Murrumbeena, 6 Maude St, 3163",-37.9008379,145.0733377
"St Kilda, 6/340 St Kilda Rd, 3182",-37.8655704,144.9864707
"Melbourne, 704/39 Queen St, 3000",-37.8178748,144.9617431
"Templestowe, 59 Taparoo Rd, 3106",-37.7728556,145.1575424
"Altona North, 3/287 Blackshaws Rd, 3025",-37.8326159,144.8576844
"Greenvale, 6 Abbey Al, 3059",-37.6407603,144.8824899
"Oak Park, 3/13 Cartwright St, 3046",-37.7148546,144.9186058
"Patterson Lakes, 5/260 McLeod Rd, 3197",-38.071479,145.149404
"Carlton, 7/3 Lytton St, 3053",-37.7940896,144.9678139
"Northcote, 3/94 Union St, 3070",-37.7792434,144.9972323
"Altona North, 2/2 Cleghorn Av, 3025",-37.8352709,144.8617214
"Thornbury, 352 Gooch St, 3071",-37.7609356,145.0273448
"Chadstone, 3/23 Stapley Cr, 3148",-37.8903167,145.0960987
"Bentleigh East, 43b Brosnan Rd, 3165",-37.932726,145.0674908
"Dandenong, 4/53 James St, 3175",-37.9724144,145.2114109
"Thornbury, 68 Collins St, 3071",-37.7554378,145.0073353
"St Kilda, 9 Waterloo Cr, 3182",-37.861791,144.983102
"Craigieburn, 34 Viewside Cr, 3064",-37.5757069,144.9138282
"Avondale Heights, 2/4 Weyburn Pl, 3034",-37.7591133,144.8680365
"Roxburgh Park, 9 Murray Wk, 3064",-37.6165973,144.9291215
"Sunshine, 41 Sun Cr, 3020",-37.7864467,144.8287509
"Reservoir, 58 Liston Av, 3073",-37.6970436,145.0160337
"Brighton East, 31 Clinton St, 3187",-37.910346,145.0202674
"Mont Albert, 35 Kingsley Cr, 3127",-37.8141168,145.113667
"Maribyrnong, 8/10 Anglers Wy, 3032",-37.7695527,144.9001439
"Camberwell, 41 Doonkuna Av, 3124",-37.8380324,145.0779559
"Niddrie, 2/29 Diamond St, 3042",-37.747623,144.88918
"Montmorency, 6/24 Rattray Rd, 3094",-37.719456,145.116777
"Preston, 6/4 James St, 3072",-37.7424994,144.9849546
"Balaclava, 6/22 Sycamore Gr, 3183",-37.874179,144.9972212
"Viewbank, 23 Diane Cr, 3084",-37.7426827,145.0883912
"Balwyn, 9 Whitehorse Rd, 3103",-37.8103444,145.0620613
"Northcote, 303/231 St Georges Rd, 3070",-37.7652036,144.9915665
"Ivanhoe, 2/3 Linton St, 3079",-37.7712126,145.0462023
"Preston, 2/25 Inverloch St, 3072",-37.7397328,145.0153729
"Strathmore, 41 Houston Av, 3041",-37.736879,144.9137026
"Heidelberg West, 3/16 North Cr, 3081",-37.7393605,145.0439854
"Elwood, 6a Joyce St, 3184",-37.8892053,144.9890359
"Prahran, 4/17 Irving Av, 3181",-37.857877,145.0069476
"Malvern East, 6 Karma Av, 3145",-37.8837303,145.0652178
"Hawthorn, 22 Chrystobel Cr, 3122",-37.8191118,145.0328323
"Keilor East, 31/24 Craig St, 3033",-37.7435771,144.8816073
"Maribyrnong, 8/18 Wests Rd, 3032",-37.7715813,144.8820424
"Reservoir, 2/80 Delaware St, 3073",-37.7197031,145.0091447
"Altona North, 83 Second Av, 3025",-37.8340991,144.853656
"Bentleigh East, 25 Magnolia Av, 3165",-37.9214962,145.0797272
"Camberwell, 9 Sunnyside Av, 3124",-37.8374035,145.0573549
"Rosanna, 3 Crampton Cr, 3084",-37.7347152,145.070309
"Tarneit, 30 Homestead Av, 3029",-37.8425757,144.7008375
"Chadstone, 33 Jindabyne Av, 3148",-37.8761206,145.1029118
"Burnley, 6 Crimea St, 3121",-37.8295216,145.0095958
"Mill Park, 40 University Dr, 3082",-37.6602253,145.0801125
"Rosanna, 8 Laane Av, 3084",-37.7440275,145.074212
"Kew East, 45 Baker Av, 3102",-37.791964,145.0442043
"Westmeadows, 9 Fielders Wk, 3049",-37.6792728,144.8745949
"Bentleigh, 41 North Av, 3204",-37.9262781,145.0349577
"Chadstone, 2/29 Grandview Rd, 3148",-37.8744904,145.1086466
"Tarneit, 7/83 Inverell Pky, 3029",-37.8439423,144.6830645
"Brighton East, 27 Northern Av, 3187",-37.902183,145.0185617
"Ringwood, 3/330 Canterbury Rd, 3134",-37.8332701,145.2266751
"Hampton East, 24 Apex Av, 3188",-37.9381614,145.026844
"Bentleigh, 5/187 Tucker Rd, 3204",-37.917829,145.051145
"Strathmore Heights, 22 Caravelle Cr, 3041",-37.710813,144.8947016
"Reservoir, 5a Tambo Av, 3073",-37.7238013,145.0178574
"Newport, 4/42 Bradley St, 3015",-37.842075,144.872447
"Clyde North, 9 Fenway Bvd, 3978",-38.0866122,145.3346123
"Frankston, 2/41 Leonard St, 3199",-38.1426861,145.1418327
"Toorak, 27 Turnbull Av, 3142",-37.8378392,145.0245845
"Caulfield South, 5/6 Griffiths St, 3162",-37.8888385,145.0318011
"St Kilda, 80/151 Fitzroy St, 3182",-37.859096,144.9790182
"Clifton Hill, 5/79 Heidelberg Rd, 3068",-37.7860169,144.9995119
"Bentleigh East, 8 Larman St, 3165",-37.9201606,145.0613324
"South Yarra, 3/50 Arthur St, 3141",-37.8417851,144.993874
"Bentleigh East, 6 Tasman Rd, 3165",-37.9278752,145.0717844
"Caulfield North, 4/506 Dandenong Rd, 3161",-37.8650322,145.0238816
"Alphington, 69 Lucerne Cr, 3078",-37.7834936,145.0356436
"Caulfield East, 4/8 Derby Cr, 3145",-37.8805487,145.0455387
"Southbank, 801/151 City Rd, 3006",-37.823648,144.9631501
"Strathmore, 22 Lamart St, 3041",-37.7212196,144.9065362
"Camberwell, 37 Doonkuna Av, 3124",-37.8379492,145.0776099
"Kew, 24 Hillcrest Av, 3101",-37.8051988,145.0420714
"St Albans, 6/31 Marsden Cr, 3021",-37.7448444,144.7991337
"Werribee, 2/7 Anglia Ct, 3030",-37.8748245,144.6603686
"Bentleigh East, 31 Beddoe Av, 3165",-37.9183193,145.0687457
"Mount Waverley, 2/5 Dorgan St, 3149",-37.876166,145.143632
"Sunshine, 2 Kingaroy Rd, 3020",-37.7930948,144.8393426
"Camberwell, 45 Fairview Av, 3124",-37.8464441,145.0934262
"Chadstone, 5/5 Churchill Av, 3148",-37.8875837,145.1061881
"Warranwood, 8 Reids La, 3134",-37.7685252,145.2470049
"Elsternwick, 4/2 Gordon St, 3185",-37.8822136,144.9993973
"Chadstone, 2/54 Margot St, 3148",-37.8803887,145.0962338
"Coburg, 82 Ross St, 3058",-37.7345267,144.9646599
"Balwyn, 52 Elliott Av, 3103",-37.8039752,145.0731276
"Ascot Vale, 5/39 Sandown Rd, 3032",-37.7831719,144.9185776
"Highett, 3/2 Thistle Gr, 3190",-37.9504853,145.0423637
"Parkdale, 9a Clare St, 3195",-37.9898435,145.0921583
"Alphington, 22a Lowther St, 3078",-37.7791142,145.0293679
"South Yarra, 3/25 Rockley Rd, 3141",-37.8370187,144.9997816
"Craigieburn, 4/7 Walters St, 3064",-37.5999197,144.9429449
"Windsor, 51 Andrew St, 3181",-37.8515852,144.98744
"Mill Park, 3/1 Morang Dr, 3082",-37.6616078,145.0536457
"Princes Hill, 288 Richardson St, 3054",-37.7837417,144.9658375
"Reservoir, 49 Yarra Av, 3073",-37.7192567,145.0187422
"Burwood, 5/63 Somers St, 3125",-37.8444726,145.1001633
"Narre Warren, 28 Murdoch Av, 3805",-38.00475,145.3139986
"Moonee Ponds, 602/701 Mt Alexander Rd, 3039",-37.7644654,144.9229705
"Pascoe Vale, 2/47 Austin Cr, 3044",-37.7246531,144.9301219
"Balwyn North, 5 Cumberland Av, 3104",-37.8000943,145.1011009
"Reservoir, 3 Lane Cr, 3073",-37.715777,145.014715
"Pascoe Vale, 3/83 Park St, 3044",-37.7224657,144.922478
"Strathmore, 36 Roland Av, 3041",-37.7332378,144.9147548
"Gardenvale, 4/8 Gardenia Rd, 3185",-37.8993987,145.0088073
"Albion, 8/3 King Edward Av, 3020",-37.7825175,144.8266209
"Caulfield North, 5/652 Inkerman Rd, 3161",-37.8687428,145.0197634
"Kensington, 83A Eastwood St, 3031",-37.791764,144.9305918
"Eaglemont, 2/4 Cape St, 3084",-37.7626451,145.0658044
"Camberwell, 87 Rowell Av, 3124",-37.8427301,145.0605682
"Brunswick West, 3/26 Irvine Cr, 3055",-37.754373,144.947581
"Edithvale, 43 Langrigg Av, 3196",-38.0331807,145.1117753
"St Kilda, 6/22 Charnwood Cr, 3182",-37.8598308,144.9867077
"Hawthorn East, 8/72 Campbell Rd, 3123",-37.8336928,145.0535029
"Glen Huntly, 4/7 Garden Av, 3163",-37.8925688,145.0435572
"Mickleham, 26 Primavera Dr, 3064",-37.5678782,144.8916555
"Reservoir, 3/47 Crookston Rd, 3073",-37.7104841,145.0193459
"Armadale, 24 Lambeth Av, 3143",-37.8581788,145.0266236
"Lower Plenty, 5/27 Para Rd, 3093",-37.72377,145.112225
"Heidelberg Heights, 3/76 Porter Rd, 3081",-37.738825,145.0583651
"Montmorency, 39 Calrossie Av, 3094",-37.7117372,145.1297707
"Niddrie, 3/503 Keilor Rd, 3042",-37.7355199,144.8873837
"Elwood, 9/130 Mitford St, 3184",-37.8805398,144.9872798
"Altona North, 2/9 First Av, 3025",-37.8410463,144.853297
"Balwyn, 24 Bennett St, 3103",-37.8078482,145.066904
"Moorabbin, 6/25 Genoa St, 3189",-37.9428262,145.0586772
"Fawkner, 38 Tyrrell Cr, 3060",-37.7132549,144.9721961
"Mont Albert, 80 Victoria Cr, 3127",-37.8140871,145.1106783
"Preston, 2/584 Murray Rd, 3072",-37.736069,144.9885
"Hawthorn, 2/79 Haines St, 3122",-37.8186448,145.0410619
"Dingley Village, 22 Lauren Cl, 3172",-37.9763277,145.1162867
"Glenroy, 97 Loongana Av, 3046",-37.7091617,144.903347
"Brighton East, 729c Nepean Hwy, 3187",-37.917544,145.0201195
"Pascoe Vale, 4/9 Plymouth Av, 3044",-37.7213492,144.9412213
"Preston, 4/109 Plenty Rd, 3072",-37.7480459,145.0041729
"Moonee Ponds, 8/719 Mt Alexander Rd, 3039",-37.7632509,144.9222072
"Carnegie, 5/9 Mimosa Rd, 3163",-37.8933238,145.0512959
"Richmond, 7/47 Cameron St, 3121",-37.8165994,144.998912
"Mordialloc, 7/183 Beach Rd, 3195",-38.0042236,145.0816937
"Forest Hill, 5/33 Forest Rd, 3131",-37.8333267,145.166483
"Beaumaris, 7/5 Alfred St, 3193",-37.975758,145.0502746
"Fawkner, 5/109 Major Rd, 3060",-37.707471,144.962724
"Bentleigh, 25 South Av, 3204",-37.9300571,145.0355563
"Preston, 35 Roseberry Av, 3072",-37.7393853,145.0076255
"Brighton, 4/1 Well St, 3186",-37.9134584,144.9923348
"Glen Iris, 9/1524 Malvern Rd, 3146",-37.8543176,145.0497834
"Carnegie, 27b Toolambool Rd, 3163",-37.8862119,145.0545295
"Pascoe Vale, 44a Austin Cr, 3044",-37.7251925,144.9307361
"Kensington, 302/108 Altona St, 3031",-37.7963032,144.9251163
"Donvale, 51 Chippewa Av, 3111",-37.8048957,145.1980068
"Moonee Ponds, 77a Scott St, 3039",-37.7626985,144.9073462
"Burwood, 23 Monica St, 3125",-37.8443979,145.1075632
"Reservoir, 2/84 Miranda Rd, 3073",-37.7065244,145.0184697
"Blackburn North, 9 Lantana St, 3130",-37.8054497,145.1506175
"Airport West, 2/89 Marshall Rd, 3042",-37.71725,144.8839688
"Moorabbin, 2A Alison St, 3189",-37.9438839,145.0432844
"Mill Park, 2/35 Azalea Av, 3082",-37.6726485,145.0757016
"Sunshine West, 37 Arnold St, 3020",-37.7861993,144.8103178
"Pascoe Vale, 3/31 Pardy St, 3044",-37.7335879,144.9341594
"Bentleigh, 9 Park Cr, 3204",-37.9229923,145.0338566
"Mitcham, 2/427 Mitcham Rd, 3132",-37.8230596,145.1946395
"East Melbourne, 70/1 Wellington Cr, 3002",-37.8173777,144.9781787
"Kew East, 2/8 Hamilton St, 3102",-37.7979071,145.0482886
"Wyndham Vale, 36 Eltham Pde, 3024",-37.865297,144.6011942
"Brighton, 5/9 Collington Av, 3186",-37.9188459,145.001901
"Bundoora, 5/21 Princeton Tce, 3083",-37.6806777,145.0735185
"Bentleigh, 5a Bendigo Av, 3204",-37.9249768,145.0360812
"Brunswick, 3/36 Dunstan Av, 3056",-37.7594754,144.9737791
"Kew East, 2/33 Woodlands Av, 3102",-37.797599,145.056758
"Fawkner, 2/55 Marlborough St, 3060",-37.7186265,144.9684601
"South Melbourne, 601/97 Palmerston Cr, 3205",-37.8361631,144.9675195
"Fairfield, 4/25 Rathmines St, 3078",-37.7813815,145.0157867
"South Morang, 35 Vautier Pl, 3752",-37.6366864,145.0682673
"Ivanhoe, 3/61 Beatty St, 3079",-37.7594392,145.0381313
"Brighton East, 6 Parklands Cr, 3187",-37.9156074,145.0223207
"Richmond, 4/14 Johnson St, 3121",-37.8116199,145.004648
"Canterbury, 38 Hopetoun Av, 3126",-37.8204316,145.0772017
"Windsor, 5/9 Williams Rd, 3181",-37.8578679,145.0013613
"Heidelberg, 4/9 Clyde Ct, 3084",-37.748701,145.070268
"Oakleigh South, 8 Salem Av, 3167",-37.9253192,145.0845844
"Prahran, 51 The Avenue, 3181",-37.8532366,144.9980047
"Vermont South, 6 Hempstead Av, 3133",-37.8551997,145.1881574
"Malvern East, 2/7 Gauntlet Rd, 3145",-37.882877,145.0862308
"Ormond, 7/17 Arnott St, 3204",-37.9029465,145.0463679
"Mill Park, 39 Hurlstone Cr, 3082",-37.66104,145.0712504
"Viewbank, 5 Rainsford Pl, 3084",-37.7332782,145.0996151
"MacLeod, 2/7 Cherry St, 3085",-37.7252424,145.066822
"Kingsville, 7/38 Bishop St, 3012",-37.8108418,144.8749149
"Reservoir, 90 Lawley St, 3073",-37.6988533,144.9917278
"Sandringham, 2/70 Victoria St, 3191",-37.9572931,145.0179166
"Eaglemont, 4/143 Locksley Rd, 3084",-37.7653488,145.052709
"Doncaster, 23 Marianne Wy, 3108",-37.7763624,145.1097597
"Bentleigh East, 2a Ellen St, 3165",-37.9167129,145.0522045
"Reservoir, 6 Frier Av, 3073",-37.7297431,145.0152443
"St Kilda, 24 Duke St, 3182",-37.8672188,144.9894403
"Albert Park, 9/84 Beaconsfield Pde, 3206",-37.8471117,144.9478801
"Glen Iris, 7 Winifred Cr, 3146",-37.8661936,145.0667398
"South Yarra, 64 Mason St, 3141",-37.8360888,144.9811282
"Tullamarine, 3/322 Melrose Dr, 3043",-37.6905286,144.8726226
"Glenroy, 64 Valley Cr, 3046",-37.7004297,144.9061175
"North Melbourne, 5/77 Chapman St, 3051",-37.7960735,144.9478558
"Brunswick West, 7/23 Cohuna St, 3055",-37.7723428,144.940765
"Mont Albert, 3/19 Gordon St, 3127",-37.8192699,145.1017571
"Carnegie, 5/33 Madden Av, 3163",-37.8933479,145.0501392
"Pascoe Vale, 4/262 Sussex St, 3044",-37.7216289,144.9513819
"Greensborough, 8/83 Nell St, 3088",-37.710042,145.101695
"Abbotsford, 70/80 Trenerry Cr, 3067",-37.7979172,144.9981895
"Mitcham, 9/385 Mitcham Rd, 3132",-37.8200234,145.1944463
"Toorak, 37 Tintern Av, 3142",-37.8413437,145.0055055
"Northcote, 57 Leinster Gr, 3070",-37.7620408,144.9870119
"Yarraville, 8 Hawkhurst St, 3013",-37.8203434,144.8773003
"Brighton East, 2 Glencairn Av, 3187",-37.9304952,145.019218
"Brooklyn, 2/42 Nolan Av, 3012",-37.8221088,144.8447782
"Glen Waverley, 3/19 Campbell St, 3150",-37.868679,145.170671
"Balwyn, 3/339 Union Rd, 3103",-37.8060211,145.1017436
"Armadale, 65 Northcote Rd, 3143",-37.8516714,145.0165806
"Brighton, 2 Rothesay Av, 3186",-37.9009658,144.9897798
"Bentleigh, 24a Atkinson St, 3204",-37.9284128,145.0383424
"Carnegie, 3/9 Madden Av, 3163",-37.8915871,145.0501294
"Reservoir, 5/97 Barton St, 3073",-37.711577,144.999099
"Port Melbourne, 53/39 Esplanade Pl E, 3207",-37.8362817,144.9464282
"Balwyn North, 9 Arama St, 3104",-37.7846492,145.0971763
"Balwyn, 9/7 Kireep Rd, 3103",-37.8124413,145.0886813
"South Melbourne, 69 Napier St, 3205",-37.8350537,144.9671382
"Wyndham Vale, 6 Oaktree Av, 3024",-37.886712,144.620526
"Broadmeadows, 2/52 Jacana Av, 3047",-37.6880528,144.9216837
"South Morang, 26 Kinkora Cr, 3752",-37.638287,145.0853702
"Northcote, 603/8 Breavington Wy, 3070",-37.7680681,145.0022377
"Northcote, 3 Lorna Av, 3070",-37.7702452,145.0126433
"Surrey Hills, 3/51 Wandsworth Rd, 3127",-37.8191544,145.096485
"Mitcham, 5/35 Glenburnie Rd, 3132",-37.8287412,145.2016015
"Mount Waverley, 2/81 Larch Cr, 3149",-37.8704988,145.1480174
"Balwyn North, 31 Viewhill Rd, 3104",-37.7895558,145.089658
"Brighton, 223/380 Bay St, 3186",-37.90601,145.0051512
"Sandringham, 4 Gipsy Wy, 3191",-37.9482908,145.0054274
"Ascot Vale, 51 Dunlop Av, 3032",-37.778257,144.917104
"Alphington, 2 Perry St, 3078",-37.7829019,145.0227977
"East Melbourne, 58/1 Wellington Cr, 3002",-37.8173777,144.9781787
"Strathmore, 243 Mascoma St, 3041",-37.7190918,144.9021065
"Ormond, 6/307 Grange Rd, 3204",-37.9036905,145.0438693
"Hawthorn, 4/2 Melville St, 3122",-37.815254,145.0221551
"Brighton, 9 Hall St, 3186",-37.9174349,145.0024297
"Mont Albert, 46 Victoria Cr, 3127",-37.81373,145.1067373
"Maidstone, 4/28 Thomson St, 3012",-37.7872609,144.8756501
"Ashwood, 37 Jingella Av, 3147",-37.8718096,145.0971308
"Bentleigh, 2 Porter Rd, 3204",-37.9338127,145.0437822
"Malvern East, 3/16 Carrum St, 3145",-37.8910886,145.0864608
"Burwood, 2/35 Haig St, 3125",-37.8599234,145.0977378
"Taylors Lakes, 30 Barbary Cr, 3038",-37.7111762,144.7903622
"Sunshine North, 23 Baynton Av, 3020",-37.7633059,144.8273741
"Brunswick West, 2/39 McLean St, 3055",-37.7536606,144.9382678
"Beaumaris, 2/45 Reserve Rd, 3193",-37.987073,145.0323347
"Westmeadows, 2/8 Forman St, 3049",-37.6793888,144.8894459
"Surrey Hills, 2/3 Payne St, 3127",-37.8285401,145.0870973
"Sunshine, 2/49 Hampshire Rd, 3020",-37.7922841,144.8305692
"Abbotsford, 505/1 Acacia Pl, 3067",-37.8114058,145.0138021
"Point Cook, 3/41 Hyde Park Tce, 3030",-37.8868959,144.7471068
"Chadstone, 35A Hillcrest Av, 3148",-37.8891842,145.1072024
"Mill Park, 91 Centenary Dr, 3082",-37.6587055,145.0689156
"Toorak, 61 Fairbairn Rd, 3142",-37.8447203,145.0086173
"Hawthorn East, 3/20 Mayston St, 3123",-37.8269148,145.0534083
"Southbank, 58/88 Southbank Bvd, 3006",-37.8233724,144.9643396
"Sunshine North, 4 Godfrey Av, 3020",-37.7618222,144.8297011
"Maribyrnong, 28 Hillside Cr, 3032",-37.7710067,144.892388
"Hawthorn East, 310/96 Camberwell Rd, 3123",-37.8271762,145.0516176
"Coburg North, 34 Spectrum Wy, 3058",-37.7269608,144.9819604
"Ascot Vale, 25/37 Ascot Vale Rd, 3032",-37.7834298,144.9218429
"Boronia, 23A Gertonia Av, 3155",-37.8635569,145.2635823
"Fairfield, 4/144 Perry St, 3078",-37.7709961,145.0250479
"Pascoe Vale, 3/246 Cumberland Rd, 3044",-37.721155,144.940693
"Fitzroy, 49/183 Kerr St, 3065",-37.7968636,144.9815707
"Balwyn North, 3 Lime Av, 3104",-37.7937391,145.1001139
"Prahran, 6/99 York St, 3181",-37.8488897,144.9983044
"Doncaster, 8 Meadowbank Av, 3108",-37.7940253,145.132038
"Ascot Vale, 26 Langs Rd, 3032",-37.7815395,144.9094447
"Clifton Hill, 9/2 Groom St, 3068",-37.7946099,144.9976504
"Carnegie, 3/277 Koornang Rd, 3163",-37.8979789,145.0548836
"Blackburn, 2/5 Marian Ct, 3130",-37.82801,145.1385609
"Richmond, 402/2 McGoun St, 3121",-37.8170008,144.9956048
"Chadstone, 2/8 Moona Ct, 3148",-37.8805618,145.0968183
"Albion, 26a Ridley St, 3020",-37.7835754,144.8242596
"Balwyn, 7/132 Yarrbat Av, 3103",-37.8113539,145.0983733
"Port Melbourne, 406/115 Nott St, 3207",-37.8400142,144.9389959
"Moorabbin, 2/86 Chapel Rd, 3189",-37.9379017,145.0487704
"Templestowe Lower, 30 Lowan Av, 3107",-37.7583121,145.1012256
"Aberfeldie, 53a Vida St, 3040",-37.76095,144.897934
"Preston, 5a Mihil St, 3072",-37.749519,145.0153708
"Oak Park, 3/54 Watt Av, 3046",-37.7162074,144.9295079
"Canterbury, 5/67 Wattle Valley Rd, 3126",-37.8319888,145.0816258
"Altona North, 2/35 Kyle Rd, 3025",-37.8290657,144.8563868
"Keilor East, 28 Noga Av, 3033",-37.7429631,144.8777255
"Truganina, 42 Samsara Av, 3029",-37.8383294,144.7104379
"Caulfield North, 2/24 Hawthorn Av, 3161",-37.8741018,145.023053
"Toorak, 5/74 Mathoura Rd, 3142",-37.8429458,145.0080869
"Richmond, 2/28 Davison St, 3121",-37.8125398,145.0080869
"Essendon, 9/332 Pascoe Vale Rd, 3040",-37.7451208,144.9271069
"Spotswood, 408A Melbourne Rd, 3015",-37.8421423,144.8832781
"Balwyn North, 3 Ventor St, 3104",-37.7820815,145.0934706
"Glen Iris, 4/17 Belmont Av, 3146",-37.8568989,145.0480512
"Pascoe Vale, 7/20 Avoca Cr, 3044",-37.7318436,144.9246489
"Maidstone, 7 Ulmara Pky, 3012",-37.7782184,144.8755239
"Keilor East, 37a Heather Av, 3033",-37.7430703,144.8666113
"Scoresby, 70 Berrabri Dr, 3179",-37.8937136,145.2193573
"Strathmore, 2D Progress St, 3041",-37.7390063,144.9273523
"Brighton East, 54 Cluden St, 3187",-37.9131063,145.0126099
"MacLeod, 25 May St, 3085",-37.7263763,145.0761653
"Sunshine North, 64 McIntyre Rd, 3020",-37.7703054,144.8302393
"Cheltenham, 5/14 Jellicoe St, 3192",-37.9621488,145.0586327
"Brunswick East, 5/130 Mitchell St, 3057",-37.7603275,144.9755218
"Camberwell, 2 Lesley St, 3124",-37.8463313,145.0955826
"Brighton East, 4/1 Barr St, 3187",-37.9322487,145.0324864
"Footscray, 6/38 Lynch St, 3011",-37.7963818,144.9027238
"Templestowe, 2/66 Anderson St, 3106",-37.754198,145.1312368
"Coburg, 3/31 Bruce St, 3058",-37.7442983,144.947719
"South Yarra, 9/7 Clowes St, 3141",-37.831063,144.9876482
"Hawthorn, 9/187 Auburn Rd, 3122",-37.8259397,145.0446069
"Carnegie, 301/9 Morton Av, 3163",-37.8868548,145.0590112
"Glenroy, 92 Plumpton Av, 3046",-37.7078567,144.921872
"Glenroy, 2/3 Surrey St, 3046",-37.7131974,144.9488463
"Mitcham, 2/54 Percy St, 3132",-37.8229146,145.1951243
"Broadmeadows, 3/423 Camp Rd, 3047",-37.6859367,144.921637
"Malvern, 2/5 Moorakyne Av, 3144",-37.8478191,145.0314751
"Port Melbourne, 80 Esplanade Pl, 3207",-37.8362817,144.9464282
"Reservoir, 61 Liston Av, 3073",-37.6973708,145.0150946
"Dandenong, 6/1370 Heatherton Rd, 3175",-37.9687441,145.2003252
"Bentleigh East, 3b Warwick St, 3165",-37.9202896,145.0666779
"Thornbury, 9 Normanby Av, 3071",-37.7596376,144.9990618
"Templestowe Lower, 25 Balmoral Av, 3107",-37.7710441,145.1113594
"Maidstone, 4/11 Edmund St, 3012",-37.78343,144.875836
"Heidelberg Heights, 2 Law St, 3081",-37.7464364,145.0485839
"Wantirna, 29 Freshfield Av, 3152",-37.8542967,145.2208807
"Glen Iris, 28 Malvern Av, 3146",-37.8512105,145.0669054
"Reservoir, 2/61 Marchant Av, 3073",-37.7132391,145.0149065
"Glenroy, 31 Belair Av, 3046",-37.7041558,144.9101777
"Pakenham, 3 Cottage Lk, 3810",-38.0776708,145.4818724
"Yarraville, 2b Stanger St, 3013",-37.8143867,144.8635629
"MacLeod, 28 Dunvegan Cr, 3085",-37.7165454,145.0748558
"Brunswick, 302/10 Pottery Ct, 3056",-37.7702202,144.9523085
"Ivanhoe, 41 Myrtle St, 3079",-37.7551838,145.0517895
"Malvern East, 6 Melrose Av, 3145",-37.8774067,145.065974
"Maidstone, 46b Suffolk St, 3012",-37.7907521,144.8767295
"Templestowe Lower, 2/257 Thompsons Rd, 3107",-37.7675384,145.1033558
"Highett, 5/17 Avoca St, 3190",-37.953576,145.032207
"Thomastown, 7/307 High St, 3074",-37.676627,145.014244
"Wyndham Vale, 3 Lancewood Rd, 3024",-37.8685891,144.5946683
"Elwood, 7/95 Addison St, 3184",-37.8796553,144.9803701
"Oak Park, 4/154 Waterloo Rd, 3046",-37.7199714,144.9229446
"Hawthorn, 4/229 Auburn Rd, 3122",-37.8281606,145.0445121
"Essendon North, 4/44 Kerferd St, 3041",-37.7394818,144.9042366
"Glenroy, 2/66 Widford St, 3046",-37.7006576,144.9244614
"Carnegie, 3/67 Shepparson Av, 3163",-37.8931356,145.0569858
"Doncaster East, 4/2 Daws Rd, 3109",-37.782344,145.1529331
"Yarraville, 8/230 Williamstown Rd, 3013",-37.8133842,144.8830303
"Balwyn, 8/35 Weir St, 3103",-37.8146915,145.084009
"Noble Park, 2/23 Bowmore Rd, 3174",-37.9592573,145.1765695
"Brighton, 833 Hampton St, 3186",-37.9154509,145.0064755
"Malvern, 4/52 Cawkwell St, 3144",-37.8542175,145.0411672
"Kensington, 233 Stockmans Wy, 3031",-37.794758,144.917076
"Reservoir, 41 Acheron Av, 3073",-37.7202876,145.0172057
"Glenroy, 87 Beatty Av, 3046",-37.6987746,144.9263219
"Burwood East, 4/26 Jonathan Av, 3151",-37.8502675,145.1518265
"Thomastown, 2/28 Mulga St, 3074",-37.6762638,145.0212665
"Hawthorn, 2/33 Hill St, 3122",-37.818082,145.0211
"Keilor East, 2/31 Wingara Av, 3033",-37.7337744,144.866873
"Noble Park, 28 Theodore Av, 3174",-37.9749344,145.1683737
"Brunswick, 5/113 Albert St, 3056",-37.7696252,144.9700733
"Reservoir, 2/59 Pickett St, 3073",-37.704075,145.0112658
"Canterbury, 2 Monomeath Av, 3126",-37.8225952,145.073974
"Yallambie, 40 Allima Av, 3085",-37.7218219,145.107648
"Cranbourne East, 2a Armoy Cl, 3977",-38.0983782,145.3010735
"Glen Iris, 5 Penrhyn Av, 3146",-37.856614,145.0927925
"Maribyrnong, 5/40 Middle Rd, 3032",-37.7676575,144.8907723
"Rosanna, 3/8 Prospect Rd, 3084",-37.7451662,145.0654671
"Surrey Hills, 8 Rose Av, 3127",-37.8316466,145.0974027
"Murrumbeena, 3/121 Murrumbeena Rd, 3163",-37.8926839,145.0657322
"Ashburton, 60 Munro Av, 3147",-37.8703131,145.0747628
"South Yarra, 907/3 Yarra St, 3141",-37.8381602,144.9928339
"East Melbourne, 602/30 St Andrews Pl, 3002",-37.8117574,144.9761815
"Caulfield North, 2/688 Inkerman Rd, 3161",-37.8691857,145.0235204
"Alphington, 2/23 Coate Av, 3078",-37.7841878,145.0243556
"Rosanna, 5/53 Bellevue Av, 3084",-37.738773,145.063238
"Mordialloc, 4/66 Barkly St, 3195",-38.0066928,145.0894594
"MacLeod, 7 Wungan St, 3085",-37.7171713,145.0769265
"Doncaster, 3a Toronto Av, 3108",-37.7926046,145.1115674
"Roxburgh Park, 5 Recreation St, 3064",-37.6207029,144.9206242
"St Kilda, 4/328 Dandenong Rd, 3182",-37.860062,145.00665
"St Kilda, 6/26 Charnwood Cr, 3182",-37.8602118,144.9867988
"Laverton, 2/5 Allen St, 3028",-37.8620805,144.767829
"Chadstone, 3/25 Westbrook St, 3148",-37.8820441,145.0943934
"Seaholme, 8 Twentyman Ct, 3018",-37.8594598,144.8462156
"Clayton, 2/40 View St, 3168",-37.9227558,145.110742
"Glenroy, 2/25 Prospect St, 3046",-37.7100512,144.9127342
"Knoxfield, 32 Laura Rd, 3180",-37.8911904,145.2459616
"South Melbourne, 2/238 Ferrars St, 3205",-37.8339671,144.9551392
"Northcote, 3/305 Heidelberg Rd, 3070",-37.7838645,145.012653
"Clifton Hill, 9/41 Dally St, 3068",-37.7922985,144.9984679
"Richmond, 5/366 Church St, 3121",-37.8229378,144.9982295
"Yarraville, 73 Gent St, 3013",-37.8185051,144.8710221
"Strathmore, 4/6 Fenacre St, 3041",-37.7308484,144.9176899
"Frankston, 25 Gretana Cr, 3199",-38.143683,145.1636938
"Maribyrnong, 8/7 Grandview Av, 3032",-37.772876,144.892961
"Braybrook, 3/87 Hargreaves Cr, 3019",-37.7851914,144.8539032
"Prahran, 2/50 Chomley St, 3181",-37.8563262,145.0062451
"Clayton, 9 Lantana St, 3168",-37.9203219,145.1284846
"Bentleigh, 7 Lawson St, 3204",-37.9228656,145.048297
"Broadmeadows, 73 Waranga Cr, 3047",-37.6826319,144.9284295
"Gowanbrae, 45 Marigold Cr, 3043",-37.700401,144.901313
"Glen Iris, 3/7 Erica Av, 3146",-37.8635034,145.046215
"Footscray, 6 Coral Av, 3011",-37.7895785,144.8835873
"Keilor East, 44 Basalt Av, 3033",-37.7415484,144.8789458
"Glenroy, 3/67 Morell St, 3046",-37.7022124,144.9458632
"Ivanhoe, 4/54 Myrtle St, 3079",-37.754876,145.053028
"Brighton, 67 South Rd, 3186",-37.9280205,144.9963352
"Ashwood, 3/5 Yileen Ct, 3147",-37.8683385,145.1035616
"Bentleigh East, 3/8 Deborah Av, 3165",-37.9232421,145.0600415
"Seaholme, 6/24 Noordenne Av, 3018",-37.8602932,144.844847
"Clifton Hill, 2/41 Dally St, 3068",-37.7922985,144.9984679
"Werribee, 6 Avon Ct, 3030",-37.910998,144.6758639
"Rosanna, 4/75 Ellesmere Pde, 3084",-37.736582,145.0647041
"Vermont, 82 Park Cl, 3133",-37.8366037,145.1911174
"MacLeod, 8 Hinkler Av, 3085",-37.720095,145.0760549
"Highett, 52 Lawson Pde, 3190",-37.952936,145.0272011
"Brunswick, 6/22 Saxon St, 3056",-37.7705563,144.9608533
"Burwood, 5/380 Burwood Hwy, 3125",-37.8523378,145.1297597
"Essendon North, 9/17 Bulla Rd, 3041",-37.7427758,144.9086059
"Niddrie, 2/5 Shaw St, 3042",-37.7407168,144.8906539
"Greensborough, 4/31 Paterson Cr, 3088",-37.707637,145.108616
"Montmorency, 2/36 Para Rd, 3094",-37.723152,145.1135162
"Brighton East, 6/36 Union St, 3187",-37.908363,145.01164
"Highett, 23A Cloyne St, 3190",-37.9533718,145.0358723
"Croydon North, 34A Exeter Rd, 3136",-37.7709232,145.2933795
"Camberwell, 26 Sunnyside Av, 3124",-37.8380334,145.0587349
"Carlton North, 86 Wilson St, 3054",-37.7829993,144.9671342
"Melbourne, 2/30 Queens Rd, 3000",-37.8428189,144.975883
"MacLeod, 2/62 May St, 3085",-37.725463,145.07317
"Wantirna, 6 Grasmere Ct, 3152",-37.8648,145.2349214
"Lalor, 6/1 Rochdale Sq, 3075",-37.66777,145.020319
"St Kilda, 6/5 Robertson Av, 3182",-37.8574637,144.9858406
"South Melbourne, 47 Howe Cr, 3205",-37.839143,144.959436
"Maribyrnong, 401/4 La Scala Av, 3032",-37.7803381,144.8930516
"Ascot Vale, 24 Langs Rd, 3032",-37.7814483,144.9095522
"South Yarra, 2/785 Punt Rd, 3141",-37.8361984,144.9866796
"Croydon, 22 Glen Av, 3136",-37.7927311,145.2745408
"Bentleigh East, 2/4 Pell St, 3165",-37.9110908,145.0786426
"Bentleigh, 26 Buckingham Av, 3204",-37.9177969,145.0496941
"MacLeod, 4 Edward St, 3085",-37.7252705,145.0794929
"Doncaster, 5 Kalimna Cr, 3108",-37.7847376,145.1349537
"Camberwell, 81 Rowell Av, 3124",-37.8422839,145.0604784
"Preston, 3/372 Bell St, 3072",-37.7446137,145.0000441
"Lower Plenty, 5/3 Glenauburn Rd, 3093",-37.7270489,145.1087811
"Glenroy, 3/83 Maude Av, 3046",-37.6995637,144.9354752
"Fawkner, 3/85 Queens Pde, 3060",-37.7192634,144.964748
"Yarraville, 7/156 Francis St, 3013",-37.8204881,144.8857286
"Mitcham, 6 Rosstrevor Cr, 3132",-37.8283495,145.1882369
"Brunswick East, 7/55 Victoria St, 3057",-37.7686488,144.9783599
"Pascoe Vale, 4/7 Sylvan Gr, 3044",-37.7306787,144.9405706
"Brunswick West, 3/458 Brunswick Rd, 3055",-37.7750517,144.9404782
"North Melbourne, 3 Bickford La, 3051",-37.7969651,144.9498993
"Maribyrnong, 403/90 La Scala Av, 3032",-37.7828663,144.8926136
"Kew, 7A Marshall Av, 3101",-37.807502,145.0461502
"Melbourne, 252/350 St Kilda Rd, 3000",-37.8310667,144.9709519
"Craigieburn, 2 Esteem Rd, 3064",-37.6005413,144.8955066
"Keilor East, 83 Noga Av, 3033",-37.7415067,144.869469
"Ivanhoe, 5/84 Locksley Rd, 3079",-37.7682499,145.0496146
"St Kilda, 2 Steele Av, 3182",-37.8635064,144.9893201
"Bentleigh, 2/523 South Rd, 3204",-37.933449,145.0423715
"Cheltenham, 3/95 Park Rd, 3192",-37.9639765,145.0479312
"Rosanna, 39 Alfreda Av, 3084",-37.7420958,145.0687404
"Avondale Heights, 7 Alexander St, 3034",-37.7670037,144.8662013
"Carlton, 5/150 Drummond St, 3053",-37.8032795,144.9682095
"Sunshine North, 27 Bangerang Av, 3020",-37.7627426,144.824981
"Balwyn, 6 Abercrombie St, 3103",-37.8082691,145.0629784
"Rosanna, 2/5 Golf Av, 3084",-37.7394947,145.0696049
"Templestowe Lower, 5 Laloma Ct, 3107",-37.7661399,145.1248004
"Bulleen, 24 Kimberley Wy, 3105",-37.7576045,145.0926236
"Brighton East, 2/377 South Rd, 3187",-37.931776,145.0286543
"Kealba, 2/38 Driscolls Rd, 3021",-37.73115,144.823163
"Port Melbourne, 223 Esplanade Pl, 3207",-37.8358266,144.9473664
"Brighton East, 9 Hope St, 3187",-37.9071612,145.0107632
"Glen Huntly, 3/1 MacKay Av, 3163",-37.8967221,145.0420867
"Richmond, 8/7 Westbank Tce, 3121",-37.8207759,145.0133425
"Doncaster East, 3/4 Koala Ct, 3109",-37.7890617,145.1456836
"Mitcham, 4/26 Burnett St, 3132",-37.8129832,145.1988693
"Richmond, 8/2 New St, 3121",-37.813338,144.9925259
"Melbourne, 602/519 St Kilda Rd, 3000",-37.845567,144.9794072
"Mill Park, 2/4 Hawthorn Ct, 3082",-37.673026,145.051041
"Avondale Heights, 23 Langham St, 3034",-37.7700903,144.8574333
"Kensington, 306/72 Altona St, 3031",-37.7969017,144.9261622
"Balwyn, 6 Tonkin Av, 3103",-37.8058543,145.0858001
"Richmond, 308/1 Dyer St, 3121",-37.8165472,145.0036039
"Reservoir, 22 Gisborne Cr, 3073",-37.719566,145.0237525
"Malvern East, 5/47 Grant St, 3145",-37.8714,145.054597
"Clayton, 2/68 Fulton St, 3168",-37.9143024,145.1159165
"Carnegie, 301/16 Tranmere Av, 3163",-37.889097,145.0610634
"Hawthorn, 4/11 Reserve Rd, 3122",-37.8375488,145.0382429
"South Yarra, 27a Nicholson St, 3141",-37.8424967,144.9876284
"Surrey Hills, 3/251 Elgar Rd, 3127",-37.8341058,145.1114666
"Malvern East, 32/997 Dandenong Rd, 3145",-37.8799534,145.0493427
"Camberwell, 2 Quinton Rd, 3124",-37.8367102,145.0919704
"Hawthorn, 9/26 Hawthorn Gln, 3122",-37.8322226,145.0317259
"Moorabbin, 2A Genoa St, 3189",-37.9425936,145.0550803
"Dandenong North, 2/46 Barbara Av, 3175",-37.9638132,145.1979923
"Craigieburn, 4 Langdon Cr, 3064",-37.604903,144.9365823
"Kew East, 36 Baker Av, 3102",-37.792495,145.044937
"Mont Albert, 9 Victoria Cr, 3127",-37.8173415,145.1043399
"Knoxfield, 2/49 Allister Cl, 3180",-37.8901071,145.2440509
"Ascot Vale, 3/232 Ascot Vale Rd, 3032",-37.7754758,144.9236589
"Mitcham, 3/13 Premier Av, 3132",-37.8301208,145.1971153
"Brighton East, 28 Welwyn Av, 3187",-37.9289658,145.0218487
"Malvern East, 3/1 Wilton Vale Cr, 3145",-37.8671372,145.0596108
"McKinnon, 2a Ellindale Av, 3204",-37.9104853,145.0435257
"Moorabbin, 2/51 Bulli St, 3189",-37.9419398,145.0541482
"Croydon, 2/7 Morris Rd, 3136",-37.808881,145.273
"Carnegie, 7/329 Neerim Rd, 3163",-37.8894998,145.0584446
"Footscray, 22/2 Ballarat Rd, 3011",-37.7951731,144.9090089
"Reservoir, 3/170 Spring St, 3073",-37.7233505,145.0022055
"Yallambie, 7/6 Borlase St, 3085",-37.7327377,145.0810304
"Reservoir, 2A Lawson St, 3073",-37.7192555,145.0149991
"Kensington, 906/70 Speakmen St, 3031",-37.7939637,144.9159974
"Mentone, 4/24 Milan St, 3194",-37.9859042,145.0605481
"Seaford, 3/15 Duncan Av, 3198",-38.1275464,145.1300325
"Mont Albert, 7 Kingsley Cr, 3127",-37.8158832,145.1118964
"Nunawading, 2/38 Efron St, 3131",-37.8099519,145.1815232
"Bentleigh, 2/32 Brewer Rd, 3204",-37.9210425,145.0267823
"Werribee, 41 Collins St, 3030",-37.9110901,144.6591613
"Noble Park, 3/4 Eden Ct, 3174",-37.9735928,145.1869419
"Brunswick West, 5/82 Hopetoun Av, 3055",-37.751999,144.9336131
"Malvern East, 2/8 Burke Rd, 3145",-37.8775667,145.0481005
"Brunswick, 35 Amelia St, 3056",-37.7758088,144.9659325
"Reservoir, 22 Locher Av, 3073",-37.6998709,145.0241545
"Bulleen, 3 Westminster Av, 3105",-37.7673225,145.0869929
"Reservoir, 46 Oakhill Av, 3073",-37.7265653,145.0148118
"Sunshine North, 3 Heron Av, 3020",-37.7618838,144.830244
"Hawthorn East, 2/8 Auburn Gr, 3123",-37.8255197,145.0456786
"Richmond, 806/8 Garfield St, 3121",-37.8119053,144.9928311
"Balwyn, 401/200 Whitehorse Rd, 3103",-37.8124729,145.0771837
"Prahran, 404/11 Hillingdon Pl, 3181",-37.8516819,144.9943382
"Ashwood, 33 Lavidge Rd, 3147",-37.8654901,145.1079396
"Hampton, 26A David St, 3188",-37.9427942,145.0144917
"Cremorne, 6/145 Cubitt St, 3121",-37.830717,144.9926024
"Doncaster, 37 Tullamore Av, 3108",-37.784446,145.1097837
"West Melbourne, 9/11 Anderson St, 3003",-37.804797,144.9417308
"Port Melbourne, 322 Esplanade Pl, 3207",-37.8358266,144.9473664
"Burwood, 35 Muyan Cct, 3125",-37.8493944,145.1246586
"Hawthorn, 9 Power Av, 3122",-37.8246809,145.0252414
"Balwyn, 3/4 Pretoria St, 3103",-37.8102555,145.0661117
"Research, 3/10 Ingrams Rd, 3095",-37.7013771,145.1830988
"Thornbury, 3/44 Hammond St, 3071",-37.764196,145.01339
"Ashburton, 69a Munro Av, 3147",-37.869743,145.0754063
"Brighton, 2a Roslyn St, 3186",-37.9284907,145.0019167
"Glenroy, 2/67 Morell St, 3046",-37.702118,144.9458776
"Williamstown, 33 Anzac Cr, 3016",-37.8616603,144.8856934
"Altona North, 2/26 Jeffrey Av, 3025",-37.8332953,144.8628295
"Port Melbourne, 306/19 Pickles St, 3207",-37.8441534,144.9442675
"Melbourne, 410/23 Queens Rd, 3000",-37.8411821,144.9752893
"Hawthorn, 7/576 Glenferrie Rd, 3122",-37.8261434,145.0349075
"Heidelberg, 55 Halifax Av, 3084",-37.7437741,145.0827368
"Maribyrnong, 3/13 Warrs Rd, 3032",-37.7703388,144.8928747
"Mulgrave, 3 Wootoona Ct, 3170",-37.9273561,145.1927442
"Cheltenham, 59 Oak Av, 3192",-37.9744758,145.071287
"Mitcham, 3/21 McGhee Av, 3132",-37.8187981,145.1988509
"Kingsville, 65 Empress Av, 3012",-37.8078705,144.8820705
"Williamstown, 44 Parker St, 3016",-37.8631471,144.8999496
"Avondale Heights, 6 Sovereign Wy, 3034",-37.7591989,144.8596657
"Richmond, 92 Madden Gr, 3121",-37.8282963,145.0120354
"North Melbourne, 407/5 Stawell St, 3051",-37.8042371,144.942371
"Balwyn, 51 Elliott Av, 3103",-37.803549,145.07368
"South Yarra, 6/813 Punt Rd, 3141",-37.8355113,144.9869149
"Malvern East, 6/16 Dene Av, 3145",-37.8695806,145.0598091
"Ringwood, 2/2 Lavender St, 3134",-37.8202739,145.2360853
"Bentleigh East, 4/55 Moylan St, 3165",-37.9083853,145.0540547
"Clayton, 3/22 Stockdale Av, 3168",-37.908765,145.126659
"Camberwell, 23 Gowar Av, 3124",-37.8398239,145.0771027
"Port Melbourne, 2/48 Esplanade Pl, 3207",-37.8362817,144.9464282
"Balwyn, 2/99 Strabane Av, 3103",-37.8072157,145.1032343
"Templestowe Lower, 2/223 High St, 3107",-37.771101,145.115706
"Strathmore, 49 Loeman St, 3041",-37.7345501,144.9193038
"Sandringham, 31/170 Beach Rd, 3191",-37.9579746,145.0092657
"Burwood, 28 Cypress Av, 3125",-37.8548776,145.1271727
"Mentone, 6/138 Charman Rd, 3194",-37.9771457,145.0542308
"Brunswick West, 5/17 Cumming St, 3055",-37.7609364,144.9427483
"Carnegie, 4/27 Moonya Rd, 3163",-37.8972788,145.0588094
"Preston, 90a David St, 3072",-37.7427153,145.0057188
"Altona North, 59 Misten Av, 3025",-37.8263495,144.8399846
"Blackburn, 8 Furness St, 3130",-37.8266516,145.1511942
"Malvern East, 6 Ramona Av, 3145",-37.8783795,145.0760645
"Abbotsford, 82/84 Trenerry Cr, 3067",-37.7979172,144.9981895
"Brighton East, 29 Edro Av, 3187",-37.9253398,145.0090951
"Prahran, 2/6 Lalbert Cr, 3181",-37.8560798,145.0104729
"Hampton, 8 Lagnicourt St, 3188",-37.9326009,145.0098443
"Roxburgh Park, 88 Lakeside Dr, 3064",-37.6301645,144.9321706
"Kew, 23 Valentine Av, 3101",-37.8103242,145.0302417
"Mickleham, 3 Selkirk Wy, 3064",-37.5362542,144.8993137
"Greensborough, 50 Killarney Rdg, 3088",-37.687694,145.0819583
"Black Rock, 3/34 Second St, 3193",-37.9790278,145.0226796
"Brighton, 78 Cole St, 3186",-37.8947418,144.9961785
"Port Melbourne, 5 Edina Av, 3207",-37.837786,144.921555
"Reservoir, 4/11 Johnson St, 3073",-37.701751,145.011303
"Brighton, 2/34 Elwood St, 3186",-37.9004848,144.9929639
"Toorak, 5 Landale Rd, 3142",-37.8392666,145.0055567
"Airport West, 2/29 Walters Av, 3042",-37.731946,144.885607
"Melbourne, 506/23 Queens Rd, 3000",-37.8411821,144.9752893
"Ivanhoe, 5/4 Sailbury Av, 3079",-37.7728423,145.03974
"Kensington, 602/255 Racecourse Rd, 3031",-37.788616,144.9327856
"Caulfield South, 4/1012 Glen Huntly Rd, 3162",-37.8885844,145.0339413
"West Footscray, 7/624 Barkly St, 3012",-37.7967954,144.8733612
"Templestowe Lower, 3/10 Hodgson St, 3107",-37.766573,145.103822
"Glen Iris, 3/31 Yeovil Rd, 3146",-37.8525542,145.0856652
"Sydenham, 30 Chandos St, 3037",-37.6898942,144.7596237
"Hawthorn, 5/31 Kinkora Rd, 3122",-37.8166718,145.0329909
"Bentleigh East, 9A Murrong Av, 3165",-37.9083242,145.0599498
"Brooklyn, 37 Heather Av, 3012",-37.8200444,144.8462645
"Toorak, 7/12 Trawalla Av, 3142",-37.8395685,145.0135723
"Frankston South, 28 Gowrie Av, 3199",-38.1631929,145.1184116
"Docklands, 702/8 Waterview Wk, 3008",-37.8196134,144.9481033
"Ivanhoe, 2/52 Locksley Rd, 3079",-37.77017,145.0488685
"Seaholme, 5 Parkside Cr, 3018",-37.8651129,144.8437813
"Maribyrnong, 6 Lana Wy, 3032",-37.786235,144.889434
"Reservoir, 3/12 Hobbs Cr, 3073",-37.704844,145.006517
"Hawthorn East, 8/28 Harold St, 3123",-37.8277531,145.0536899
"Airport West, 71 Bowes Av, 3042",-37.7285333,144.8848457
"Maribyrnong, 5/127 Raleigh Rd, 3032",-37.7688937,144.8885814
"Murrumbeena, 2A Doris St, 3163",-37.8994882,145.0753465
"Caulfield North, 31 Fitzgibbon Cr, 3161",-37.876987,145.0279605
"Hampton East, 3 Crest Av, 3188",-37.9392038,145.0265529
"Prahran, 9/25 Irving Av, 3181",-37.8573168,145.0070538
"Warrandyte, 29 Lynette Av, 3113",-37.7457686,145.1992331
"Brighton East, 4 Dacey St, 3187",-37.9269946,145.0198893
"Carnegie, 9/9 Poplar Gr, 3163",-37.8857515,145.0631862
"Collingwood, 2/28 Napoleon St, 3066",-37.8014602,144.9864304
"Melbourne, 25/32 Queens Rd, 3000",-37.8434887,144.9759815
"Glenroy, 4/900 Pascoe Vale Rd, 3046",-37.6986642,144.9155319
"Fitzroy, 5/3 Hertford St, 3065",-37.7988572,144.9799522
"Balwyn North, 237a Balwyn Rd, 3104",-37.7978942,145.0838685
"Bulleen, 3/16 Carrathool St, 3105",-37.7641606,145.089293
"Eumemmerring, 62 Doveton Av, 3177",-37.9973817,145.2500059
"Carnegie, 4/70 Woornack Rd, 3163",-37.8978686,145.0630278
"Doveton, 7 Laurel Av, 3177",-37.9910176,145.2438538
"Hampton East, 3/21 Highbury Av, 3188",-37.9351552,145.0330271
"Elwood, 4/4 Poets Gve, 3184",-37.8811008,144.9905509
"Rosanna, 2/24 Arden Cr, 3084",-37.739877,145.07207
"Camberwell, 3/131 Rowell Av, 3124",-37.8455768,145.0598729
"Ivanhoe, 5/48 Locksley Rd, 3079",-37.770369,145.04927
"St Kilda, 2/34 Princes St, 3182",-37.8595173,144.9821129
"Fawkner, 61 Alec Cr, 3060",-37.6948263,144.968449
"Mount Waverley, 23 Monomeith Cr, 3149",-37.8632091,145.1290874
"Brunswick, 22 Laura St, 3056",-37.7707483,144.965683
"Noble Park, 3/7 Stella Av, 3174",-37.9739278,145.1755781
"Highett, 2/8 Muir St, 3190",-37.9453219,145.0357703
"Kensington, 33 Stockmans Wy, 3031",-37.7915848,144.9221606
"Malvern, 7/6 Finlayson St, 3144",-37.8683183,145.035813
"Glenroy, 34 Isla Av, 3046",-37.7028789,144.9320202
"Bentleigh East, 96 Paloma St, 3165",-37.9154061,145.0839073
"Armadale, 30 Barkly Av, 3143",-37.8604238,145.0264939
"Dandenong North, 2/8 Oakwood Av, 3175",-37.9655833,145.2044878
"Ormond, 9a Bewdley St, 3204",-37.9075834,145.0490627
"Surrey Hills, 2/711 Canterbury Rd, 3127",-37.8262232,145.1039001
"Balwyn, 2a Monash Av, 3103",-37.807606,145.0713023
"Armadale, 8/43 Armadale St, 3143",-37.857842,145.018502
"Ashburton, 36 Morotai Av, 3147",-37.8666681,145.0812468
"Keilor Park, 29 Russelton St, 3042",-37.7221324,144.8605862
"Keilor Downs, 54 Odessa Av, 3038",-37.7215236,144.8127188
"Northcote, 502/8 Breavington Wy, 3070",-37.7680681,145.0022377
"Yarraville, 2/255 Wlliamstown Rd, 3013",-37.816805,144.8832045
"Altona North, 22 Marigold Av, 3025",-37.8274988,144.8546657
"Brighton, 4/2 Brandon Cl, 3186",-37.8978287,144.9872838
"Mordialloc, 4/15 Hallmark Rd, 3195",-38.002741,145.0982359
"Templestowe Lower, 3/8 Balmoral Av, 3107",-37.772693,145.1117236
"Reservoir, 4/72 Pine St, 3073",-37.717545,144.998816
"Melton South, 3/33 Staughton St, 3338",-37.704412,144.571558
"Cairnlea, 40 Lakewood Bvd, 3023",-37.7611802,144.7850458
"Preston, 3/56 Newcastle St, 3072",-37.7480687,145.0123209
"Reservoir, 3/947 High St, 3073",-37.7104967,145.0081762
"Craigieburn, 7 Hoxton Cr, 3064",-37.573606,144.9283151
"Ashwood, 50 Cassinia Av, 3147",-37.8650387,145.1074199
"Elsternwick, 9/293 Kooyong Rd, 3185",-37.8844548,145.0150769
"South Yarra, 6/49 Motherwell St, 3141",-37.845965,145.003069
"Toorak, 3/11 Lascelles Av, 3142",-37.8398766,145.0126459
"Altona North, 3 Ginifer Av, 3025",-37.8388962,144.8434092
"Richmond, 6/34 Davison St, 3121",-37.812912,145.0080445
"Yarraville, 3/5 Jepson St, 3013",-37.8130814,144.8708601
"Balaclava, 3/27 Gourlay St, 3183",-37.8725949,144.9964204
"Ashburton, 3/4 Annetta Av, 3147",-37.8720186,145.0706833
"Yallambie, 24 Bimbadeen Cr, 3085",-37.7236139,145.1028303
"Fitzroy, 45/183 Kerr St, 3065",-37.7968636,144.9815707
"Balwyn North, 49 Fortuna Av, 3104",-37.7893455,145.0767968
"Ashburton, 2 Benghazi Av, 3147",-37.8678876,145.0863574
"Ashwood, 31a Shaw St, 3147",-37.8691071,145.0945445
"Hawthorn, 5/488 Glenferrie Rd, 3122",-37.8323566,145.0337688
"Balwyn, 6/26 Gordon St, 3103",-37.8073979,145.0642886
"Craigieburn, 23 Southern Cr, 3064",-37.5936648,144.9324934
"Melton West, 8 Lara Pl, 3337",-37.6840556,144.5593149
"Watsonia, 4/6 Powley Pde, 3087",-37.7163127,145.0790137
"Brunswick West, 34/2 Centennial Av, 3055",-37.7728674,144.9483675
"Doncaster, 28 Glenfern Av, 3108",-37.779814,145.1070082
"St Kilda, 9/98 Grey St, 3182",-37.8636302,144.9814006
"Ashburton, 55 Alamein Av, 3147",-37.8683431,145.0873426
"Rosanna, 5 Coorie Cr, 3084",-37.7456528,145.0749242
"Hillside, 8 Landscape Dr, 3037",-37.6836924,144.7391655
"Essendon, 401/322 Pascoe Vale Rd, 3040",-37.74563,144.926587
"Richmond, 4 Parkville St, 3121",-37.828965,145.0096215
"Murrumbeena, 2/4 Hobart Rd, 3163",-37.88544,145.0708191
"Albion, 4 Westgate Av, 3020",-37.7771639,144.8144129
"Craigieburn, 9 Mountleigh Cct, 3064",-37.5903354,144.8964216
"Caulfield North, 3/22 Kooyong Rd, 3161",-37.865442,145.0191481
"South Yarra, 5/59 Davis Av, 3141",-37.839828,144.9903486
"Sunbury, 7 Lampton Wy, 3429",-37.5973034,144.712002
"Kew East, 57 Windella Av, 3102",-37.7949661,145.0501081
"Armadale, 5/31 Inverness Av, 3143",-37.8616158,145.0238249
"MacLeod, 5/105 Torbay St, 3085",-37.7191411,145.079712
"Pakenham, 6/184 Princes Hwy, 3810",-38.067037,145.4692584
"Croydon South, 25 Central Av, 3136",-37.8183737,145.2729719
"Glen Huntly, 4/9 Park Av, 3163",-37.8955401,145.0434297
"Brighton East, 49 Landcox St, 3187",-37.9034853,145.0148269
"Sunshine, 2/7 Station Pl, 3020",-37.7906177,144.8353146
"Glen Huntly, 3/31 Dorothy Av, 3163",-37.8962291,145.0402349
"Heidelberg Heights, 6 Marks Av, 3081",-37.7360961,145.0521735
"Oakleigh South, 2/5 Cleek Av, 3167",-37.9106486,145.0875862
"Doncaster East, 2/48 Maggs St, 3109",-37.7946402,145.1673492
"Reservoir, 3/72 Liston Av, 3073",-37.6967125,145.01474
"Essendon, 69a Primrose St, 3040",-37.757564,144.9275451
"Toorak, 4/3 Tahara Rd, 3142",-37.8383518,145.0178359
"Glen Iris, 2C Osborne Av, 3146",-37.8583688,145.0465986
"North Melbourne, 326/350 Victoria St, 3051",-37.8053968,144.9549092
"Glenroy, 2/34 Belair Av, 3046",-37.7041719,144.9139922
"Glenroy, 87 Plumpton Av, 3046",-37.7083571,144.9215974
"Yallambie, 27 Aminya Cr, 3085",-37.7274321,145.1037857
"Broadmeadows, 4/24 Lahinch St, 3047",-37.6922436,144.9236841
"Hawthorn, 301/7 Riversdale Rd, 3122",-37.8276244,145.0262357
"McKinnon, 3/22 Station Av, 3204",-37.9092208,145.0394943
"Coburg, 3 Suffolk Av, 3058",-37.7397108,144.9566019
"Ashwood, 4 Mitchell Av, 3147",-37.8719338,145.1074819
"Airport West, 4/24 Laurence Av, 3042",-37.7279865,144.8777595
"Moonee Ponds, 3/7 York St, 3039",-37.7651418,144.9115629
"Brunswick, 45b Garnet St, 3056",-37.7569738,144.9531802
"Collingwood, 305/28 Stanley St, 3066",-37.8019736,144.9849986
"St Kilda, 7/17 St Leonards Av, 3182",-37.8630423,144.9778919
"Moorabbin, 7/88 Chapel Rd, 3189",-37.9376697,145.0488447
"Balwyn North, 41 Almond St, 3104",-37.7896424,145.0884834
"Reservoir, 3/3 Hobbs Cr, 3073",-37.7058065,145.0087003
"Glenroy, 46 Finchley Av, 3046",-37.7026359,144.9102939
"Bundoora, 2 Barbara Ct, 3083",-37.6992519,145.0736118
"Glen Iris, 25 Dorrington Av, 3146",-37.8628804,145.0543057
"Altona North, 4/7 Prentice St, 3025",-37.8419708,144.8628926
"West Footscray, 22/709 Barkly St, 3012",-37.7963218,144.8668139
"Ivanhoe, 9a Abercorn Av, 3079",-37.7698955,145.0326864
"St Albans, 4/144 William St, 3021",-37.7361439,144.8087346
"Richmond, 2/8 Lord St, 3121",-37.8200426,145.0049098
"Bentleigh East, 9 Begg St, 3165",-37.9223323,145.0764117
"Brighton, 9 Anne Cr, 3186",-37.9068114,144.9995771
"Glen Huntly, 9/9 Park Av, 3163",-37.8955397,145.0434264
"North Melbourne, 406/1 Shiel St, 3051",-37.798277,144.9438777
"Glen Iris, 3/37 Aintree Rd, 3146",-37.8556182,145.0436977
"South Melbourne, 3/199 Montague St, 3205",-37.8344499,144.9531181
"Sunshine West, 9 Armstrong St, 3020",-37.789883,144.8237858
"Hawthorn, 5/4 Hill St, 3122",-37.8182887,145.0194545
"Brighton, 704 Hampton St, 3186",-37.922207,145.0056107
"Wyndham Vale, 22 Hawkstone Rd, 3024",-37.8647631,144.5981797
"Broadmeadows, 2 Deakin Ct, 3047",-37.6826039,144.929687
"Ashwood, 2/6 Teck St, 3147",-37.8683485,145.1085531
"Plumpton, 23 Moore Dr, 3335",-37.8295672,144.8252258
"Strathmore, 24 Balmoral Av, 3041",-37.7363215,144.9086364
"Prahran, 2/23 Wynnstay Rd, 3181",-37.8526292,145.0108675
"Parkville, 40 Cade Wy, 3052",-37.777287,144.9402563
"Maidstone, 4/13 Powell Cr, 3012",-37.783867,144.865618
"Malvern East, 8 Dundonald Av, 3145",-37.8732244,145.0614069
"Reservoir, 5a Kyneton Av, 3073",-37.7176132,145.0251362
"Kew East, 4/16 Woodlands Av, 3102",-37.79859,145.0576357
"Glenroy, 59 Isla Av, 3046",-37.700809,144.931872
"Brighton East, 9a Churchill Ct, 3187",-37.9287662,145.0147838
"Avondale Heights, 48 Lake St, 3034",-37.7553989,144.858232
"Oakleigh East, 3/13 Claudel St, 3166",-37.9100934,145.1145135
"Moonee Ponds, 506/701 Mt Alexander Rd, 3039",-37.7644654,144.9229705
"Glen Iris, 2/31 Osborne Av, 3146",-37.8553253,145.0467438
"Glenroy, 8/77 Chapman Av, 3046",-37.7066388,144.9120533
"Bentleigh East, 2/43 MacKie Rd, 3165",-37.9176647,145.0739008
"Mentone, 29 Swanston St, 3194",-37.9783537,145.0659157
"Pascoe Vale, 3/15 Callander Rd, 3044",-37.71889,144.9296015
"Williamstown, 32 Laverton St, 3016",-37.8619695,144.889789
"Edithvale, 4/213 Station St, 3196",-38.037066,145.1089369
"Coburg, 25 Webb St, 3058",-37.7348488,144.9554277
"Seaholme, 3/1 James Av, 3018",-37.8614305,144.8480164
"Bulleen, 33 The Crest, 3105",-37.7748953,145.0935953
"Richmond, 3/69 Palmer St, 3121",-37.818669,145.0078707
"Windsor, 23 Albert St, 3181",-37.8553805,144.9848016
"Bundoora, 9 Luton Wy, 3083",-37.6966911,145.0659021
"Kingsville, 85 Empress Av, 3012",-37.8087844,144.8818903
"Malvern East, 22 Warida Av, 3145",-37.8797628,145.0677924
"Kealba, 8/250 Sunshine Av, 3021",-37.7329008,144.8184829
"Greensborough, 3/11 Stubley Ct, 3088",-37.7056274,145.103984
"Avondale Heights, 32 Medfield Av, 3034",-37.7656731,144.8654758
"Doncaster, 22 Tandara Av, 3108",-37.7906606,145.1393948
"Greenvale, 75 Horizon Bvd, 3059",-37.6152821,144.8881892
"Clifton Hill, 26a Fenwick St, 3068",-37.7893542,145.0002904
"Highett, 56a Tibrockney St, 3190",-37.9494343,145.0350337
"Pascoe Vale, 4/33 Park St, 3044",-37.7265491,144.9238834
"Reservoir, 2/25 Oconnor St, 3073",-37.7106597,145.002496
"Murrumbeena, 52 Wallace Av, 3163",-37.9048335,145.0713258
"Hampton East, 7 Howitt Av, 3188",-37.9400521,145.0241442
"Hampton, 2/8 David St, 3188",-37.9426997,145.0126456
"Hampton East, 2/25 Katoomba St, 3188",-37.9347221,145.0339973
"Bentleigh, 9b Marquis Rd, 3204",-37.9304955,145.0451296
"Ringwood East, 3 Wingate Av, 3135",-37.8201879,145.2623735
"Mont Albert, 3/42 Zetland Rd, 3127",-37.8178208,145.1121063
"Boronia, 23 Elsie St, 3155",-37.8566928,145.2887568
"Heidelberg, 4/152 Hawdon St, 3084",-37.751198,145.0660239
"Camberwell, 3a Braeside Av, 3124",-37.8469154,145.0953575
"Braybrook, 62 Lawn Cr, 3019",-37.7818096,144.8602152
"Keilor East, 86a Noga Av, 3033",-37.74193,144.8713827
"Preston, 7/33 Cramer St, 3072",-37.7404286,144.9985085
"Brighton, 47 Durrant St, 3186",-37.9104737,145.0052275
"Elwood, 8/8 Pine Av, 3184",-37.8868678,144.9884269
"Watsonia, 3/19 High St, 3087",-37.707868,145.080306
"Reservoir, 8 Balfour St, 3073",-37.6948972,145.0055847
"Taylors Hill, 23 Southbank Wk, 3037",-37.7064227,144.7532589
"Bentleigh, 9/15 Vickery St, 3204",-37.9164737,145.0388938
"Beaconsfield, 25 Timberside Dr, 3807",-38.0451211,145.3779243
"South Yarra, 4/110 Caroline St, 3141",-37.8342912,144.989902
"Altona North, 81 Fifth Av, 3025",-37.8363871,144.8501873
"Balaclava, 6/38 Brighton Rd, 3183",-37.8733483,144.9909441
"Bundoora, 7 Endsleigh Av, 3083",-37.7007843,145.0604524
"Glenroy, 3/55 Melbourne Av, 3046",-37.704735,144.9329695
"Bentleigh East, 2/9 Filbert St, 3165",-37.9184705,145.0528957
"Templestowe Lower, 26/246 High St, 3107",-37.7703835,145.1175377
"Clifton Hill, 4a Anderson St, 3068",-37.7930246,144.9932896
"Fitzroy North, 4/71 Holden St, 3068",-37.7792494,144.981573
"Elsternwick, 2/36 Riddell Pde, 3185",-37.8862554,145.0025754
"Bentleigh East, 2/32 Browns Rd, 3165",-37.9215425,145.0564311
"Highett, 2/9 Frederico St, 3190",-37.944472,145.0250131
"Richmond, 406/8 Howard St, 3121",-37.8334146,144.9974598
"Prahran, 30 Union St, 3181",-37.8538491,144.9853479
"Mentone, 3/35 Johnston St, 3194",-37.9764016,145.0717067
"Reservoir, 4/17 Lake St, 3073",-37.717525,144.990905
"Princes Hill, 84 Bowen Cr, 3054",-37.7794283,144.9630873
"Northcote, 2/75 Gadd St, 3070",-37.7626324,144.989813
"Carnegie, 2 Newman Av, 3163",-37.900871,145.0523915
"Cheltenham, 4/22 Jean St, 3192",-37.9606229,145.0519738
"Templestowe, 3/31 Oliver Rd, 3106",-37.758632,145.1600221
"Hampton East, 33 Widdop Cr, 3188",-37.9406943,145.0279295
"Ashburton, 50 Warner Av, 3147",-37.8695885,145.0854137
"Greenvale, 67 Dunfermline Av, 3059",-37.6516328,144.9073914
"Kew, 32 First Av, 3101",-37.8015189,145.0590101
"Point Cook, 3 Treeleaf Av, 3030",-37.899807,144.7227865
"St Albans, 35 Chelmsford Cr, 3021",-37.7478807,144.8127861
"Keilor East, 38 Eastleigh Av, 3033",-37.7441928,144.8542099
"Hampton, 37b Retreat Rd, 3188",-37.9406564,145.0152589
"Glen Waverley, 6 Silverwood Wy, 3150",-37.8769902,145.1818723
"Footscray, 32 Hewitt Av, 3011",-37.7982077,144.8818375
"Mill Park, 8 Jacaranda Dr, 3082",-37.6765081,145.0553632
"Reservoir, 3/27 Clements Gr, 3073",-37.7124057,145.0233908
"Hughesdale, 2/65 Carlisle Cr, 3166",-37.897432,145.082825
"Essendon, 4/26 Richardson St, 3040",-37.751563,144.913495
"Pakenham, 4 Illawarra Wy, 3810",-38.0579307,145.5116009
"Sunshine, 7 Alexandra Av, 3020",-37.7845277,144.8367632
"Preston, 30B Young St, 3072",-37.7473081,145.0090585
"Armadale, 9 Alleyne Av, 3143",-37.8595259,145.0233849
"Reservoir, 9 Winter Cr, 3073",-37.7206098,145.027355
"Wantirna South, 9 Lainie Ct, 3152",-37.8713463,145.219441
"St Kilda, 9 Cintra Av, 3182",-37.858804,144.9912948
"Mentone, 4/60 Beach Rd, 3194",-37.9876984,145.0580365
"Balwyn, 8/34 Weir St, 3103",-37.8149108,145.0843758
"Bundoora, 89 Cabernet Cr, 3083",-37.6871175,145.0536457
"Prahran, 5/2 Karbarook Av, 3181",-37.8589661,145.0093799
"Greensborough, 5 Larcom Ct, 3088",-37.6848487,145.1086823
"North Melbourne, 407/64 MacAulay Rd, 3051",-37.7983269,144.9425919
"Knoxfield, 36 Laura Rd, 3180",-37.8911046,145.2454077
"Preston, 3A Carlisle St, 3072",-37.7527845,145.01065
"Essendon, 3/10 Leoman St, 3040",-37.756873,144.9256994
"West Footscray, 3/652 Barkly St, 3012",-37.7964141,144.8715844
"Brighton, 9/109 Asling St, 3186",-37.8951783,145.0033508
"Eltham, 6 Lamorna Ct, 3095",-37.7169359,145.1567771
"Donvale, 2/7 Allara Ct, 3111",-37.7746246,145.1807604
"Carnegie, 9/1264 Glen Huntly Rd, 3163",-37.8902056,145.0474454
"Malvern East, 3/9 Tollington Av, 3145",-37.8666116,145.0532272
"Altona, 7/36 Sargood St, 3018",-37.8661725,144.8299907
"Thornbury, 83/337 Station St, 3071",-37.7634258,145.0209669
"Balwyn North, 45 Viewhill Rd, 3104",-37.7882862,145.0899092
"Ivanhoe, 2/4 Rockbeare Gr, 3079",-37.77146,145.0377704
"Glenroy, 29 Melbourne Av, 3046",-37.7051547,144.9355575
"Hampton East, 6 Randell Cr, 3188",-37.9324595,145.0264397
"Moorabbin, 88 Bulli St, 3189",-37.9403946,145.0589997
"Chadstone, 3/111 Waverley Rd, 3148",-37.8813893,145.1010625
"Hawthorn East, 301/102 Camberwell Rd, 3123",-37.8277398,145.0522669
"Altona, 8 Logan Av, 3018",-37.8595454,144.8230911
"Brighton East, 7 Edro Av, 3187",-37.9250734,145.0072265
"Oakleigh South, 298 Warrigal Rd, 3167",-37.9176417,145.0839731
"Balwyn, 3/5 Dunure Ct, 3103",-37.8065828,145.0875539
"Mill Park, 2 Callan Ct, 3082",-37.6516314,145.0545081
"Brunswick, 41 Bishop St, 3056",-37.7597834,144.9666112
"Kew, 3/324 Cotham Rd, 3101",-37.8098563,145.0551195
"Glen Iris, 8/25 Osborne Av, 3146",-37.8558396,145.0466698
"Preston, 64 James St, 3072",-37.7364569,144.9856316
"Box Hill, 3/12 Victoria St, 3128",-37.8241233,145.1307385
"Mill Park, 2/8 Orsett Ct, 3082",-37.6739758,145.0552755
"Yarraville, 3/87 Gamon St, 3013",-37.810631,144.890138
"South Yarra, 804/800 Chapel St, 3141",-37.836117,144.9966236
"Prahran, 22/55 Union St, 3181",-37.8538398,144.9875598
"Hawthorn, 49/8 Wallen Rd, 3122",-37.827114,145.024284
"MacLeod, 3 Laing Pl, 3085",-37.7187236,145.0717134
"Pascoe Vale, 3/16 Bristol Rd, 3044",-37.7153579,144.9398745
"Rosanna, 2/30 Mountain View Pde, 3084",-37.7428699,145.0603901
"Burwood, 84 Somers St, 3125",-37.8433106,145.1008399
"Oakleigh South, 5 Salem Av, 3167",-37.9248325,145.0840466
"Glen Huntly, 2/8 Rosedale Av, 3163",-37.8909357,145.0439306
"Glenroy, 2/25 Gladstone Pde, 3046",-37.7079139,144.912034
"Sydenham, 4/2 Albert Rd, 3037",-37.6927784,144.7577218
"Armadale, 4/23 Kooyong Rd, 3143",-37.8607047,145.0196031
"Nunawading, 2/36 Menin Rd, 3131",-37.829378,145.178029
"Pascoe Vale, 3 Dale Av, 3044",-37.7345743,144.9389913
"Mount Waverley, 6 Munro Av, 3149",-37.8770641,145.142301
"Heidelberg Heights, 531 Waterdale Rd, 3081",-37.7384163,145.0481447
"Glenroy, 34 Ridgeway Av, 3046",-37.6979641,144.9068667
"Broadmeadows, 3 Winton Ct, 3047",-37.6725101,144.9197414
"Bulleen, 2/42 Carrathool St, 3105",-37.7619636,145.0898743
"St Kilda, 3 Emilton Av, 3182",-37.862501,144.9814
"Surrey Hills, 4 Frimley Rd, 3127",-37.8213777,145.0965594
"Boronia, 5/113 Dorset Rd, 3155",-37.8725597,145.2844043
"Essendon, 3/12 Balmoral St, 3040",-37.7495502,144.9066806
"Braybrook, 5/16 Lawn Cr, 3019",-37.7827435,144.8604269
"Bundoora, 5/42 Ormond Bvd, 3083",-37.680801,145.0740949
"Footscray, 22 Hewitt Av, 3011",-37.7984873,144.8817587
"Northcote, 3/20 Westgarth St, 3070",-37.7809866,144.9948527
"Essendon, 2/22 Ogilvie St, 3040",-37.7522568,144.8923536
"Camberwell, 3A Braeside Av, 3124",-37.8469154,145.0953575
"Balwyn, 60a Talbot Av, 3103",-37.8140532,145.0862566
"Niddrie, 3/12 Elstone Ct, 3042",-37.7344281,144.888233
"Pascoe Vale, 4/47 Austin Cr, 3044",-37.7246119,144.9297837
"Ringwood East, 9 Scenic Av, 3135",-37.8183178,145.2515344
"Kew East, 3/27 Woodlands Av, 3102",-37.7980895,145.0564608
"Strathmore, 5 Wallace Cr, 3041",-37.7424794,144.9293585
"Meadow Heights, 2/7 McNicol Cl, 3048",-37.6494638,144.9201919
"Hawthorn, 2/46 Riversdale Rd, 3122",-37.8283976,145.0298323
"Mordialloc, 41a Bradshaw St, 3195",-37.9964765,145.0964551
"Keilor East, 44 Noga Av, 3033",-37.7427533,144.876294
"Melbourne, 906/1 Roy St, 3000",-37.8464972,144.9774734
"Springvale, 2/33 Birmingham St, 3171",-37.944546,145.163549
"Hawthorn East, 9/20 Denmark Hill Rd, 3123",-37.8326876,145.0542909
"South Yarra, 2/386 Toorak Rd, 3141",-37.8406409,145.0037586
"Avondale Heights, 43 Riverside Av, 3034",-37.7689843,144.8582105
"Reservoir, 42 Gellibrand Cr, 3073",-37.7055438,145.0032605
"Murrumbeena, 7 Thomson Av, 3163",-37.8962105,145.0664377
"Moorabbin, 3/1 Alison St, 3189",-37.9432566,145.0428062
"Collingwood, 501/132 Smith St, 3066",-37.804475,144.983604
"Templestowe Lower, 4 Lowan Av, 3107",-37.7582528,145.1045567
"Brunswick West, 2 Coronation St, 3055",-37.7745399,144.9444425
"Canterbury, 5/26 Faversham Rd, 3126",-37.8214121,145.0847839
"Armadale, 5 Alleyne Av, 3143",-37.8594837,145.0230378
"Reservoir, 9 McCasker Av, 3073",-37.7041607,145.0042103
"Craigieburn, 31 Langdon Cr, 3064",-37.6041171,144.9336354
"Pascoe Vale, 2/71 Kent Rd, 3044",-37.7206713,144.9437678
"Blackburn South, 2 Tudor Ct, 3130",-37.8459138,145.1485337
"Brighton, 24 Norwood Av, 3186",-37.9207409,144.991417
"Epping, 2/95 Duffy St, 3076",-37.642392,145.022485
"Mount Waverley, 27 Miller Cr, 3149",-37.874868,145.1245467
"Bentleigh East, 7A Stockdale Av, 3165",-37.9164652,145.0637813
"Rowville, 1 Rigby Mw, 3178",-37.9279826,145.2330751
"Camberwell, 7/9 Acheron Av, 3124",-37.8408426,145.0660534
"Bellfield, 58 Perkins Av, 3081",-37.7542591,145.0345455
"Mont Albert, 3/7 Leopold Cr, 3127",-37.8227493,145.1027892
"Oak Park, 3/18 Lex Gr, 3046",-37.717867,144.9246508
"Werribee, 22 Beldale Av, 3030",-37.9128651,144.6381125
"Mount Waverley, 2/336 Huntingdale Rd, 3149",-37.8782053,145.1103728
"Doncaster, 30 Philip Av, 3108",-37.7743898,145.1103085
"Ascot Vale, 35 Brown Av, 3032",-37.7788903,144.9047291
"South Yarra, 2/29 Coolullah Av, 3141",-37.8412712,145.0031067
"South Yarra, 7/49 Adams St, 3141",-37.8358327,144.977259
"Hampton East, 6/332 South Rd, 3188",-37.9329477,145.0321741
"Thomastown, 4/327 High St, 3074",-37.674887,145.014448
"Berwick, 2 Yardley Ct, 3806",-38.0598159,145.3484251
"Strathmore, 2/35 Balmoral Av, 3041",-37.7372939,144.9075236
"Camberwell, 36 Cochran Av, 3124",-37.8401861,145.0598663
"Bentleigh East, 3b Noora Av, 3165",-37.9224068,145.0771573
"Keilor Downs, 2/67 Lady Nelson Wy, 3038",-37.7127676,144.7954295
"Thornbury, 3/76 Collins St, 3071",-37.755636,145.008058
"Reservoir, 43 Allenby Av, 3073",-37.7020998,145.0054751
"Glen Waverley, 6/4 Bolan St, 3150",-37.8636519,145.154189
"Malvern East, 25/997 Dandenong Rd, 3145",-37.8799534,145.0493427
"Niddrie, 3a George St, 3042",-37.741246,144.8855864
"West Footscray, 334 Geelong Rd, 3012",-37.807009,144.8762725
"South Yarra, 9/26 Davis Av, 3141",-37.8409461,144.9904646
"Bentleigh East, 8b Marlborough St, 3165",-37.9177539,145.0670176
"Clayton South, 26 Oakes Av, 3169",-37.9359107,145.1311816
"Sunshine West, 3 Evelyn Cr, 3020",-37.7881969,144.8021555
"Essendon, 3/245 Pascoe Vale Rd, 3040",-37.75252,144.925027
"Strathmore, 3/15 Esmale St, 3041",-37.7279131,144.9145931
"Glen Iris, 9/1512 Malvern Rd, 3146",-37.854217,145.049013
"MacLeod, 2/40 Edward St, 3085",-37.7246417,145.075882
"Kew, 45 Barrington Av, 3101",-37.8047395,145.0441417
"Croydon, 46a Vernon St, 3136",-37.8042781,145.2749047
"Wallan, 5 Parkside Ri, 3756",-37.4066923,144.9798236
"St Kilda, 26/23 Mitford St, 3182",-37.8721601,144.981489
"MacLeod, 7 Brittingham Ct, 3085",-37.7172935,145.0643063
"Brunswick, 6/94 Donald St, 3056",-37.7583558,144.9698359
"Beaumaris, 5 Spicer St, 3193",-37.9784486,145.0482557
"Pascoe Vale, 3/6 Marks St, 3044",-37.7267338,144.9220267
"Brighton East, 3/141 Centre Rd, 3187",-37.9163598,145.0228253
"Ivanhoe East, 61 Streeton Cr, 3079",-37.7698301,145.0678494
"Balwyn, 3/9 Weir St, 3103",-37.8167678,145.0835545
"Richmond, 25/9 Tennyson St, 3121",-37.8239847,144.9918238
"Dandenong North, 9 Pinewood Av, 3175",-37.9625469,145.2037111
"Chirnside Park, 28 Circle Rdg, 3116",-37.7544067,145.31955
"Blackburn North, 33 Peter Av, 3130",-37.8071043,145.1561466
"Glenroy, 39 Melbourne Av, 3046",-37.7049241,144.9344739
"Glenroy, 2/923 Pascoe Vale Rd, 3046",-37.6974663,144.9145594
"Ashburton, 4/23 Ashburn Gr, 3147",-37.8660171,145.0810447
"Richmond, 2/4 Margaret St, 3121",-37.8231165,144.990182
"Hughesdale, 32 Calembeena Av, 3166",-37.906461,145.0830389
"Abbotsford, 45 Trenerry Cr, 3067",-37.7965145,144.9973325
"Pascoe Vale, 2/307 Cumberland Rd, 3044",-37.7150723,144.9405485
"Yarraville, 45b Kidman St, 3013",-37.8138416,144.8640636
"Malvern East, 3/312 Wattletree Rd, 3145",-37.8645453,145.0424777
"Montmorency, 40 Adam Cr, 3094",-37.7179127,145.1331855
"Tarneit, 7 Annies Wy, 3029",-37.8405892,144.694563
"Toorak, 6/18 Lansell Rd, 3142",-37.8391947,145.0164844
"Blackburn North, 5 Lane St, 3130",-37.8096741,145.1655977
"Burwood, 26 Waratah Av, 3125",-37.8448366,145.0994391
"MacLeod, 2/23 MacLeod Pde, 3085",-37.7278881,145.064816
"Melton South, 26/58 Andrew St, 3338",-37.6945064,144.5796241
"Oakleigh, 2/77 Burlington St, 3166",-37.9025635,145.0995353
"Coburg, 4/318 Bell St, 3058",-37.7394094,144.9510079
"Glen Iris, 6 Fuller Av, 3146",-37.8628917,145.0680332
"Kingsbury, 5 Golf Av, 3083",-37.7156375,145.0335121
"Reservoir, 4/8 Chaleyer St, 3073",-37.727855,145.0276925
"Edithvale, 22a Field Av, 3196",-38.036701,145.111829
"Hawthorn East, 5/15 Grandview Gr, 3123",-37.8226322,145.0571147
"Malvern, 6/17 Sorrett Av, 3144",-37.854775,145.032743
"Kew, 74 Charles St, 3101",-37.8061524,145.0359498
"Ascot Vale, 55 Hunt Cr, 3032",-37.7726876,144.9015752
"Elwood, 6/67 Shelley St, 3184",-37.8803985,144.9790675
"Maribyrnong, 26 Waterford Av, 3032",-37.7726953,144.8781239
"Canterbury, 8 Hassett Av, 3126",-37.8328985,145.0778252
"Bundoora, 6 Landbury Rd, 3083",-37.6940226,145.0453971
"Footscray, 306/277 Barkly St, 3011",-37.7993675,144.8947964
"Glenroy, 34 Melbourne Av, 3046",-37.704331,144.9353313
"Oakleigh, 2/34 Queens Av, 3166",-37.9042266,145.0893889
"Ashwood, 6a Sylvan Cr, 3147",-37.8660531,145.1108946
"Maribyrnong, 303/30 La Scala Av, 3032",-37.7808852,144.8933662
"Port Melbourne, 7/174 Esplanade Pl, 3207",-37.8358266,144.9473664
"South Melbourne, 616/22 Dorcas St, 3205",-37.831699,144.9643321
"Hawthorn, 4/14 Liddiard St, 3122",-37.8191076,145.0374799
"Altona, 9 Lark St, 3018",-37.8700226,144.8069917
"Sandringham, 9/91 Beach Rd, 3191",-37.946852,145.0009777
"Springvale, 41 Moncur Av, 3171",-37.9609306,145.1478819
"Northcote, 31B Union St, 3070",-37.7784696,144.992088
"Melbourne, 4/27 Queens Rd, 3000",-37.8422758,144.9755809
"Carnegie, 7/26 Shepparson Av, 3163",-37.890224,145.0581401
"Reservoir, 5/24 Ashley St, 3073",-37.7176183,145.0027911
"Camberwell, 4 Fairfield Av, 3124",-37.8414828,145.0557628
"South Yarra, 6/55 Caroline St, 3141",-37.8369475,144.9881484
"Boronia, 36 Landscape Dr, 3155",-37.8449527,145.2910195
"Truganina, 26/1 Clearwater Rise Pde, 3029",-37.8399803,144.7078023
"Brunswick West, 3/390 Moreland Rd, 3055",-37.7540551,144.9479039
"Toorak, 2/2 Martin Ct, 3142",-37.8425232,145.0129165
"Thornbury, 28 Bradley Av, 3071",-37.7608511,144.9901635
"Altona North, 56a First Av, 3025",-37.8365559,144.8546844
"Camberwell, 34 Aisbett Av, 3124",-37.8475425,145.0900361
"Brunswick West, 6/12 Grantham St, 3055",-37.7752907,144.9490818
"Parkdale, 3/19 Herbert St, 3195",-37.9986905,145.0765139
"Melbourne, 2905/8 Sutherland St, 3000",-37.811294,144.9610041
"Prahran, 26 Union St, 3181",-37.8538723,144.9851195
"Reservoir, 22b Glasgow Av, 3073",-37.7065605,145.0049033
"Brighton East, 7b Tatong Rd, 3187",-37.9303684,145.0295464
"Bentleigh East, 7 Larman St, 3165",-37.9196902,145.0614015
"Preston, 5 Wurruk Av, 3072",-37.7326236,145.0078634
"Caulfield South, 47 Ludbrook Av, 3162",-37.8984499,145.017979
"Bentleigh East, 5A Bayview St, 3165",-37.908696,145.058749
"Ascot Vale, 7/60 Epsom Rd, 3032",-37.773524,144.907722
"Carnegie, 4 Coling Av, 3163",-37.9009366,145.0618733
"Toorak, 6/30 Lansell Rd, 3142",-37.8371733,145.0167405
"Ascot Vale, 3 Aspect Av, 3032",-37.7762849,144.9052099
"Elwood, 2/3 Goldsmith St, 3184",-37.8768741,144.9840906
"Bentleigh East, 9b Latham St, 3165",-37.9130735,145.0666575
"Mount Waverley, 2/250 Waverley Rd, 3149",-37.8835338,145.1148568
"Bentleigh East, 9a Lois Ct, 3165",-37.9235179,145.0722704
"Bulleen, 51 Golden Wy, 3105",-37.7687038,145.0883282
"Keilor East, 48 Heather Av, 3033",-37.7427695,144.8669911
"Glen Iris, 2 Harris Av, 3146",-37.8491919,145.0518702
"Port Melbourne, 88 Esplanade Pl, 3207",-37.8362817,144.9464282
"St Kilda, 2/95 Wellington St, 3182",-37.856968,144.988788
"Malvern, 32 Shaftesbury Av, 3144",-37.8533526,145.0390455
"South Yarra, 604/800 Chapel St, 3141",-37.836117,144.9966236
"Fitzroy, 6/192 Argyle St, 3065",-37.7980685,144.9825638
"Kew, 26 Vaughan Cr, 3101",-37.7932987,145.0243657
"Balwyn North, 2/26 Maud St, 3104",-37.7950545,145.0672435
"Templestowe, 31 Lawanna Dr, 3106",-37.769038,145.1369152
"Camberwell, 60 Fordham Av, 3124",-37.8393851,145.073493
"Brunswick, 4/33 Austral Av, 3056",-37.7612555,144.9557409
"Malvern, 39 McKinley Av, 3144",-37.8636314,145.0316762
"Preston, 4/83 Murray Rd, 3072",-37.74011,145.021956
"Springvale South, 3/2 Hosken St, 3172",-37.9641254,145.1605485
"Carlton, 9/21 University St, 3053",-37.7996263,144.9692928
"Reservoir, 3/28 Compton St, 3073",-37.7139436,145.0032032
"South Melbourne, 705/2 Albert Rd, 3205",-37.8328382,144.9714747
"Templestowe Lower, 238 Thompsons Rd, 3107",-37.7692951,145.1010635
"Cheltenham, 6/10 Eagland Rd, 3192",-37.9719949,145.0749853
"Melbourne, 605/55 Queens Rd, 3000",-37.847853,144.9776096
"Richmond, 29/24 Tanner St, 3121",-37.8233486,144.9912953
"Hawthorn East, 4/524 Tooronga Rd, 3123",-37.83183,145.048019
"Mitcham, 2/4 Coppin Cl, 3132",-37.8197784,145.1973777
"Bentleigh East, 27 Lancaster St, 3165",-37.9106282,145.0548273
"Caulfield East, 36 Derby Cr, 3145",-37.8843477,145.044791
"Bentleigh East, 79 Latham St, 3165",-37.9140601,145.0745545
"Lower Plenty, 3/8 Longs Rd, 3093",-37.723612,145.112054
"Glen Iris, 7 Golden Qd, 3146",-37.8514105,145.0799322
"Strathmore, 2/49 Dublin Av, 3041",-37.736842,144.906256
"Oakleigh South, 72A Axford Cr, 3167",-37.929689,145.082578
"Toorak, 9 Devorgilla Av, 3142",-37.8492048,145.0202208
"Gardenvale, 4/2 Lucy St, 3185",-37.8971922,145.006675
"Gardenvale, 5/177 North Rd, 3185",-37.8999288,145.0092819
"Deer Park, 34 Laming Rd, 3023",-37.7582077,144.7705938
"St Kilda, 3/109 Wellington St, 3182",-37.8570682,144.9896394
"Fitzroy North, 22 Laura Pl, 3068",-37.7913624,144.9768836
"Melbourne, 702/598 St Kilda Rd, 3000",-37.8501484,144.9798029
"Thornbury, 6/85 St David St, 3071",-37.760964,145.0054692
"Reservoir, 2/6 Eisenhower St, 3073",-37.7312658,145.0276568
"Glenroy, 3/52 Maude Av, 3046",-37.702145,144.9361114
"Ivanhoe, 8/84 Marshall St, 3079",-37.7703141,145.0471843
"Reservoir, 26 Churchill Av, 3073",-37.6929515,144.9774545
"Blackburn North, 23 Fithie St, 3130",-37.8025986,145.1566498
"Templestowe Lower, 45 Chalon Av, 3107",-37.7684284,145.1270273
"Kensington, 5/8 Mawbey St, 3031",-37.7902211,144.9233633
"Elsternwick, 707/18 McCombie St, 3185",-37.8837916,144.9985704
"Chelsea, 3/52 Glenola Rd, 3196",-38.0553519,145.125071
"Spotswood, 28 George St, 3015",-37.8278495,144.8828497
"Prahran, 4/36 Grandview Gr, 3181",-37.8499844,145.0084643
"Ringwood East, 4/27 Railway Av, 3135",-37.8148088,145.2424382
"Sunshine North, 6 Hassett St, 3020",-37.7703104,144.8309648
"Brunswick East, 616/22 Barkly St, 3057",-37.7780107,144.9764397
"Port Melbourne, 223/70 Nott St, 3207",-37.8403865,144.9391183
"Murrumbeena, 8/178 Murrumbeena Rd, 3163",-37.8969333,145.0653767
"Coburg, 3/23 Baxter St, 3058",-37.7463445,144.9634761
"Strathmore, 23a Mascoma St, 3041",-37.7277744,144.9198649
"Clifton Hill, 4/200 Noone St, 3068",-37.7941544,144.9994622
"Point Cook, 5 Aruba Av, 3030",-37.9103083,144.7418979
"South Morang, 33 Nighthawk Bvd, 3752",-37.6380912,145.0896311
"St Kilda, 3/239 Canterbury Rd, 3182",-37.8595872,144.9766084
"Reservoir, 2/29 Northernhay St, 3073",-37.7251318,145.0115709
"North Melbourne, 2/35 Little Baillie St, 3051",-37.8009624,144.9471956
"Brunswick West, 8/82 Hopetoun Av, 3055",-37.7520122,144.9336071
"Yarraville, 5 Eirene St, 3013",-37.8185502,144.8805827
"Kew, 7 Rimington Av, 3101",-37.8070152,145.0594791
"Carrum, 2/9 Graham Rd, 3197",-38.0746253,145.1310562
"Hawthorn, 73/8 Wallen Rd, 3122",-37.827114,145.024284
"Reservoir, 39 Taylor Av, 3073",-37.7217063,144.9988644
"Windsor, 9/28 Lewisham Rd, 3181",-37.8561606,144.9992535
"Moonee Ponds, 6/8 Scotia St, 3039",-37.7696431,144.9055841
"Preston, 8/226 Gower St, 3072",-37.7408384,145.0092445
"Carnegie, 9/13 Maroona Rd, 3163",-37.8891072,145.048131
"Thomastown, 3 Lesile St, 3074",-37.6822971,145.0375429
"Glen Iris, 9/249 Burke Rd, 3146",-37.8557491,145.0517999
"Murrumbeena, 3/44 Omama Rd, 3163",-37.8898066,145.0738896
"Balwyn North, 27 Landen Av, 3104",-37.7993949,145.1035877
"Hawthorn East, 6/799 Burwood Rd, 3123",-37.8245328,145.0526759
"Glen Waverley, 22 Stableford Av, 3150",-37.8853447,145.1490086
"Canterbury, 2A Gwenda Av, 3126",-37.8222762,145.069476
"Hawthorn, 6/14 Liddiard St, 3122",-37.8191076,145.0374799
"Mont Albert, 3/2 Barloa Rd, 3127",-37.8148532,145.1025421
"Nunawading, 3/1 Crest Gr, 3131",-37.8109786,145.1830464
"Diamond Creek, 2/38 Haley St, 3089",-37.6763579,145.1588531
"West Footscray, 9/21 Hampton Pde, 3012",-37.8067456,144.8677876
"Glenroy, 2/9 McDonald Pl, 3046",-37.70189,144.908945
"Preston, 7 Larne Gr, 3072",-37.751841,145.0051965
"Brunswick, 30/108 Union St, 3056",-37.7731969,144.9537359
"Alphington, 2 Geneva Rd, 3078",-37.7844114,145.0346771
"Reservoir, 2A Kyneton Av, 3073",-37.7188697,145.0234946
"Parkdale, 4/17 Bay St, 3195",-38.0025978,145.0813199
"Armadale, 9/42 Wattletree Rd, 3143",-37.8612939,145.01879
"Clayton, 4/27 Robinson St, 3168",-37.9191414,145.1117079
"Fawkner, 2/40 Edward St, 3060",-37.7076452,144.9651698
"Brooklyn, 26 Nolan Av, 3012",-37.8217084,144.8460563
"Surrey Hills, 4/314 Canterbury Rd, 3127",-37.8258556,145.0924445
"Boronia, 2/6 Freedman Av, 3155",-37.8514244,145.2825386
"Kew, 54 First Av, 3101",-37.8018507,145.0610957
"Reservoir, 3 Allenby Av, 3073",-37.7051132,145.0084353
"Newport, 4/101 Blackshaws Rd, 3015",-37.8345287,144.8745311
"Balwyn, 7/7 Kireep Rd, 3103",-37.8124413,145.0886813
"Prahran, 5/5 Lewisham Rd, 3181",-37.8577838,144.9986376
"Essendon, 43a Deakin St, 3040",-37.7499021,144.8912007
"Mont Albert, 5 Kingsley Cr, 3127",-37.8160321,145.1118142
"Hawthorn, 302/157 Burwood Rd, 3122",-37.8211958,145.0282804
"Attwood, 91 Stonebridge Wy, 3049",-37.6701832,144.8947493
"Abbotsford, 505/88 Trenerry Cr, 3067",-37.7979172,144.9981895
"Reservoir, 3/38 Miranda Rd, 3073",-37.7069311,145.0229666
"Ivanhoe East, 23 Hilltop Cr, 3079",-37.7699893,145.0554288
"Beaumaris, 9a Lilian Ct, 3193",-37.9759058,145.0520351
"Gisborne, 4/7 Francis Cr, 3437",-37.5019576,144.5958496
"Springvale, 3/85 Regent Av, 3171",-37.9557489,145.1432203
"Toorak, 4/22 Tintern Av, 3142",-37.8420343,145.0058741
"Hawthorn, 5/136 Church St, 3122",-37.8185021,145.0178377
"Edithvale, 6/237 Station St, 3196",-38.0396917,145.1104128
"Reservoir, 3/61 Marchant Av, 3073",-37.7131033,145.0148717
"Doncaster, 3/20 Queens Av, 3108",-37.7881918,145.1354067
"South Yarra, 7/10 Darling St, 3141",-37.8379517,144.9917036
"Northcote, 8/6 McCracken Av, 3070",-37.7697667,144.9921236
"Sandringham, 3/65 Royal Av, 3191",-37.9584821,145.0180486
"Brunswick East, 4/111 Victoria St, 3057",-37.7679828,144.9741694
"Northcote, 8b Bower St, 3070",-37.781702,145.0087892
"Rowville, 8/1084 Stud Rd, 3178",-37.9184739,145.2344479
"Malvern East, 7 Karma Av, 3145",-37.8835841,145.0644812
"Canterbury, 2/6 Daphne St, 3126",-37.8226439,145.0776043
"Glen Iris, 8/24 Edgar St, 3146",-37.8558438,145.0455131
"Thornbury, 5/123 Shaftesbury Pde, 3071",-37.7595303,144.9901506
"Port Melbourne, 222 Esplanade Pl, 3207",-37.8358266,144.9473664
"Bundoora, 6/42 Ormond Bvd, 3083",-37.680801,145.0740949
"Box Hill, 2/6 Simpsons Rd, 3128",-37.8181155,145.1340383
"Croydon North, 2A Primrose Rd, 3136",-37.7751122,145.2920391
"Moonee Ponds, 26 Milverton St, 3039",-37.7666816,144.9154178
"Southbank, 3/106 Southbank Bvd, 3006",-37.8234771,144.9655478
"Carlton, 5/110 Keppel St, 3053",-37.7940228,144.9656821
"Brighton, 6/58 Nepean Hwy, 3186",-37.8884755,145.0000471
"Glenroy, 44 Paget Av, 3046",-37.7023133,144.9251667
"Mill Park, 34 Coventry Cr, 3082",-37.6769708,145.0692069
"Balwyn North, 3/1 Highbury St, 3104",-37.793581,145.073538
"Chadstone, 22 Jacana St, 3148",-37.8841998,145.1022573
"Bentleigh East, 2/48 Abbin Av, 3165",-37.932323,145.0551956
"St Kilda, 38/10 Acland St, 3182",-37.8629408,144.9747209
"Brunswick, 301/1 Dods St, 3056",-37.7730257,144.9624476
"Forest Hill, 7/265 Canterbury Rd, 3131",-37.8340725,145.1685586
"Pakenham, 5 Kara Ct, 3810",-38.0638059,145.499891
"Kew East, 28 Coleman Av, 3102",-37.792975,145.0450214
"MacLeod, 6/82 Dunvegan Cr, 3085",-37.7171088,145.0701845
"Hawthorn, 24/563 Glenferrie Rd, 3122",-37.8269529,145.034289
"Burwood, 3/16 Wridgway Av, 3125",-37.852544,145.1203939
"Hillside, 51 Landscape Dr, 3037",-37.6833846,144.7339478
"Maribyrnong, 2/38 Bloomfield Av, 3032",-37.7694984,144.8889733
"Flemington, 58/2 Newmarket Wy, 3031",-37.7858766,144.9280496
"Avondale Heights, 7 Arvern Av, 3034",-37.76521,144.8672129
"Hampton, 8/21 Alicia St, 3188",-37.9432628,145.0042286
"Kew, 5/75 Alfred St, 3101",-37.8107648,145.054458
"Sunshine West, 6 Daley St, 3020",-37.7853607,144.807524
"Melbourne, 98/33 La Trobe St, 3000",-37.8079019,144.9703422
"Brighton East, 3 Beenak Av, 3187",-37.9203089,145.016831
"Reservoir, 3/3 Erskine Av, 3073",-37.724147,145.025171
"Richmond, 3/26 Gordon St, 3121",-37.8311381,144.9961654
"Glen Waverley, 38 Margate Cr, 3150",-37.8905821,145.1495299
"Caulfield, 40 Snowdon Av, 3162",-37.8842032,145.0263647
"Port Melbourne, 31/6 Graham St, 3207",-37.8422364,144.9447217
"Reservoir, 5 Glasgow Av, 3073",-37.7079185,145.0080004
"Greensborough, 3 Kanowindra Cr, 3088",-37.7179161,145.0969027
"Hillside, 61 Landscape Dr, 3037",-37.6832961,144.7329798
"Mont Albert, 2/394 Mont Albert Rd, 3127",-37.821922,145.1097436
"Ringwood, 353 Maroondah Hwy, 3134",-37.8073769,145.2412797
"Windsor, 4/15 Wrexham Rd, 3181",-37.8564705,145.0010278
"Clifton Hill, 4/165 Noone St, 3068",-37.7944193,144.9994541
"Ivanhoe, 5/297 Upper Heidelberg Rd, 3079",-37.7640118,145.0468969
"Olinda, 30 Monash Av, 3788",-37.8533168,145.3640323
"Roxburgh Park, 7 Ormond Ri, 3064",-37.6191629,144.9278395
"Kensington, 2 Peppercorn Wk, 3031",-37.7920668,144.9228869
"St Kilda, 8/6 Charlotte Pl, 3182",-37.8581659,144.9908953
"Balwyn, 2/537 Whitehorse Rd, 3103",-37.8140015,145.0926174
"Altona North, 63a First Av, 3025",-37.8362701,144.8542576
"West Footscray, 2/604 Barkly St, 3012",-37.7966967,144.8752529
"Bentleigh East, 30b Chesterville Dr, 3165",-37.9237759,145.0656287
"Glen Iris, 3/8 Dickens St, 3146",-37.8484422,145.0694925
"Thornbury, 2/291 Rathmines St, 3071",-37.7640754,145.0188608
"Melbourne, 431/539 St Kilda Rd, 3000",-37.8452418,144.9796418
"Port Melbourne, 307/1 Danks St, 3207",-37.8435846,144.9440303
"Fitzroy, 5/416 Gore St, 3065",-37.7966917,144.9836383
"Prahran, 2/25 Wynnstay Rd, 3181",-37.8526808,145.0110449
"MacLeod, 69 Yallambie Rd, 3085",-37.7199592,145.0875492
"Doncaster, 26 Brendan Av, 3108",-37.7802378,145.1203495
"Altona, 2/6 Galvin St, 3018",-37.8629046,144.8112082
"Reservoir, 2/7 Kyneton Av, 3073",-37.7175396,145.0252801
"Bentleigh, 2d Werona St, 3204",-37.9310144,145.0376642
"Hoppers Crossing, 4 Banksia Cr, 3029",-37.8604807,144.6839779
"Balwyn, 8a Madang Av, 3103",-37.8087444,145.1022117
"Edithvale, 2/29 Vincent St, 3196",-38.0412865,145.1127044
"Altona North, 80A Hansen St, 3025",-37.8340004,144.8656831
"Reservoir, 3/4 Pratt St, 3073",-37.7105037,145.0106789
"Albion, 63 Derrimut St, 3020",-37.7800665,144.8170355
"Balwyn North, 5 Jocelyn Av, 3104",-37.7936779,145.1072359
"Murrumbeena, 6 Thomson Av, 3163",-37.8966745,145.0666704
"Caulfield North, 22/3 Wilks St, 3161",-37.8628631,145.0143747
"Airport West, 92 McNamara Av, 3042",-37.7205974,144.8826628
"Armadale, 6/22 Derby St, 3143",-37.8508558,145.0202629
"Bentleigh East, 24 Pasadena Cr, 3165",-37.9312026,145.0724723
"St Kilda, 3/46 Greeves St, 3182",-37.8665208,144.9832739
"Bentleigh, 2/66 Jasper Rd, 3204",-37.9276064,145.0402562
"Kew, 24 Marshall Av, 3101",-37.8061595,145.0473439
"Port Melbourne, 5/19 Boundary St, 3207",-37.8334021,144.9488145
"Malvern East, 5 Sydare Av, 3145",-37.8817028,145.073911
"Oak Park, 5/154 Waterloo Rd, 3046",-37.7200389,144.9230507
"Chelsea, 3/76 Swan Wk, 3196",-38.0478012,145.123484
"Reservoir, 25 Evans Cr, 3073",-37.7147509,145.0214684
"Bentleigh East, 2a Rae St, 3165",-37.9355608,145.0694068
"Essendon, 31 Amelia Av, 3040",-37.7447246,144.9248839
"Carnegie, 3/7 Maroona Rd, 3163",-37.8884818,145.0480719
"Northcote, 7/162 Westgarth St, 3070",-37.7828098,145.0096499
"Mont Albert, 71 Victoria Cr, 3127",-37.8134408,145.1086777
"Mount Waverley, 380 Waverley Rd, 3149",-37.8850355,145.1282503
"Bentleigh East, 69b Latham St, 3165",-37.9139796,145.0739013
"Templestowe, 7 Larnaca Ct, 3106",-37.7700743,145.1571929
"Essendon North, 3/8 Ronald St, 3041",-37.7365981,144.8959415
"Ivanhoe, 8 Mervyn Cr, 3079",-37.7746409,145.0480735
"Strathmore, 40 Windsor Av, 3041",-37.7377937,144.9070691
"Kensington, 703/70 Speakmen St, 3031",-37.7939637,144.9159974
"Thornbury, 7/33 Pender St, 3071",-37.7536944,145.0045048
"Bentleigh, 43a McArthur St, 3204",-37.9259721,145.0321875
"Burwood, 37 Fulton Cr, 3125",-37.8479994,145.1317512
"Kew, 5/54 Studley Park Rd, 3101",-37.8065496,145.0211185
"Brunswick West, 8/3 Guthrie St, 3055",-37.7743899,144.9426866
"Cheltenham, 4/7 Weymar St, 3192",-37.9618308,145.0605619
"Balwyn North, 8 Harrington Av, 3104",-37.7931615,145.0933249
"Preston, 7/4 Austral Av, 3072",-37.7481211,144.9931101
"Carnegie, 3/258 Koornang Rd, 3163",-37.8956761,145.0560433
"Altona North, 2/28 Irwin Av, 3025",-37.8282897,144.8431103
"Frankston, 4/2 Kelman St, 3199",-38.146537,145.140084
"Essendon, 7/94 Primrose St, 3040",-37.7553888,144.9282959
"Derrimut, 7 Rothesay Av, 3030",-37.790354,144.7568757
"Bulleen, 8a Kenneth St, 3105",-37.7764165,145.0948234
"Essendon, 26 Flower St, 3040",-37.754857,144.914798
"Doncaster East, 3/37 Greendale Rd, 3109",-37.7971406,145.1653627
"South Yarra, 4 Victoria Tce, 3141",-37.8360587,144.9981015
"Mitcham, 2/8 Coppin Cl, 3132",-37.8201807,145.1973369
"Fitzroy, 304/300 Young St, 3065",-37.7974169,144.9799056
"Essendon, 51a Waverley St, 3040",-37.7601032,144.9069526
"Malvern East, 34 Ferncroft Av, 3145",-37.8694067,145.0569106
"Balwyn North, 9 Sunburst Av, 3104",-37.792244,145.075032
"Thornbury, 58 Pender St, 3071",-37.7545359,145.0096437
"Oak Park, 2/35 Cartwright St, 3046",-37.7136639,144.9180012
"Brighton East, 6/101 Centre Rd, 3187",-37.9155953,145.0191902
"Sunshine, 3/2 Alexandra Av, 3020",-37.784938,144.837377
"Gisborne, 6 Morand St, 3437",-37.5081609,144.603765
"Beaumaris, 9A Ozone Av, 3193",-37.9772238,145.0410649
"Sunshine West, 27 Diosma Av, 3020",-37.7984136,144.7919198
"Williamstown, 8 Pope Pl, 3016",-37.8652697,144.9064567
"Richmond, 435 Punt Rd, 3121",-37.8274672,144.9885759
"Ashwood, 2/2 Heather Av, 3147",-37.8710309,145.1095475
"Glenroy, 7 Isla Av, 3046",-37.7055674,144.9309882
"Elsternwick, 6 Aileen Rd, 3185",-37.8935049,145.0158816
"Gardenvale, 3 Lantana Rd, 3185",-37.8996825,145.0107536
"Pascoe Vale, 3/2 Colorado St, 3044",-37.7193459,144.9301914
"Bentleigh East, 2/95 Victor Rd, 3165",-37.9253818,145.0786538
"Braybrook, 32 Hargreaves Cr, 3019",-37.7848695,144.8598044
"Clifton Hill, 4/184 Noone St, 3068",-37.7940311,144.9989546
"Cheltenham, 79 Latrobe St, 3192",-37.9742882,145.0634595
"Keilor East, 2/43 Quinn Gr, 3033",-37.7463258,144.8672369
"Travancore, 4/53 Flemington St, 3032",-37.7819568,144.934296
"Kensington, 4/63 Eastwood St, 3031",-37.791008,144.930361
"Reservoir, 8 Allenby Av, 3073",-37.7045182,145.0084971
"Melbourne, 37/453 St Kilda Rd, 3000",-37.8401683,144.9774488
"Elwood, 5/145 Glen Huntly Rd, 3184",-37.8830342,144.9916107
"Pascoe Vale, 3/60 Austin Cr, 3044",-37.7240607,144.9311896
"Carlton, 5/3 Lytton St, 3053",-37.7940896,144.9678139
"Reservoir, 3/19 Tambo Av, 3073",-37.7217333,145.017971
"Northcote, 4/1 Lorna Av, 3070",-37.770387,145.0124682
"Glen Waverley, 2/48 Fairhills Pde, 3150",-37.8774426,145.1712623
"Carnegie, 33 Moira Av, 3163",-37.8973525,145.0507579
"Ashburton, 46 Warner Av, 3147",-37.8692928,145.0854269
"Brunswick, 5/27 Mitchell St, 3056",-37.7586954,144.9665136
"Port Melbourne, 5/33 Johnston St, 3207",-37.8438366,144.9430244
"Glenroy, 80 Isla Av, 3046",-37.6995114,144.9326867
"Sunshine, 8 Lorenz St, 3020",-37.7809414,144.839377
"Boronia, 2/24 Springfield Rd, 3155",-37.8671401,145.2765398
"Heidelberg Heights, 3/26 Lawson Pde, 3081",-37.741703,145.054689
"Langwarrin, 3/9 Margaret St, 3910",-38.1553473,145.1871228
"Kew, 7 Wimba Av, 3101",-37.8078766,145.0503197
"Mernda, 28 Callaway Cr, 3754",-37.5989435,145.0850235
"Sunbury, 38 Felton Av, 3429",-37.5744355,144.7012688
"Epping, 3 Dryandra Av, 3076",-37.6473195,145.0419712
"Collingwood, 27/120 Cambridge St, 3066",-37.8046266,144.9857662
"Balwyn North, 2 Jocelyn Av, 3104",-37.7940679,145.107281
"South Yarra, 4/267 Williams Rd, 3141",-37.8415296,145.0042996
"Keilor East, 85 David Av, 3033",-37.7413697,144.867084
"Brighton East, 51A Clonaig St, 3187",-37.9013944,145.0105422
"Ormond, 5/50 Glen Orme Av, 3204",-37.9065871,145.038779
"Clifton Hill, 3/268 Alexandra Pde E, 3068",-37.7949466,145.0001046
"South Yarra, 4/23 Avoca St, 3141",-37.837583,144.9890904
"Blackburn, 31A Sheehans Rd, 3130",-37.8299718,145.144406
"Richmond, 401/3 Kennedy Av, 3121",-37.8240437,145.0103592
"Kew, 2A Madden Gr, 3101",-37.8082599,145.0192717
"Croydon, 7/416 Dorset Rd, 3136",-37.8093291,145.2872152
"Strathmore, 31A First Av, 3041",-37.7349674,144.9080137
"Prahran, 38 Earl St, 3181",-37.8536869,144.9949299
"Richmond, 711/8 Howard St, 3121",-37.8330476,144.9975073
"Melbourne, 330/67 Spencer St, 3000",-37.8200467,144.9542913
"Glen Iris, 3/21 Osborne Av, 3146",-37.8561815,145.0462918
"St Albans, 3/22 Fox St, 3021",-37.7329401,144.8096769
"Doncaster, 3/8 Persimmon Ct, 3108",-37.7846545,145.1400619
"St Kilda, 5 Lambeth Pl, 3182",-37.861698,144.9875858
"Caulfield South, 6/305 Hawthorn Rd, 3162",-37.8823657,145.0230659
"Templestowe Lower, 34 Linton Av, 3107",-37.7642282,145.1229553
"Bentleigh East, 6/55 Moylan St, 3165",-37.9083491,145.053719
"Werribee, 4/3 Doolan St, 3030",-37.9119816,144.6548985
"Sunbury, 6 Canterbury Av, 3429",-37.5590903,144.7110609
"St Albans, 3/14 Disraeli St, 3021",-37.7445442,144.7854358
"Glen Iris, 51 Ranfurlie Cr, 3146",-37.8617558,145.0567549
"Brunswick, 6/66 De Carle St, 3056",-37.7598261,144.9654661
"Hawthorn, 3/561 Glenferrie Rd, 3122",-37.8272092,145.0342127
"Strathmore, 3/40 Glenbervie Rd, 3041",-37.7397514,144.9162367
"Strathmore, 44b Woodland St, 3041",-37.7434978,144.9300266
"Airport West, 81a Roberts Rd, 3042",-37.7256271,144.8742283
"Darley, 3 Daly Ct, 3340",-37.6590525,144.4333162
"Brunswick West, 23/80 Hopetoun Av, 3055",-37.751999,144.9336131
"Maribyrnong, 46 Magazine Wy, 3032",-37.7846699,144.8981015
"Rosanna, 44 Bellevue Av, 3084",-37.7397188,145.0643457
"West Footscray, 5/632 Barkly St, 3012",-37.7963152,144.8731296
"Box Hill, 23 Merton St, 3128",-37.8252176,145.1271727
"Reservoir, 2/45 St Vigeons Rd, 3073",-37.7070834,145.0263367
"Braybrook, 2/24 Hancock Cr, 3019",-37.7818304,144.8583377
"Balwyn North, 4 Lawson St, 3104",-37.8008799,145.0681727
"Carnegie, 3/52 Coorigil Rd, 3163",-37.8955142,145.0607321
"Heidelberg West, 38 Coomalie Cr, 3081",-37.7470812,145.0441882
"Doncaster, 3/37 Queens Av, 3108",-37.7871959,145.1357738
"Edithvale, 3/223 Nepean Hwy, 3196",-38.0358336,145.1064244
"Bentleigh East, 29A Dromana Av, 3165",-37.9087082,145.0667166
"Camberwell, 2/3 Lodge Rd, 3124",-37.8463969,145.0778317
"Brighton East, 57a Baird St, 3187",-37.9251159,145.0118703
"Hampton East, 5/1 King St, 3188",-37.933498,145.0312449
"Elwood, 2/33 Tennyson St, 3184",-37.8756616,144.9880959
"Airport West, 66 Bowes Av, 3042",-37.7287206,144.8854785
"Hughesdale, 35 Dallas Av, 3166",-37.9048431,145.0819215
"Moonee Ponds, 53 Pattison St, 3039",-37.7689957,144.9357001
"Bentleigh, 6 Gwendoline Av, 3204",-37.9161852,145.0264314
"Brunswick, 45a Garnet St, 3056",-37.7570101,144.9531813
"Essendon, 3/61 Deakin St, 3040",-37.747543,144.891283
"Kensington, 51 Lambeth St, 3031",-37.7906693,144.934404
"Hawthorn East, 8/456 Barkers Rd, 3123",-37.8165237,145.0509366
"Yarraville, 3/1 Jepson St, 3013",-37.8128366,144.8710621
"Brunswick, 70 Gold St, 3056",-37.7741647,144.95686
"Kew, 6 Moonbria Av, 3101",-37.8072801,145.0569092
"Deer Park, 3 Deauville La, 3023",-37.7808669,144.7708513
"Maidstone, 31/46 Eucalyptus Dr, 3012",-37.7794966,144.8728756
"Glenroy, 23 Palana St, 3046",-37.7092921,144.9059297
"Craigieburn, 222 Windrock Av, 3064",-37.5859058,144.9176249
"Ringwood North, 28 Adolphson Av, 3134",-37.7998712,145.2230862
"Coburg, 2/56 The Avenue, 3058",-37.7528751,144.9682022
"Middle Park, 75 Mills St, 3206",-37.8471142,144.9580202
"East Melbourne, 5/173 George St, 3002",-37.8153228,144.98464
"East Melbourne, 8/22 Agnes St, 3002",-37.8177229,144.9801051
"Surrey Hills, 3b Langford St, 3127",-37.8153899,145.096498
"Northcote, 8/52 Gadd St, 3070",-37.7624333,144.9913972
"Parkdale, 2/9 Davey St, 3195",-37.9979898,145.0871658
"Glen Iris, 8/1452 Malvern Rd, 3146",-37.8537395,145.0450204
"Elsternwick, 3/378 Glen Huntly Rd, 3185",-37.8849258,145.0045422
"Clayton South, 3/24 Byron St, 3169",-37.9361844,145.1212377
"Keilor East, 5 Noga Av, 3033",-37.7434669,144.8790314
"Heidelberg Heights, 29 Skeggs Cr, 3081",-37.7452998,145.049303
"Mordialloc, 33 Kershaw St, 3195",-37.9982218,145.0927536
"Camberwell, 7 Allambee Av, 3124",-37.8346131,145.0737723
"Lilydale, 30 Lakeview Dr, 3140",-37.774977,145.3568555
"Hampton, 5 Lawson St, 3188",-37.9330374,145.0208371
"Doncaster, 27 Fairway Rd, 3108",-37.7829975,145.1123047
"Bentleigh East, 2a Bellevue Rd, 3165",-37.9306677,145.0576958
"Bentleigh, 29a Luckins Rd, 3204",-37.9316593,145.0465893
"Carnegie, 5 Tranmere Av, 3163",-37.8881523,145.0616836
"Pascoe Vale, 3/64 Park St, 3044",-37.723231,144.9238788
"Wantirna, 2/3 Cassia Ct, 3152",-37.8415001,145.2214121
"Glen Iris, 4/8 Osborne Av, 3146",-37.857595,145.046758
"Airport West, 22a Walters Av, 3042",-37.7328033,144.8862092
"Tullamarine, 2/32 Banksia Gr, 3043",-37.705081,144.881658
"Niddrie, 5B Shaw St, 3042",-37.7407168,144.8906539
"Hawthorn, 4/178 Auburn Rd, 3122",-37.8247738,145.0443861
"Elwood, 5/34 Pine Av, 3184",-37.8881277,144.9872361
"Hampton, 2A Roydon St, 3188",-37.9351787,145.0248578
"Strathmore Heights, 353a Mascoma St, 3041",-37.7146018,144.8966822
"Richmond, 9/408 Victoria St, 3121",-37.811153,145.0056455
"Surrey Hills, 4/18 Alexandra Cr, 3127",-37.8248565,145.0993164
"Caulfield South, 344 Kooyong Rd, 3162",-37.8879371,145.0148768
"Mitcham, 22 Churinga Av, 3132",-37.8299561,145.2059533
"Brooklyn, 2/83 Cypress Av, 3012",-37.8202606,144.8418259
"MacLeod, 56 Torbay St, 3085",-37.7214321,145.0760925
"Altona North, 2/62 Clematis Av, 3025",-37.8260435,144.8514663
"Airport West, 44 Laurence Av, 3042",-37.7281279,144.8757829
"Abbotsford, 67B Park St, 3067",-37.8065952,144.9942219
"Oakleigh South, 5 Windsor Av, 3167",-37.9120016,145.0984807
"Kew, 27 Studley Av, 3101",-37.803995,145.0244058
"Richmond, 8/12 Howard St, 3121",-37.8330608,144.9976369
"Niddrie, 9 Willowtree Cr, 3042",-37.7405878,144.882548
"South Yarra, 2/37 Rockley Rd, 3141",-37.8357437,145.0000316
"Yarraville, 244 Williamstown Rd, 3013",-37.8142367,144.8829426
"Glenroy, 55 Paget Av, 3046",-37.7013942,144.9248143
"Elwood, 2/37 Tennyson St, 3184",-37.8760339,144.9881646
"Doncaster, 2/8 Fairway Rd, 3108",-37.7834314,145.1101245
"Armadale, 5/8 Sutherland Rd, 3143",-37.8603527,145.0169175
"Alphington, 32/23 Coate Av, 3078",-37.783495,145.025223
"Deer Park, 47 Davitt Dr, 3023",-37.760808,144.763196
"Bentleigh, 2/511 South Rd, 3204",-37.9332866,145.0410663
"Kew East, 6 Tanner Av, 3102",-37.7948286,145.0387287
"Preston, 223/388 Murray Rd, 3072",-37.7370958,144.9991598
"Hadfield, 25 Larlac St, 3046",-37.7029458,144.9423961
"Balwyn, 6/11 Yarrbat Av, 3103",-37.8087424,145.0837692
"Pascoe Vale, 7/59 Austin Cr, 3044",-37.7240046,144.9304186
"Thornbury, 388a Station St, 3071",-37.7602827,145.0210392
"MacLeod, 83 Torbay St, 3085",-37.7203984,145.0771098
"Carnegie, 22 Seymour Av, 3163",-37.8873471,145.0502294
"Ormond, 6 Dunlop Av, 3204",-37.9062154,145.0430012
"Maidstone, 2/98 Ashley St, 3012",-37.788495,144.8645368
"Melbourne, 45/431 St Kilda Rd, 3000",-37.8384414,144.9771288
"Maidstone, 2/34 Scovell Cr, 3012",-37.7829665,144.8783362
"Frankston, 3 Cricklewood Av, 3199",-38.1361761,145.1302872
"South Yarra, 33/3 Rockley Rd, 3141",-37.8387324,144.9994182
"North Melbourne, 304/394 Victoria St, 3051",-37.8053184,144.9529491
"Kingsbury, 2/34 Highland St, 3083",-37.7162928,145.0381789
"Blackburn, 24 Lake Rd, 3130",-37.8260093,145.1585218
"Bentleigh East, 23b Moylan St, 3165",-37.9107437,145.0536302
"Doreen, 50 Warrawong Cct, 3754",-37.5827281,145.1331471
"Camberwell, 236 Highfield Rd, 3124",-37.8465729,145.0829008
"Eltham, 3/33 Luck St, 3095",-37.7124242,145.1528582
"Hawthorn, 7/30 Elm St, 3122",-37.8133548,145.0195499
"St Kilda, 3 Steele Av, 3182",-37.8634536,144.989006
"Essendon, 2/58 Richardson St, 3040",-37.7490548,144.9119905
"Balwyn North, 45 Riverside Av, 3104",-37.7891474,145.0713712
"Hawthorn, 2/4 Grattan St, 3122",-37.8177979,145.0170192
"Port Melbourne, 702/142 Rouse St, 3207",-37.8421644,144.9399742
"Montmorency, 2/54 Kelvin Av, 3094",-37.7140699,145.1200659
"Hawthorn East, 2/37 Clifton Rd, 3123",-37.8436505,145.0530486
"Footscray, 8/4 Empire St, 3011",-37.7905278,144.8913499
"Preston, 3/90 Wood St, 3072",-37.7353192,145.0253432
"Melbourne, 401/340 Russell St, 3000",-37.8081995,144.966189
"Seaford, 2/76 Nepean Hwy, 3198",-38.0958153,145.126118
"Chadstone, 30 Stapley Cr, 3148",-37.8898307,145.0967806
"Wyndham Vale, 50 Eureka Dr, 3024",-37.8716438,144.6045904
"Ripponlea, 4/110 Brighton Rd, 3185",-37.8788948,144.9943859
"Malvern East, 4/17 Moama Rd, 3145",-37.8779666,145.0501099
"Viewbank, 5/326 Lower Plenty Rd, 3084",-37.734918,145.0803429
"Ringwood, 5/4 Nelson St, 3134",-37.8111122,145.2264217
"Preston, 3/108 Plenty Rd, 3072",-37.7493429,145.0039057
"Burwood, 46 Montpellier Rd, 3125",-37.8586278,145.1078225
"MacLeod, 2/88 Torbay St, 3085",-37.719781,145.079914
"Hawthorn East, 4/456 Barkers Rd, 3123",-37.8165237,145.0509366
"Noble Park, 6 Kilworth Ct, 3174",-37.9790881,145.1826484
"Kew, 40 Studley Av, 3101",-37.802048,145.0257189
"Balaclava, 8/109 Hotham St, 3183",-37.8707761,144.9989923
"Pascoe Vale, 3/34 Austin Cr, 3044",-37.7261042,144.9308604
"Mickleham, 55 Turion Dr, 3064",-37.571864,144.8899918
"Surrey Hills, 9A Langford St, 3127",-37.8159737,145.0965967
"Brunswick, 3/10 Charles St, 3056",-37.7735161,144.9638193
"Thornbury, 4/37 Woolton Av, 3071",-37.7611589,144.9959992
"Pascoe Vale, 8 Karadoc Av, 3044",-37.7190839,144.9467864
"Toorak, 7/698 Orrong Rd, 3142",-37.8430328,145.0137789
"Hawthorn, 7/3 Harrison Cr, 3122",-37.8127408,145.0162269
"Elwood, 2/5 Southey Ct, 3184",-37.8757958,144.9873635
"Williamstown North, 53 Park Cr, 3016",-37.8560538,144.8805787
"Reservoir, 5 Broadhurst Av, 3073",-37.7089216,145.007752
"Tullamarine, 3/22 Banksia Gr, 3043",-37.7063683,144.8828929
"Knoxfield, 3/47 King Pde, 3180",-37.8878407,145.2555574
"Glen Iris, 3/1614 High St, 3146",-37.8602788,145.0578456
"Sunbury, 2/74 Pasley St, 3429",-37.5819477,144.7221287
"Hawthorn, 3/2 Henrietta St, 3122",-37.827859,145.0347352
"Croydon, 32A Pascoe Av, 3136",-37.7975247,145.299198
"Hampton East, 2/55 Lonsdale Av, 3188",-37.933407,145.028098
"Doncaster, 30 Braeside Dr, 3108",-37.7826323,145.1132064
"Donvale, 2/23 Sonia St, 3111",-37.7954428,145.1728115
"Airport West, 7/42 York St, 3042",-37.7261022,144.8869849
"Reservoir, 2/8 Chaleyer St, 3073",-37.7279757,145.0276719
"Hawthorn East, 29 Lawson St, 3123",-37.8439122,145.0492331
"Toorak, 7 Monomeath Av, 3142",-37.8402782,145.0307995
"Balwyn North, 3 Ventnor St, 3104",-37.7820815,145.0934706
"Newport, 4/38 Blenheim Rd, 3015",-37.8451033,144.8642836
"Caulfield South, 4/38 Alder St, 3162",-37.8891877,145.0182494
"Craigieburn, 27 Loudon Cct, 3064",-37.5657877,144.9048182
"Wollert, 6 Nundroo Cr, 3750",-37.6133567,145.0377173
"Coburg North, 5 Peterson Av, 3058",-37.7347927,144.9788278
"Glen Iris, 7/4 Karana Pl, 3146",-37.8634905,145.0597104
"Strathmore, 3 Brosnan Cr, 3041",-37.7263066,144.9200437
"Kingsville, 5/20 Bishop St, 3012",-37.8097562,144.8751308
"Prahran, 30 Airlie Av, 3181",-37.8560278,145.0078648
"Essendon, 9 Washington St, 3040",-37.7550679,144.9092751
"Port Melbourne, 58 Esplanade Pl, 3207",-37.8362817,144.9464282
"Prahran, 6/573 High St, 3181",-37.8535936,145.0074166
"Northcote, 2A Slater St, 3070",-37.7753105,145.0134546
"Northcote, 8 Hillside Av, 3070",-37.7749554,145.0145767
"Malvern, 3/395 Glenferrie Rd, 3144",-37.8478588,145.0303018
"Bonbeach, 2B Patterson St, 3196",-38.0640261,145.1209657
"Seaholme, 42a Sussex St, 3018",-37.8639393,144.8407742
"Elsternwick, 5/17 Oswald St, 3185",-37.8955757,145.0112128
"Reservoir, 44 Yarra Av, 3073",-37.7189104,145.0196887
"Brighton East, 3 Killeen Av, 3187",-37.9280543,145.0052281
"Bentleigh, 31b Fairbank Rd, 3204",-37.9328478,145.0432755
"Maidstone, 2/28 Thomson St, 3012",-37.7873441,144.8756348
"Melbourne, 404/539 St Kilda Rd, 3000",-37.8452418,144.9796418
"Yallambie, 8 Lowan Av, 3085",-37.7205475,145.1073743
"Hampton, 2/8 Grenville St, 3188",-37.9353383,144.999194
"Elwood, 7/25 Clarke St, 3184",-37.8778335,144.9864626
"Elwood, 9/130 Tennyson St, 3184",-37.8796948,144.9909049
"St Kilda, 8/2 Emilton Av, 3182",-37.8621598,144.9816702
"Oak Park, 74a Winifred St, 3046",-37.7189268,144.9135258
"Chelsea Heights, 29 Eighth Av, 3196",-38.0398278,145.134346
"Parkville, 26/248 The Avenue, 3052",-37.7812932,144.9577835
"Richmond, 54 Laity St, 3121",-37.8135762,145.0029793
"Caulfield East, 3/14 Queens Av, 3145",-37.8854336,145.0435073
"Frankston, 4/63 Frankston Flinders Rd, 3199",-38.155024,145.1349226
"Croydon North, 242A Yarra Rd, 3136",-37.7647924,145.2719373
"Rosanna, 37 Jones Cr, 3084",-37.7378931,145.0761277
"Mill Park, 53 Pindari Av, 3082",-37.6532853,145.0507564
"Campbellfield, 56 Somerset Rd, 3061",-37.6793383,144.9702194
"Clifton Hill, 73 Roseneath St, 3068",-37.7925705,144.9975154
"Brighton, 34 Middle Cr, 3186",-37.9080849,144.995367
"St Kilda, 3/38 Fitzroy St, 3182",-37.8603389,144.9758811
"Templestowe Lower, 3/246 High St, 3107",-37.7705978,145.1173317
"Oak Park, 6/4 Lex Gr, 3046",-37.7175834,144.9258556
"Toorak, 226 Williams Rd, 3142",-37.8444092,145.0041611
"Balwyn, 8 Madang Av, 3103",-37.8087814,145.1023042
"St Albans, 54 Charles St, 3021",-37.7301351,144.7975395
"MacLeod, 32 Chapman St, 3085",-37.7303338,145.0723932
"Pakenham, 7/184 Princes Hwy, 3810",-38.0670356,145.4692526
"Footscray, 838/18 Albert St, 3011",-37.8013093,144.8976768
"Newport, 9a Berty St, 3015",-37.8480895,144.8702339
"Collingwood, 802/55 Islington St, 3066",-37.8074152,144.9906706
"Chadstone, 4/28 Rae St, 3148",-37.887202,145.0948101
"Springvale, 2/28 Hope St, 3171",-37.9367793,145.1520441
"Glenroy, 3/42 Pecham St, 3046",-37.6987261,144.911931
"Thornbury, 2/25 Wilmoth St, 3071",-37.7643364,145.0158979
"Pascoe Vale, 3/210 Cumberland Rd, 3044",-37.7241058,144.9403199
"Altona North, 2 Edward Av, 3025",-37.8300061,144.8476409
"Highett, 3/18 The Crescent, 3190",-37.9476412,145.0479306
"Caulfield North, 8/688 Inkerman Rd, 3161",-37.8690595,145.0235567
"Meadow Heights, 22 Lightwood Cr, 3048",-37.6488334,144.9138088
"Ripponlea, 3/211 Hotham St, 3185",-37.8789208,144.9974098
"Bentleigh East, 69 Lancaster St, 3165",-37.9077054,145.0553391
"Doncaster East, 39A Brindy Cr, 3109",-37.7962488,145.1452269
"Greensborough, 2/4 Vermont Pde, 3088",-37.707113,145.0996785
"Richmond, 301/185 Lennox St, 3121",-37.8174023,144.9949497
"Bentleigh East, 7a Melva St, 3165",-37.9102294,145.0746121
"Reservoir, 53 Churchill Av, 3073",-37.693648,144.9798815
"Sunshine North, 86 Sandford Av, 3020",-37.7654782,144.8224914
"Cheltenham, 2/24 Centre Dandenong Rd, 3192",-37.9664952,145.0612596
"Glen Huntly, 305/1177 Glen Huntly Rd, 3163",-37.8893585,145.043134
"Port Melbourne, 23/85 Rouse St, 3207",-37.8435494,144.9414801
"Murrumbeena, 25/41 Murrumbeena Rd, 3163",-37.8882271,145.0665764
"Craigieburn, 3 Featherpark Wy, 3064",-37.5725643,144.9171627
"Glen Iris, 4/35 Carroll Cr, 3146",-37.8511499,145.0466318
"Templestowe Lower, 2/35 John St, 3107",-37.770391,145.113742
"Heidelberg Heights, 9/601 Upper Heidelberg Rd, 3081",-37.7470058,145.0578939
"Eltham, 5/1174 Main Rd, 3095",-37.7056142,145.1532124
"Williamstown, 2A Hosking St, 3016",-37.8553814,144.8942971
"Tullamarine, 5/210 Melrose Dr, 3043",-37.6976546,144.8789601
"Jacana, 53 Lorraine Cr, 3047",-37.6844742,144.9071446
"Kingsbury, 4/34 Dunne St, 3083",-37.7145491,145.0401326
"Avondale Heights, 43 Lake St, 3034",-37.7557806,144.8578328
"Essendon North, 2/40 Prince St, 3041",-37.7365924,144.8997695
"Glenroy, 7/103 Plumpton Av, 3046",-37.7060096,144.9205903
"Kooyong, 87 Talbot Cr, 3144",-37.843068,145.038182
"Rowville, 7 Law Ct, 3178",-37.9243168,145.2421826
"Glen Iris, 3/44 Osborne Av, 3146",-37.8531041,145.0474459
"Yarraville, 4/51 Castlemaine St, 3013",-37.8150883,144.8911669
"Greenvale, 51 Firth Wy, 3059",-37.6486022,144.9075749
"Brooklyn, 2/641 Geelong Rd, 3012",-37.8193954,144.8421113
"Elsternwick, 62 Elster Av, 3185",-37.895698,145.0052673
"Strathmore, 3/9 Esmale St, 3041",-37.7283593,144.914518
"Camberwell, 4/251 Highfield Rd, 3124",-37.8480132,145.0818408
"Malvern East, 2B Hedgeley Av, 3145",-37.8697955,145.0584018
"Hampton East, 3/55 Lonsdale Av, 3188",-37.9333854,145.0278863
"Bentleigh East, 24b Shrewsbury St, 3165",-37.9128565,145.0575284
"Sunshine, 5/46 Monash St, 3020",-37.78921,144.840576
"Essendon, 32a Waverley St, 3040",-37.7585306,144.906581
"Canterbury, 2E Hopetoun Av, 3126",-37.8230142,145.0766239
"Avondale Heights, 78A Canning St, 3034",-37.7697235,144.8592885
"Box Hill, 36 Landale St, 3128",-37.8284521,145.1252348
"Thornbury, 3/184 Normanby Av, 3071",-37.757395,144.983902
"Greenvale, 25 Lavinia St, 3059",-37.61684,144.8869071
"Burwood East, 2 Anthony Ct, 3151",-37.8488375,145.1547081
"Brunswick, 4/201 Barkly St, 3056",-37.7766738,144.9673649
"Bentleigh East, 48A Wingate St, 3165",-37.9357695,145.0628379
"Brighton, 2 Bridge St, 3186",-37.8913766,145.0012021
"Moonee Ponds, 803/701 Mt Alexander Rd, 3039",-37.7644654,144.9229705
"Essendon, 5/11 Spencer St, 3040",-37.7481997,144.9079728
"Epping, 6 Vilcins Views, 3076",-37.6249903,145.0178574
"Preston, 2/43 Spring St, 3072",-37.7335078,144.99972
"Roxburgh Park, 34/22 The Ridge, 3064",-37.6356555,144.9177168
"Doncaster, 22 Glenfern Av, 3108",-37.7795956,145.1062413
"Balwyn North, 31 MacEdon Av, 3104",-37.7901524,145.0741997
"Burwood, 3/5 Webb St, 3125",-37.8558305,145.1058739
"Glen Iris, 6/14 Osborne Av, 3146",-37.8570807,145.0468545
"Caulfield East, 9/5 Derby Cr, 3145",-37.8802185,145.0453043
"Plumpton, 24 Goulding Dr, 3335",-37.7001901,144.7255343
"Newport, 2/8 Laurie St, 3015",-37.8439189,144.8706161
"Preston, 35a Austral Av, 3072",-37.745899,144.993096
"Richmond, 407/163 Cremorne St, 3121",-37.8301012,144.9904481
"Mont Albert, 2/86 Victoria Cr, 3127",-37.8136801,145.1116206
"Armadale, 37 Lambeth Av, 3143",-37.857046,145.0262905
"Northcote, 8 Woolhouse St, 3070",-37.7667519,144.9877854
"Hawthorn East, 5/137 Victoria Rd, 3123",-37.8229388,145.0549447
"South Yarra, 26/12 Copelen St, 3141",-37.8355828,144.9990655
"Rosanna, 9 Kathleen St, 3084",-37.7472696,145.0722304
"Bentleigh East, 38 Gladwyn Av, 3165",-37.9211594,145.0590176
"Carnegie, 4/169 Oakleigh Rd, 3163",-37.900159,145.0625733
"Yallambie, 4 Aminya Cr, 3085",-37.7287316,145.102255
"Richmond, 3/35 Rowena Pde, 3121",-37.8204004,144.9917784
"Coburg North, 25 Ida St, 3058",-37.7287793,144.9639373
"Oakleigh East, 3/17 Alexander Av, 3166",-37.9075413,145.1189952
"Toorak, 3/43 Grange Rd, 3142",-37.8371873,145.0112653
"Highett, 7/29 Graham Rd, 3190",-37.9525006,145.0416875
"South Yarra, 3/39 Ralston St, 3141",-37.8388139,144.9870341
"Templestowe Lower, 2/334 Thompsons Rd, 3107",-37.7650072,145.1100775
"MacLeod, 32b Jacka St, 3085",-37.7263958,145.0649919
"Airport West, 37a North St, 3042",-37.7199342,144.8775328
"Mernda, 6 Burrell Wy, 3754",-37.6020149,145.0785587
"South Melbourne, 502/97 Palmerston St, 3205",-37.8361762,144.9675135
"Thornbury, 5/66 Collins St, 3071",-37.7555383,145.0070156
"Coburg, 2a Queen St, 3058",-37.7533784,144.9496957
"Preston, 2/92 Beauchamp St, 3072",-37.7370906,145.0049502
"Templestowe Lower, 73 Chalon Av, 3107",-37.7678561,145.1297804
"Melbourne, 352/299 Spring St, 3000",-37.8078989,144.9711479
"Chadstone, 2/35 Binalong Av, 3148",-37.8755481,145.1047754
"North Melbourne, 308/25 Oxford St, 3051",-37.800609,144.9542009
"Malvern, 5 Northbrook Av, 3144",-37.8562356,145.032609
"Glen Huntly, 3/1110 Glen Huntly Rd, 3163",-37.8893585,145.0403879
"Braybrook, 37 Hargreaves Cr, 3019",-37.7851195,144.8582878
"Clayton, 2/5 Madeleine Rd, 3168",-37.9145957,145.1195897
"Dallas, 47 Inverloch Cr, 3047",-37.6692497,144.9272697
"Canterbury, 3 Claremont Cr, 3126",-37.8292025,145.0790144
"Glenroy, 3/45 Isla Av, 3046",-37.7019738,144.9314132
"Templestowe Lower, 37 Eric Av, 3107",-37.7564012,145.0978555
"Elwood, 5/10 Avoca Av, 3184",-37.8736838,144.9847499
"Thornbury, 4/304 Rossmoyne St, 3071",-37.7595705,145.022059
"St Kilda, 33/62 Wellington St, 3182",-37.8570409,144.986979
"Clayton South, 3/563 Clayton Rd, 3169",-37.9426884,145.1159924
"Tarneit, 5/27 Turva Av, 3029",-37.8376335,144.6740998
"Templestowe, 337 Porter St, 3106",-37.7553944,145.1614893
"Brighton East, 2/25 Primrose Cr, 3187",-37.9132613,145.0140002
"Ashwood, 30 Carlyle St, 3147",-37.8614709,145.0971226
"Bentleigh East, 8 Anderson Av, 3165",-37.9082945,145.0569824
"Broadmeadows, 3/61 Cuthbert St, 3047",-37.6850071,144.9303409
"Parkdale, 5/384 Nepean Hwy, 3195",-37.993084,145.0817941
"St Albans, 50 Station Av, 3021",-37.7413336,144.808672
"Footscray, 8/155 Gordon St, 3011",-37.7964514,144.8887838
"Watsonia North, 5 Byrne Cr, 3087",-37.6932558,145.0865735
"Glen Iris, 8A Queens Pde, 3146",-37.851112,145.0923069
"Brighton, 2/59 Roslyn St, 3186",-37.9234821,145.0022219
"Chadstone, 30b Margot St, 3148",-37.8779039,145.0968745
"Brighton, 57 Lynch Cr, 3186",-37.9210606,144.9978721
"Canterbury, 26 Chaucer Cr, 3126",-37.8245641,145.073737
"Fitzroy North, 4/682 Nicholson St, 3068",-37.7833306,144.9778284
"Highett, 2/41 Albert St, 3190",-37.9490056,145.0368059
"Bayswater North, 8 Toolimerin Av, 3153",-37.8330399,145.2985307
"Strathmore, 82 Strathnaver Av, 3041",-37.7179211,144.9020715
"Malvern, 7/14 Elizabeth St, 3144",-37.8513223,145.0361449
"North Melbourne, 6/80 Oshanassy St, 3051",-37.7996657,144.9467282
"Preston, 40 George St, 3072",-37.7336249,144.9859155
"Maribyrnong, 31 Hillsdale Av, 3032",-37.7866367,144.8961153
"Maribyrnong, 3 Village Wy, 3032",-37.7707387,144.8778227
"Glenroy, 47 Justin Av, 3046",-37.7021291,144.9340092
"South Morang, 4 Premier Av, 3752",-37.6316751,145.0665129
"Hawthorn East, 7/29 Rathmines Rd, 3123",-37.8198799,145.0478218
"Fitzroy, 4/228 Moor St, 3065",-37.8022568,144.9831612
"Malvern, 37 Claremont Av, 3144",-37.8659058,145.0321274
"Hampton East, 4/17 Keiller St, 3188",-37.9353256,145.0352759
"Reservoir, 51 Allenby Av, 3073",-37.7014324,145.0048401
"Bundoora, 24 Glenn Cr, 3083",-37.6970685,145.0452835
"Seaholme, 6a Cambridge St, 3018",-37.8638044,144.8458238
"Croydon South, 25 Andrew Cr, 3136",-37.8136168,145.2619237
"Bulleen, 30a Warringal St, 3105",-37.7618906,145.0909763
"Port Melbourne, 58/3 Seisman Pl, 3207",-37.8416625,144.9454524
"Altona North, 23 Huxtable Av, 3025",-37.8294527,144.8516367
"Maribyrnong, 306/2 La Scala Av, 3032",-37.7802723,144.891908
"Fitzroy North, 4/582 Nicholson St, 3068",-37.7857374,144.9773586
"Ascot Vale, 8/123 Epsom Rd, 3032",-37.7787824,144.9133787
"Pascoe Vale, 6/3 Plymouth Av, 3044",-37.7219041,144.941065
"Glenroy, 66 Langton St, 3046",-37.6975144,144.9144206
"Doncaster, 55 Caringal Av, 3108",-37.7908183,145.1154368
"Reservoir, 3/5 Dunolly Cr, 3073",-37.7159367,145.0205919
"Balaclava, 9/117 Westbury St, 3183",-37.8677806,144.9953826
"Port Melbourne, 6/53 Johnston St, 3207",-37.8434189,144.9434117
"Kensington, 2 Rourke La, 3031",-37.7929497,144.9174555
"Reservoir, 2/37 Ashton St, 3073",-37.7281322,145.0211743
"Toorak, 22 Lansell Rd, 3142",-37.8386313,145.0166176
"Glen Waverley, 2/5 Janice Rd, 3150",-37.8928359,145.1488695
"Sunshine, 38 Ardoyne St, 3020",-37.7977801,144.8255619
"Ormond, 2/268 Grange Rd, 3204",-37.901009,145.044999
"Malvern, 5 Shaftesbury Av, 3144",-37.8548758,145.0380824
"Strathmore, 36b Dublin Av, 3041",-37.7355495,144.9075431
"Ormond, 28A Cadby Av, 3204",-37.9059003,145.0394992
"MacLeod, 36 Hester Wk, 3085",-37.7208875,145.0795637
"Bentleigh, 2/32 Mavho St, 3204",-37.9190495,145.03426
"Port Melbourne, 701/142 Rouse St, 3207",-37.8421644,144.9399742
"Coburg North, 2/5 Lake Gr, 3058",-37.7333371,144.9661796
"MacLeod, 3/4 Skye St, 3085",-37.7182555,145.073642
"St Kilda, 74/604 St Kilda Rd, 3182",-37.8511263,144.9804974
"Essendon, 4/19 Ballater St, 3040",-37.7489828,144.9049359
"Toorak, 6/18 Tintern Av, 3142",-37.8424298,145.0058519
"Mont Albert, 33 Victoria Cr, 3127",-37.8147224,145.1049047
"Brighton East, 23 Northern Av, 3187",-37.9020569,145.0181471
"South Melbourne, 301/196 Albert Rd, 3205",-37.8371467,144.9671841
"Ashwood, 7 Jingella Av, 3147",-37.8699136,145.0993069
"Essendon, 4/142 Cooper St, 3040",-37.741557,144.899529
"Greensborough, 3/27 River St, 3088",-37.7054318,145.1157341
"Balwyn, 7A Relowe Cr, 3103",-37.8055914,145.1030584
"Glen Iris, 6/17 Belmont Av, 3146",-37.8568989,145.0480512
"Hughesdale, 5/1 Barkly St, 3166",-37.9021732,145.0791089
"Mount Waverley, 2/2 Lynden Gr, 3149",-37.8615414,145.1136063
"Frankston, 5 Somme Av, 3199",-38.1533664,145.112584
"Mont Albert, 9 Carlyle Cr, 3127",-37.8121457,145.1014495
"Ferntree Gully, 8 Lancia Ct, 3156",-37.8928118,145.2822855
"Richmond, 309/71 Abinger St, 3121",-37.8200826,145.0038155
"Black Rock, 60b Ardoyne St, 3193",-37.9723256,145.02372
"Caroline Springs, 31 Kororoit App, 3023",-37.7380865,144.7440482
"South Yarra, 305/35 Malcolm St, 3141",-37.8369921,144.996831
"Carnegie, 7/179 Neerim Rd, 3163",-37.8876244,145.0476269
"Carnegie, 7/54 Moonya Rd, 3163",-37.8965368,145.061735
"Brunswick East, 2/64 Barkly St, 3057",-37.7779555,144.9738634
"Donvale, 31 Larne Av, 3111",-37.792071,145.1939896
"Kilsyth, 4/20 Durham Rd, 3137",-37.8024037,145.3185397
"Ascot Vale, 3/44 North St, 3032",-37.7758621,144.9255466
"Sunshine North, 9/18 Northumberland Rd, 3020",-37.7764175,144.840986
"Glenroy, 9a Kennedy St, 3046",-37.7101769,144.9151111
"Reservoir, 3/48 Goulburn Av, 3073",-37.7216519,145.0208132
"Reservoir, 3a Carrington Rd, 3073",-37.7221517,144.9913307
"Glenroy, 83 Beatty Av, 3046",-37.699042,144.92627
"Burwood, 2/34 McComas Gr, 3125",-37.8531407,145.1112904
"Thornbury, 4/104 Gooch St, 3071",-37.7588609,145.0076216
"Cheltenham, 25 Munro Av, 3192",-37.9573047,145.0450961
"Doncaster East, 23 Lambert Pl, 3109",-37.7739043,145.1740948
"Templestowe Lower, 57 Mincha Av, 3107",-37.7595887,145.0970573
"Malvern, 66 Claremont Av, 3144",-37.8668799,145.0355002
"Croydon, 3/6 Haig St, 3136",-37.7932744,145.2901265
"Preston, 3/46 Tyler St, 3072",-37.7329133,145.0340337
"Jacana, 2/47 Emu Pde, 3047",-37.6878419,144.9086712
"Essendon North, 9/15 Royal Av, 3041",-37.7387443,144.9048887
"Glenroy, 50 Chapman Av, 3046",-37.7086854,144.9141147
"Brunswick West, 2/458 Brunswick Rd, 3055",-37.7750617,144.9405468
"Bulleen, 2/6 England St, 3105",-37.7606153,145.0855177
"Thornbury, 4/99 Ballantyne St, 3071",-37.7578638,144.9923553
"Richmond, 24 Green St, 3121",-37.827187,144.99477
"Reservoir, 2/54 Dumbarton St, 3073",-37.7018787,145.0295332
"Reservoir, 6 Falk Av, 3073",-37.697357,145.0139839
"Hawthorn, 6 Dean Av, 3122",-37.8250415,145.0393273
"Bentleigh East, 32a Brian St, 3165",-37.9251235,145.0533427
"Windsor, 2/24 The Avenue, 3181",-37.8558527,144.9981024
"Bulleen, 8a Ronald Av, 3105",-37.7650756,145.090038
"Bayswater, 55 Ozone Rd, 3153",-37.8515312,145.2608902
"Sunshine North, 22 Ford Av, 3020",-37.7597276,144.8290197
"Hughesdale, 2/25 Latrobe St, 3166",-37.9027468,145.0847322
"Northcote, 99a Christmas St, 3070",-37.7667322,145.0148966
"Coburg, 9 Woiwurung Cr, 3058",-37.7357759,144.9739612
"Richmond, 24 Richmond Tce, 3121",-37.8219157,144.9906369
"MacLeod, 43 Wungan St, 3085",-37.7187233,145.074676
"Hampton East, 7 Seafoam St, 3188",-37.938445,145.032659
"Doncaster, 33a Finlayson St, 3108",-37.7886189,145.1087016
"Ashburton, 2/43 Warner Av, 3147",-37.8689636,145.0861745
"MacLeod, 94 Torbay St, 3085",-37.7193958,145.0803031
"Eltham North, 36 Arcadia Wy, 3095",-37.6896707,145.1486515
"Port Melbourne, 505/115 Nott St, 3207",-37.8400142,144.9389959
"Glenroy, 5/43 Anselm Gr, 3046",-37.7022544,144.9103196
"Spotswood, 24 Mary St, 3015",-37.8276847,144.878793
"Doncaster, 2/4 Frank St, 3108",-37.7938829,145.1268525
"Reservoir, 3/127 Hickford St, 3073",-37.703839,145.015424
"Brunswick West, 9/6 McLean St, 3055",-37.755759,144.938912
"Balwyn, 4/5 Caravan St, 3103",-37.804843,145.097294
"Balwyn, 9/132 Yarrbat Av, 3103",-37.811073,145.0982216
"Glenroy, 35 Paget Av, 3046",-37.7027798,144.9246137
"Preston, 2d Edwin St, 3072",-37.7533386,145.0185365
"Ormond, 349 Koornang Rd, 3204",-37.902939,145.0542316
"Hawthorn, 8/136 Church St, 3122",-37.8185021,145.0178377
"Doreen, 58 Cathedral Ri, 3754",-37.5864808,145.1283462
"Kew East, 43 Ramsay Av, 3102",-37.7940231,145.0462787
"Melbourne, 9/73 Queens Rd, 3000",-37.8519877,144.9792093
"Kew, 8 Carnsworth Av, 3101",-37.8038038,145.0232756
"Hawthorn, 3/45 Church St, 3122",-37.8146838,145.0221899
"Clayton, 77 Fulton St, 3168",-37.914082,145.1170815
"Ashburton, 4 Wilgra Av, 3147",-37.8612728,145.090078
"Brunswick West, 6/2 Allard St, 3055",-37.7675465,144.9427145
"Prahran, 4/7 Lewisham Rd, 3181",-37.857579,144.998656
"Reservoir, 57 Hobbs Cr, 3073",-37.7076684,145.0039601
"Coburg, 3/1 Manna Gum Ct, 3058",-37.7368952,144.976074
"Greensborough, 3/11 William St, 3088",-37.702712,145.094235
"Malvern East, 8/7 Hedgeley Av, 3145",-37.8689203,145.0580639
"St Kilda, 6/39 Eildon Rd, 3182",-37.8613521,144.9781909
"Rosanna, 43 Brassey Av, 3084",-37.7344151,145.0718427
"Burwood, 2/29 Renown St, 3125",-37.8541368,145.1226203
"Essendon, 56a Bradshaw St, 3040",-37.7473464,144.8945054
"Hampton East, 7 Summit Av, 3188",-37.9394272,145.0248746
"East Melbourne, 3/8 Wellington Cr, 3002",-37.8172114,144.9776788
"Reservoir, 74 Lloyd Av, 3073",-37.6976773,145.0140878
"Doncaster East, 3/57 Renshaw St, 3109",-37.7936757,145.1449331
"South Yarra, 2/57 Darling St, 3141",-37.834285,144.991396
"Sandringham, 2/8 Masefield Av, 3191",-37.957502,145.01017
"Altona North, 2/5 Stapley Cr, 3025",-37.8356571,144.8645194
"St Albans, 8 Avondale Av, 3021",-37.7450185,144.8148294
"Malvern, 4a Milton Pde, 3144",-37.8449824,145.0379704
"Brunswick, 5/80 Dawson St, 3056",-37.7702202,144.9523084
"Hawthorn, 63/1 Domville Av, 3122",-37.8212572,145.0223916
"Bentleigh East, 6/87 East Boundary Rd, 3165",-37.9276335,145.0573901
"Hampton East, 3/113 Spring Rd, 3188",-37.9385293,145.033645
"Windsor, 3a Duke St, 3181",-37.8537894,144.9933142
"Pascoe Vale, 4/4 Plymouth Av, 3044",-37.7220351,144.9427049
"Coburg, 23 Cole Cr, 3058",-37.7474372,144.9782235
"St Albans, 2/4 Levenia St, 3021",-37.7581439,144.8007403
"Eltham, 3/124 Dalton St, 3095",-37.7254293,145.1518386
"Jacana, 52 Hales Cr, 3047",-37.6854996,144.9142001
"St Albans, 96 George St, 3021",-37.7307046,144.7977113
"Brunswick, 2/68 De Carle St, 3056",-37.7596947,144.9655065
"MacLeod, 2/26 Strathallan Rd, 3085",-37.723811,145.077591
"Canterbury, 62 Wentworth Av, 3126",-37.8176003,145.0720121
"Ascot Vale, 5/27 Harold St, 3032",-37.7730538,144.9010029
"Bentleigh East, 8b Browns Rd, 3165",-37.9238428,145.0562809
"Reservoir, 3/63 Lane Cr, 3073",-37.7126599,145.0202034
"Clifton Hill, 4/28 Groom St, 3068",-37.7931724,144.9979945
"Reservoir, 2/46 Orrong Av, 3073",-37.7130936,145.0127017
"Mill Park, 4 Stockdale Wy, 3082",-37.6628925,145.0805471
"Brighton, 8/3 Railway Av, 3186",-37.9181228,144.9935949
"McKinnon, 3/294 Jasper Rd, 3204",-37.9088226,145.0438479
"Burwood, 33 Cookson Wy, 3125",-37.8578283,145.1105194
"Kingsville, 92 Empress Av, 3012",-37.8092116,144.8813851
"Northcote, 9 Lawry St, 3070",-37.7707071,144.9995515
"Clifton Hill, 3/77 Field St, 3068",-37.79228,145.0022922
"Glenroy, 6 Pengana Av, 3046",-37.7088218,144.9077567
"Richmond, 404/1 Margaret St, 3121",-37.8235073,144.9903904
"Murrumbeena, 9 Winston Wy, 3163",-37.9052854,145.0607855
"Murrumbeena, 7 Lawrance St, 3163",-37.8899045,145.0763333
"Coburg North, 52 Lincoln Av, 3058",-37.7192662,144.9557094
"Reservoir, 28 Lane Cr, 3073",-37.7150825,145.0169148
"Doncaster East, 4/64 Beverley St, 3109",-37.7913309,145.1600163
"Collingwood, 407/132 Smith St, 3066",-37.804475,144.983604
"Murrumbeena, 2/33 Railway Pde, 3163",-37.8932537,145.0729354
"Wollert, 31 Warruga Cr, 3750",-37.6132491,145.0418446
"Murrumbeena, 24 Kinlock Av, 3163",-37.9054394,145.0695596
"Gardenvale, 6/37 Lantana Rd, 3185",-37.8976905,145.0112839
"Hawthorn East, 708/32 Lilydale Gr, 3123",-37.8230814,145.0476491
"Essendon, 9 Amelia Av, 3040",-37.7451366,144.9232228
"Aberfeldie, 49 Brunel St, 3040",-37.7628182,144.8963108
"Strathmore, 8/12 Lamart St, 3041",-37.7226125,144.9068672
"Thornbury, 54 Bradley Av, 3071",-37.7605652,144.9882491
"Reservoir, 36a Ashton St, 3073",-37.7287484,145.021435
"Noble Park, 64 Leonard Av, 3174",-37.9738234,145.1745729
"Sunshine North, 62 Dunkeld Av, 3020",-37.7665864,144.8241649
"Bentleigh East, 2/61 Lahona Av, 3165",-37.9275778,145.0557479
"Brunswick, 9a Downs St, 3056",-37.7554453,144.9554152
"Malvern, 8/23 Raleigh St, 3144",-37.8682478,145.0339767
"Mount Waverley, 36 Winbourne Rd, 3149",-37.8770432,145.1234659
"MacLeod, 52 Joynt St, 3085",-37.7262256,145.066565
"MacLeod, 69 Torbay St, 3085",-37.721065,145.0757752
"Altona North, 53 Second Av, 3025",-37.8378166,144.8530263
"St Kilda, 2/26 Wellington St, 3182",-37.8567268,144.9846279
"Coburg, 5/27 Cope St, 3058",-37.735077,144.9616485
"Chelsea, 7/17 Golden Av, 3196",-38.056697,145.121427
"Prahran, 33 Irving Av, 3181",-37.8567891,145.0070967
"St Kilda, 5/12 St Leonards Av, 3182",-37.863349,144.9779486
"Altona North, 85a First Av, 3025",-37.8328624,144.8548354
"Mill Park, 31 Hurlstone Cr, 3082",-37.6618754,145.0699042
"Brunswick West, 77 Collier Cr, 3055",-37.7714548,144.9462559
"Maribyrnong, 304/2 La Scala Av, 3032",-37.7802723,144.891908
"Viewbank, 5/62 Meyrick Cr, 3084",-37.7366653,145.0892457
"Mount Waverley, 262 Lawrence Rd, 3149",-37.8779249,145.1414235
"Richmond, 4/2 Union St, 3121",-37.8183819,144.9929635
"Maidstone, 6/92 Ballarat Rd, 3012",-37.7861898,144.8776414
"Mount Waverley, 2/558 Huntingdale Rd, 3149",-37.8900683,145.1080877
"Viewbank, 37 Kambea Cr, 3084",-37.736335,145.0815739
"Camberwell, 3/40 Glen Iris Rd, 3124",-37.8468406,145.0680177
"Sunshine West, 68 Lachlan Rd, 3020",-37.7919799,144.8095474
"Ascot Vale, 3/7 Roxburgh St, 3032",-37.7759779,144.9193703
"Toorak, 4/518 Toorak Rd, 3142",-37.84236,145.01633
"Mont Albert, 4/3 Rowland St, 3127",-37.8212078,145.111016
"Toorak, 3/669 Toorak Rd, 3142",-37.8434078,145.0296833
"Maidstone, 36/44 Eucalyptus Dr, 3012",-37.7794876,144.8728939
"Coburg North, 24 Irene St, 3058",-37.7250056,144.9522631
"Blackburn, 42 Williams Rd, 3130",-37.8134328,145.1503803
"Kew, 3/13 Kent St, 3101",-37.8064719,145.0401219
"Altona North, 5/24 Valerian Av, 3025",-37.829284,144.8500919
"Ringwood East, 7/51 Mt Dandenong Rd, 3135",-37.8081312,145.2480646
"West Footscray, 3/12 Rondell Av, 3012",-37.7975952,144.8689553
"Lower Plenty, 2/320 Main Rd, 3093",-37.7274994,145.1247412
"Sunbury, 32 Gilchrist Cr, 3429",-37.5718135,144.719456
"Sunshine North, 32 Troon Cr, 3020",-37.772867,144.8463831
"Templestowe Lower, 22 Fairbank Cr, 3107",-37.7650187,145.1228581
"Airport West, 45 Laurence Av, 3042",-37.7284818,144.8764097
"Glenroy, 2/7 Langton St, 3046",-37.7013097,144.9133696
"Donvale, 24 Florence Av, 3111",-37.8021152,145.1812446
"Richmond, 409/10 Burnley St, 3121",-37.8126488,145.0093583
"Hampton, 39 Thorburn St, 3188",-37.9415205,145.022286
"Kew, 3 First Av, 3101",-37.8008233,145.0568125
"Cremorne, 315/140 Swan St, 3121",-37.8254885,144.9948361
"Toorak, 6 Woodside Cr, 3142",-37.8434452,145.0048822
"Strathmore, 9/2 North Av, 3041",-37.7428043,144.9273512
"Melbourne, 318/9 Commercial Rd, 3000",-37.8452869,144.9797891
"North Melbourne, 7/342 Dryburgh St, 3051",-37.7979275,144.9446599
"St Kilda, 3/62 Alma Rd, 3182",-37.8606692,144.9886924
"Ascot Vale, 42 Archer Av, 3032",-37.7775103,144.9074878
"Coburg North, 52 Lorensen Av, 3058",-37.7199235,144.9607023
"South Yarra, 22/384 Toorak Rd, 3141",-37.840609,145.0035424
"Airport West, 28 Creswell Av, 3042",-37.7328742,144.8874406
"Strathmore, 3 Madel Av, 3041",-37.7419258,144.9209165
"Fitzroy North, 7/125 Rushall Cr, 3068",-37.7819992,144.989944
"Brooklyn, 4 Viola Av, 3012",-37.8205123,144.8393132
"Wantirna South, 4/1340 High Street Rd, 3152",-37.8772452,145.2242437
"Flemington, 5/155 Mt Alexander Rd, 3031",-37.7828917,144.93418
"Carrum, 2/66 Whatley St, 3197",-38.0824309,145.1316837
"Altona North, 29a The Broadway, 3025",-37.8340553,144.861358
"Oakleigh, 3 Caloola Av, 3166",-37.8902815,145.0896117
"Reservoir, 3/14 Suffolk St, 3073",-37.7075255,145.0117112
"Preston, 2/33 Cramer St, 3072",-37.7400343,144.9985194
"Southbank, 5/86 Kavanagh St, 3006",-37.8245558,144.9632111
"Brighton East, 696A Hawthorn Rd, 3187",-37.908004,145.0177166
"Keilor Downs, 5 Wimmera Cr, 3038",-37.722914,144.813926
"Deepdene, 2/24 Barnsbury Rd, 3103",-37.8128966,145.0655519
"Moorabbin, 2/3 William St, 3189",-37.9445358,145.0443822
"Ivanhoe, 24 Osney Av, 3079",-37.7572331,145.042684
"Plumpton, 30 Aubisque Cl, 3335",-37.7149209,144.7242433
"Aspendale, 45 Eulinga Av, 3195",-38.0142566,145.0992547
"Sunbury, 8 Curtin Dr, 3429",-37.5626165,144.7319379
"Fawkner, 56 Alec Cr, 3060",-37.6935336,144.9681358
"Hawthorn, 9/125 Riversdale Rd, 3122",-37.8288648,145.0367688
"Armadale, 65 Barkly Av, 3143",-37.8597521,145.024974
"Brunswick, 24 Amelia St, 3056",-37.776024,144.9660113
"Reservoir, 2/8 Cuthbert Rd, 3073",-37.7163058,145.0157348
"Burwood, 3/8 Newbigin St, 3125",-37.8525478,145.1308086
"Northcote, 6 Cain Av, 3070",-37.7795165,145.0078376
"Reservoir, 3/59 Clingin St, 3073",-37.7288888,145.0310768
"Mont Albert, 8/17 Wolseley Cl, 3127",-37.819391,145.103236
"Doncaster, 28 Larkspur Av, 3108",-37.7946757,145.1312623
"Brighton, 3/14 Nepean Hwy, 3186",-37.8853407,144.9978358
"Windsor, 28/174 Peel St, 3181",-37.8562641,144.9916112
"Elwood, 8/15 Dickens St, 3184",-37.8715954,144.986943
"Epping, 3 Eclipse Av, 3076",-37.6252619,145.0176787
"Strathmore, 9 North Av, 3041",-37.7415166,144.9270381
"Glen Iris, 2/9 Park Rd, 3146",-37.847088,145.0570117
"Richmond, 7 Barkly Av, 3121",-37.8292678,144.9996412
"South Kingsville, 7 Aloha St, 3015",-37.8308675,144.8672244
"Maribyrnong, 3 Lakeside Cr, 3032",-37.784783,144.8994522
"Greenvale, 36 Frontier Av, 3059",-37.613226,144.8860175
"Flemington, 250 Pinoak Cr, 3031",-37.781652,144.9275021
"Brunswick, 56b Dunstan Av, 3056",-37.7580436,144.9737687
"Kingsville, 8/35 Edgar St, 3012",-37.8095484,144.8771306
"Thornbury, 34a Newman St, 3071",-37.7565405,144.9860429
"Glen Huntly, 9/115 Neerim Rd, 3163",-37.8878471,145.0419151
"Sunshine West, 53 Sanders Av, 3020",-37.7930001,144.8245085
"Hadfield, 3/99 East St, 3046",-37.7068918,144.9502704
"Maribyrnong, 2/7 Bloomfield Av, 3032",-37.7703737,144.8915499
"Melbourne, 406/360 St Kilda Rd, 3000",-37.8317727,144.9710948
"Gladstone Park, 8 Aylesbury Cr, 3043",-37.6920717,144.8876797
"Sunshine West, 25 Rautman Cr, 3020",-37.8034589,144.8273671
"Glen Huntly, 4/12 Park Av, 3163",-37.8959205,145.0436644
"Carlton, 70/121 Rathdowne St, 3053",-37.8042272,144.9690866
"Malvern East, 2/240 Waverley Rd, 3145",-37.8768938,145.0543001
"Bonbeach, 2/49 Fowler St, 3196",-38.0587292,145.1257236
"Altona, 5a Emu Av, 3018",-37.8679054,144.8095846
"Carnegie, 3/14 Arawatta St, 3163",-37.8849455,145.0593975
"Mount Waverley, 3/24 Mummery St, 3149",-37.8812333,145.1297271
"Keilor East, 92 Noga Av, 3033",-37.7416691,144.8709997
"Eltham, 2/41 Luck St, 3095",-37.7126282,145.1535711
"Bayswater, 3/34 Farnham Rd, 3153",-37.8495387,145.2742207
"Kensington, 304/84 Altona St, 3031",-37.7966089,144.9254138
"Richmond, 4/5 Leslie St, 3121",-37.8119717,145.0074396
"St Albans, 29 Marsden Cr, 3021",-37.7447974,144.7989136
"Fitzroy, 2/41 Kerr St, 3065",-37.7963746,144.9768992
"Gowanbrae, 49 Rutherglen Cr, 3043",-37.7010616,144.8968267
"Braybrook, 40 Lawn Cr, 3019",-37.7822827,144.860494
"Camberwell, 8/887 Toorak Rd, 3124",-37.8452317,145.0549012
"Pascoe Vale, 238 Boundary Rd, 3044",-37.7164215,144.9379229
"Caulfield North, 3/16 Payne St, 3161",-37.8780009,145.0333719
"Tarneit, 3 Clarafield Cr, 3029",-37.8450763,144.6765978
"Camberwell, 29 Fairfield Av, 3124",-37.8413841,145.0587874
"Caulfield North, 4/40 Northcote Av, 3161",-37.8780398,145.027899
"Kings Park, 40 Kingdom Av, 3021",-37.7327773,144.7638407
"Fitzroy, 3/241 Napier St, 3065",-37.8005991,144.9801634
"Wallan, 8 Appleberry Wy, 3756",-37.4195597,144.9637434
"Pascoe Vale, 75 Landells Rd, 3044",-37.7252104,144.9430142
"Sunshine, 5 Leith Av, 3020",-37.791807,144.8301181
"Malvern East, 52 Abbotsford Av, 3145",-37.8818488,145.0858873
"Moonee Ponds, 83 Holmes Rd, 3039",-37.7661731,144.9135228
"Chelsea, 56 Argyle Av, 3196",-38.0541664,145.1245145
"Essendon, 3/15 Balmoral St, 3040",-37.749099,144.906031
"Mont Albert, 3 Blenheim Av, 3127",-37.8241058,145.1127879
"Melbourne, 505/598 St Kilda Rd, 3000",-37.8500636,144.9800675
"MacLeod, 37 Grieve St, 3085",-37.7266109,145.0621947
"Templestowe Lower, 6 Lakeview Tce, 3107",-37.7706,145.1009462
"Seddon, 7/20 Bayview Rd, 3011",-37.807379,144.885457
"Mentone, 7/60 Beach Rd, 3194",-37.9876984,145.0580365
"Kingsbury, 31b Cash St, 3083",-37.7143172,145.0404508
"Malvern, 42 Victoria Rd, 3144",-37.8692659,145.0383162
"Bayswater North, 3 Wendover Av, 3153",-37.8202364,145.2679228
"Brighton East, 3A Denton St, 3187",-37.9298864,145.0269139
"Murrumbeena, 2/9 Ardyne St, 3163",-37.8923608,145.068311
"Flemington, 230/200 Smithfield Rd, 3031",-37.7887993,144.9222422
"Keilor Downs, 35 Wimmera Cr, 3038",-37.7254708,144.8131916
"Mount Waverley, 233 Lawrence Rd, 3149",-37.8748318,145.141292
"Surrey Hills, 2/7 Benson St, 3127",-37.8184933,145.0905819
"Footscray, 5/34 Whitehall St, 3011",-37.8021919,144.9052848
"Forest Hill, 3/11 Morloc St, 3131",-37.829182,145.1717358
"Hawthorn East, 408/138 Camberwell Rd, 3123",-37.8287396,145.053457
"Rowville, 4 Lakeside Bvd, 3178",-37.9148004,145.2442749
"Prahran, 9 Larnook St, 3181",-37.8569532,145.0081909
"Brunswick, 32 Amelia St, 3056",-37.7761858,144.9660561
"Burwood, 30 Waratah Av, 3125",-37.8447775,145.0997618
"Oakleigh South, 41 Cleek Av, 3167",-37.9131516,145.0873517
"Essendon North, 2/8 Ronald St, 3041",-37.7365393,144.8958498
"Jacana, 49 Hales Cr, 3047",-37.6858847,144.9145938
"Brunswick West, 3 Appleby Cr, 3055",-37.7565955,144.9490699
"Sunshine, 25 Kinnane Cr, 3020",-37.7799391,144.8362671
"Dallas, 49 Millewa Cr, 3047",-37.6728462,144.9295043
"Wyndham Vale, 57 Balcombe Dr, 3024",-37.8716483,144.6000657
"Oakleigh South, 7 Cleek Av, 3167",-37.9108465,145.0874491
"Westmeadows, 2/4 Avion Pl, 3049",-37.6809407,144.8799297
"Noble Park, 2/7 Flinders St, 3174",-37.9598292,145.1681441
"Kew, 3/32 Ridgeway Av, 3101",-37.8050163,145.0395196
"Elsternwick, 7/483 Kooyong Rd, 3185",-37.896489,145.0127922
"Glen Iris, 6/39 Scott Gr, 3146",-37.855144,145.049762
"Coburg North, 27 Peterson Av, 3058",-37.7339825,144.9821074
"Hampton, 9/36 Crisp St, 3188",-37.941385,145.0059525
"Reservoir, 3/25 Invermay St, 3073",-37.7030082,145.0282316
"Noble Park, 5/31 Dunblane Rd, 3174",-37.9608056,145.1817321
"Point Cook, 8 Fuchsia Cr, 3030",-37.9020129,144.751125
"Brighton East, 2C Ratho Av, 3187",-37.9284887,145.0049275
"Williams Landing, 48 Fantail Cr, 3027",-37.8537157,144.7345531
"South Yarra, 3/2 Lawson Gr, 3141",-37.8336346,144.990431
"Toorak, 27 Montalto Av, 3142",-37.8434486,145.0120076
"Albion, 3/44 Derrimut St, 3020",-37.779219,144.8171374
"Brighton, 33 Laburnum St, 3186",-37.9169194,145.0047792
"Doncaster East, 30A Renshaw St, 3109",-37.7945327,145.1473244
"Reservoir, 87 Pallant Av, 3073",-37.6950936,144.9997
"Richmond, 401/1 Railway Pl, 3121",-37.8260159,144.9954924
"Footscray, 483 Barkly St, 3011",-37.7980044,144.8819344
"Oakleigh, 89 Burlington St, 3166",-37.9028584,145.1006782
"Windsor, 8 Eastbourne St, 3181",-37.8531093,144.9938932
"Carlton North, 9/1062 Lygon St, 3054",-37.7809417,144.9705344
"Brighton, 9 Laburnum St, 3186",-37.9186099,145.0045787
"Reservoir, 7/18 Bedford St, 3073",-37.7175425,145.0083355
"Preston, 2/22 Josephine Gr, 3072",-37.735165,145.014543
"Strathmore, 3/242 Woodland St, 3041",-37.7412236,144.9109891
"Malvern, 25/158 Wattletree Rd, 3144",-37.8627191,145.0295608
"Ormond, 2/39 Queen St, 3204",-37.9043879,145.0354581
"Balwyn North, 37 Tower Rd, 3104",-37.8010692,145.0806741
"Strathmore, 3/17 Mascoma St, 3041",-37.728258,144.920191
"Braybrook, 2/8 Turner Cr, 3019",-37.7921327,144.8516378
"Carnegie, 5 Graceburn Av, 3163",-37.8912959,145.0551162
"Hawthorn, 3/178 Auburn Rd, 3122",-37.8247738,145.0443861
"Bentleigh East, 73b Purtell St, 3165",-37.9261337,145.0569011
"Sunshine North, 36 Cooke Av, 3020",-37.7586197,144.8280309
"Bundoora, 5 Gray Ct, 3083",-37.6936256,145.0643475
"Hawthorn East, 402/32 Lilydale Gr, 3123",-37.8230683,145.047655
"Hampton, 375b Bluff Rd, 3188",-37.9440997,145.0222338
"Hampton East, 7/17 Keiller St, 3188",-37.9353256,145.0352759
"Hampton, 2/22 Fewster Rd, 3188",-37.938418,145.014616
"Sunshine West, 59 Felstead Av, 3020",-37.8034415,144.8169696
"Hawthorn East, 401/480 Riversdale Rd, 3123",-37.831646,145.0559933
"Cheltenham, 3/7 Jellicoe St, 3192",-37.9609251,145.0579016
"Bentleigh, 7a Porter Rd, 3204",-37.931535,145.0438107
"Ashwood, 44 Electra Av, 3147",-37.8709177,145.1103965
"Hawthorn East, 409/32 Lilydale Gr, 3123",-37.8230683,145.047655
"St Kilda, 2/80 Blessington St, 3182",-37.8686021,144.98461
"Burwood, 3 Murray Dr, 3125",-37.8458493,145.1009145
"Prahran, 2/5 Lewisham Rd, 3181",-37.8577813,144.9986413
"Camberwell, 6/74 Glyndon Rd, 3124",-37.8410527,145.0791314
"Brunswick East, 6/374 Lygon St, 3057",-37.7672291,144.9727344
"Camberwell, 56 Fairview Av, 3124",-37.8458508,145.0929792
"Greensborough, 4/72 Nell St, 3088",-37.709016,145.10265
"Roxburgh Park, 3 Gaussberg Wk, 3064",-37.6345769,144.9128308
"Moonee Ponds, 4/21 Learmonth St, 3039",-37.7672028,144.916904
"Mount Waverley, 53 Catherine Av, 3149",-37.8942685,145.1234584
"Airport West, 3/81 McIntosh St, 3042",-37.7213293,144.8836398
"Aspendale, 75 Laura St, 3195",-38.0239246,145.1011661
"Port Melbourne, 405/54 Nott St, 3207",-37.8406532,144.9389097
"Richmond, 6/1 Ellis St, 3121",-37.8158052,144.9958756
"Elsternwick, 23/14 McMillan St, 3185",-37.8871309,145.0016194
"Altona North, 22 Joel Av, 3025",-37.8413114,144.8427433
"St Kilda, 61 Waterloo Cr, 3182",-37.8621643,144.9834178
"Camberwell, 3/11 Carramar Av, 3124",-37.8367442,145.0744531
"Reservoir, 3/126 St Vigeons Rd, 3073",-37.7055827,145.01953
"Templestowe Lower, 331a High St, 3107",-37.7621317,145.1188379
"Hawthorn, 6/9 Henry St, 3122",-37.8202808,145.0430289
"Brunswick West, 275C Union St, 3055",-37.7729789,144.9383053
"Ivanhoe, 51 Elphin St, 3079",-37.7772832,145.0383014
"Beaumaris, 3a Wall St, 3193",-37.9779302,145.0476693
"Mont Albert, 2/82 Victoria Cr, 3127",-37.8141146,145.1109056
"Albion, 66 Adelaide St, 3020",-37.7774803,144.8205297
"Reservoir, 6/42 Harbury St, 3073",-37.712557,145.000791
"Caulfield South, 3/4 Griffiths St, 3162",-37.888845,145.0317997
"Pascoe Vale, 77 Landells Rd, 3044",-37.725086,144.943009
"Melbourne, 608/422 Collins St, 3000",-37.8170971,144.9601487
"Mordialloc, 6/17 Collocott St, 3195",-37.9999988,145.0895804
"Malvern East, 5 Langville Ct, 3145",-37.882566,145.0553927
"Mulgrave, 5 Grosvenor Av, 3170",-37.9249314,145.1717928
"Bentleigh, 34 Buckingham Av, 3204",-37.9178278,145.0506096
"Cheltenham, 6B Tenham Gr, 3192",-37.9684403,145.0681607
"Carnegie, 6/20 Anzac St, 3163",-37.8858706,145.064888
"Pascoe Vale, 7/6 Downs St, 3044",-37.725688,144.94088
"Black Rock, 3/308 Beach Rd, 3193",-37.976546,145.016921
"Forest Hill, 45 Lasiandra Av, 3131",-37.8336042,145.1840052
"Highett, 3/21 Morley Cr, 3190",-37.9437303,145.0261079
"Brunswick, 8/380 Lygon St, 3056",-37.7670374,144.9727047
"Hampton, 30 James Cr, 3188",-37.9427645,145.0204664
"Ardeer, 22 Lawrence St, 3022",-37.7781997,144.8026628
"Croydon, 9/116 Hull Rd, 3136",-37.793283,145.3037638
"Ivanhoe, 9 Central Av, 3079",-37.7758727,145.0406276
"Glen Huntly, 2/33 MacGowan Av, 3163",-37.8942471,145.0400607
"Bentleigh East, 75 Latham St, 3165",-37.9140433,145.0743014
"Preston, 7/553 Murray Rd, 3072",-37.736388,144.9831898
"Bentleigh East, 6/1036 North Rd, 3165",-37.9083622,145.0747492
"Sunshine West, 93 Nicholson Pde, 3020",-37.7963585,144.8083137
"Thornbury, 348 Gooch St, 3071",-37.7609356,145.0273448
"Viewbank, 26 Broadlea Cr, 3084",-37.7297193,145.0959572
"Windsor, 4/16 Lewisham Rd, 3181",-37.8568257,144.9991541
"Bundoora, 5 Latrobe Av, 3083",-37.6979678,145.0467762
"Murrumbeena, 3/28 Rosella St, 3163",-37.8945296,145.0738172
"Malvern East, 31 Berrima Av, 3145",-37.8829404,145.0666623
"Bentleigh, 46 Railway Cr, 3204",-37.9276075,145.0359995
"Greensborough, 3/71 Nell St, 3088",-37.7100583,145.1025919
"Boronia, 25 Southey Rd, 3155",-37.8433737,145.2956741
"Kingsville, 4 Kingsville St, 3012",-37.8071818,144.8787149
"Eltham North, 47 Acheron Cr, 3095",-37.703159,145.1333993
"MacLeod, 33 Torbay St, 3085",-37.7227046,145.0727904
"Hampton, 2/458 Bluff Rd, 3188",-37.9430763,145.0230187
"Donvale, 5 Linford Cl, 3111",-37.7763775,145.1790304
"Kew, 4/56 Princess St, 3101",-37.8043603,145.0295205
"Mentone, 8/19 Florence St, 3194",-37.9815947,145.0608114
"Port Melbourne, 405/99 Nott St, 3207",-37.8405031,144.9385446
"Burwood, 42a Highbury Rd, 3125",-37.8542353,145.1011115
"Hoppers Crossing, 7 Ashton Cr, 3029",-37.8608624,144.6728877
"Ascot Vale, 49 Newsom St, 3032",-37.7754861,144.9023631
"Maidstone, 3/19 Burns St, 3012",-37.7872066,144.8748404
"Brunswick East, 6a Deakin St, 3057",-37.7723013,144.9746614
"Bayswater, 4/45 Marlborough Rd, 3153",-37.8381232,145.254496
"Brunswick West, 3/10 Melville Rd, 3055",-37.7678506,144.9434886
"Diamond Creek, 35 Chapman St, 3089",-37.6781407,145.1684308
"Lalor, 38 Vasey Av, 3075",-37.6678319,145.0199189
"Frankston, 3/46 Williams St, 3199",-38.152242,145.121863
"Pascoe Vale, 4/9 Austin Cr, 3044",-37.726484,144.9280205
"Ivanhoe, 73 Bond St, 3079",-37.7624793,145.0369202
"Hawthorn East, 2/30 Ryeburne Av, 3123",-37.8204542,145.0582685
"South Yarra, 5/41 Caroline St, 3141",-37.8380526,144.9879249
"Glen Iris, 2 Martin Cr, 3146",-37.8619191,145.0457743
"Carlton North, 409 Station St, 3054",-37.7869727,144.9755044
"Hawthorn East, 4/50 Victoria Rd, 3123",-37.8227366,145.0484954
"Abbotsford, 2/47 Nicholson St, 3067",-37.8080877,144.9960888
"Bentleigh East, 2/24 Monash St, 3165",-37.9126095,145.083319
"Chadstone, 30 Melinga Cr, 3148",-37.8777804,145.1076737
"Reservoir, 2/3 Kennedy St, 3073",-37.7227721,144.9877189
"Heidelberg Heights, 2/67 Lloyd St, 3081",-37.7440502,145.0504572
"South Morang, 23 Meridian Dr, 3752",-37.6221499,145.0717195
"Bundoora, 3/10 Edro Ct, 3083",-37.7027079,145.0581367
"Coburg North, 2 Elizabeth St, 3058",-37.7399239,144.9813908
"Bentleigh East, 2/73 Bignell Rd, 3165",-37.9356711,145.0685508
"Oakleigh, 3/5 Heath Av, 3166",-37.9008649,145.0966728
"Oak Park, 3 Summit Av, 3046",-37.7170442,144.9139919
"Carrum, 23a True Av, 3197",-38.0728665,145.1297213
"Bundoora, 3/210 Greenhills Rd, 3083",-37.68916,145.047977
"Preston, 2/8 Furzer St, 3072",-37.7278447,144.9863976
"Bentleigh East, 29 Beddoe Av, 3165",-37.9183004,145.0685969
"Greensborough, 44 Albion Cr, 3088",-37.6969828,145.1208165
"Mont Albert, 3/72 Kenmare St, 3127",-37.8126691,145.112165
"Nunawading, 8/22 Mount Pleasant Rd, 3131",-37.8227318,145.1776177
"Hampton, 4 Bayside Cr, 3188",-37.9432047,145.0060857
"Balwyn North, 2/35 Greythorn Rd, 3104",-37.793317,145.099757
"Bulleen, 3/10 Ronald Av, 3105",-37.7643374,145.0904964
"Rosanna, 2 Leon Av, 3084",-37.7439605,145.0714047
"Sunshine North, 7 Laura Ct, 3020",-37.7573158,144.8280363
"Sunshine West, 32 Buckingham Cr, 3020",-37.8007823,144.8255794
"Burwood, 28 Farleigh Av, 3125",-37.8459968,145.1241152
"Footscray, 6/63 Hyde St, 3011",-37.8059955,144.9012256
"Ivanhoe, 32 Lantana St, 3079",-37.7586963,145.0495072
"Maribyrnong, 407/54 La Scala Av, 3032",-37.7809631,144.8940056
"Avondale Heights, 25 MacEy Av, 3034",-37.7641187,144.8661067
"Hampton East, 3 Tarwin Av, 3188",-37.938993,145.0245434
"Kew, 26 Valentine Av, 3101",-37.8097776,145.0303373
"South Yarra, 4/52 Pasley St, 3141",-37.8424582,144.9847259
"Chelsea, 24 Baxter Av, 3196",-38.0447474,145.1220001
"Mount Waverley, 4/547 High Street Rd, 3149",-37.8711628,145.1414014
"Noble Park, 7b Ellt Cr, 3174",-37.9546643,145.1732868
"Malvern East, 3/26 Ferncroft Av, 3145",-37.868724,145.057238
"Balwyn North, 36 Larbert Av, 3104",-37.781915,145.0879727
"Essendon, 4/183 Napier St, 3040",-37.7459088,144.9191059
"Chadstone, 5/9 Churchill Av, 3148",-37.8875415,145.1067264
"Reservoir, 53 Ayr St, 3073",-37.703434,145.0331354
"Armadale, 3/28 Elgin Av, 3143",-37.8564588,145.0120999
"Hawthorn East, 2/516 Tooronga Rd, 3123",-37.8326418,145.0474869
"Bulleen, 37 Apex Cr, 3105",-37.7693427,145.0915742
"Port Melbourne, 844/1 Esplanade Pl, 3207",-37.8370633,144.9451071
"Watsonia, 7 Crellin Cr, 3087",-37.7089832,145.0837988
"Carlton, 4/150 Station St, 3053",-37.7938676,144.9748042
"Balwyn, 4/12 Boston Rd, 3103",-37.8161336,145.0776972
"Alphington, 4/24 Como St, 3078",-37.7826255,145.0334024
"Glen Iris, 5/1435 High St, 3146",-37.8587362,145.0474458
"Doncaster, 806/1 Grosvenor St, 3108",-37.7832364,145.128251
"Balwyn, 38 Relowe Cr, 3103",-37.803578,145.1033775
"Broadmeadows, 58a Cuthbert St, 3047",-37.6844235,144.9303474
"South Yarra, 6/34 Cromwell Rd, 3141",-37.843555,145.0004011
"Brighton, 6/29 Seacombe Gr, 3186",-37.9062443,144.9857275
"Greenvale, 4/10 Brechin Ct, 3059",-37.6515046,144.8918866
"South Yarra, 3/567 Punt Rd, 3141",-37.8418781,144.9855826
"Greensborough, 5/20 Hobson St, 3088",-37.7044215,145.092352
"Glen Iris, 2/37 Carroll Cr, 3146",-37.8513069,145.0470011
"Bentleigh East, 8 Stockdale Av, 3165",-37.9168518,145.0637507
"Yallambie, 33 Fahey Cr, 3085",-37.7297748,145.0835874
"Gardenvale, 4/58 Lantana Rd, 3185",-37.896641,145.0118948
"Coburg, 4 Higinbotham St, 3058",-37.7363496,144.9583227
"Kew, 2/7 Gladstone St, 3101",-37.8026549,145.0400673
"Mount Waverley, 2/51 Ian Gr, 3149",-37.8949091,145.1198948
"Pascoe Vale, 7/1 Heath St, 3044",-37.7298034,144.9286944
"Oak Park, 5/36 Josephine St, 3046",-37.7181124,144.9153245
"Caroline Springs, 45 Willandra Lp, 3023",-37.7526765,144.7321327
"Footscray, 7/37 Ballarat Rd, 3011",-37.7953944,144.9056084
"Montmorency, 2/31 Hoban Av, 3094",-37.7155707,145.1183719
"Richmond, 606/20 Burnley St, 3121",-37.8126488,145.0093583
"Greensborough, 7/143 St Helena Rd, 3088",-37.6993781,145.1202287
"Coburg North, 4/97 Shorts Rd, 3058",-37.7233308,144.9528919
"Reservoir, 7 Lambassa Gr, 3073",-37.6987264,145.0183875
"Camberwell, 66 Fordham Av, 3124",-37.8397832,145.0735874
"Burwood, 4a Gracehill Av, 3125",-37.8560606,145.1243854
"Yarraville, 72 Pentland Pde, 3013",-37.8113576,144.8929901
"Carnegie, 404/3 Morton Av, 3163",-37.8866917,145.058377
"Hampton, 2/518 Bluff Rd, 3188",-37.9364538,145.0242659
"Footscray, 3/2 Ballarat Rd, 3011",-37.7951731,144.9090089
"Braybrook, 4/31 Vine St, 3019",-37.7808187,144.8566953
"Reservoir, 24 MacLagan Cr, 3073",-37.706777,145.0062946
"Northcote, 55 Elm St, 3070",-37.7680607,144.9948622
"Northcote, 4/228 Victoria Rd, 3070",-37.7659861,145.0125225
"Surrey Hills, 6/14 Broughton Rd, 3127",-37.8282743,145.1037681
"Malvern, 8 Chesterfield Av, 3144",-37.8451308,145.0325975
"Bulleen, 4/16 Carrathool St, 3105",-37.7641709,145.0894002
"Bentleigh, 28b Scotts St, 3204",-37.9206237,145.0471209
"Eltham, 2/72 Bible St, 3095",-37.7183358,145.151362
"Niddrie, 3/32 Spring St, 3042",-37.733425,144.8753971
"Glen Iris, 8/69 Edgar St N, 3146",-37.8500089,145.0461191
"Richmond, 3A Waltham Pl, 3121",-37.8202533,144.9972755
"Reservoir, 2/57 Clingin St, 3073",-37.7288934,145.0312414
"Brunswick West, 42 Hopetoun Av, 3055",-37.7536608,144.9355884
"Reservoir, 83 Glasgow Av, 3073",-37.7037,144.9964945
"Reservoir, 35 Goulburn Av, 3073",-37.7223097,145.0203159
"Caulfield North, 8/129 Kambrook Rd, 3161",-37.88059,145.0345486
"Malvern, 5 Banksia Wy, 3144",-37.8491407,145.0325906
"Glenroy, 30 Valley Cr, 3046",-37.7004356,144.9069825
"Wyndham Vale, 49 Lancewood Rd, 3024",-37.871613,144.5940749
"Plumpton, 36 Orbis Av, 3335",-37.7188496,144.7318817
"Hawthorn, 403/36 Lynch St, 3122",-37.8213105,145.0291373
"Glen Huntly, 2/7 Rosedale Av, 3163",-37.8905093,145.0432291
"Brighton East, 4/377 South Rd, 3187",-37.9315137,145.0287317
"Brunswick, 8/100 Blyth St, 3056",-37.7664684,144.9701995
"Richmond, 2/35 Jubilee Pl, 3121",-37.8124432,145.0041608
"Thornbury, 8/350 Gooch St, 3071",-37.7609487,145.0273388
"Moonee Ponds, 8 Milfay Av, 3039",-37.7678533,144.9192882
"Caulfield North, 409/58 Kambrook Rd, 3161",-37.875864,145.0358589
"Prahran, 62/321 Chapel St, 3181",-37.8476062,144.9938072
"Northcote, 35 McCracken Av, 3070",-37.7696319,144.9942561
"Elwood, 5/71 Ormond Rd, 3184",-37.8842125,144.9859859
"South Morang, 85 Bushmans Wy, 3752",-37.6468564,145.1007049
"Ringwood, 5 Lade Ct, 3134",-37.8026346,145.2357461
"Prahran, 8 Green St, 3181",-37.8531525,144.9902509
"Rosanna, 28a Brassey Av, 3084",-37.7352683,145.0733935
"Melbourne, 505/83 Queens Rd, 3000",-37.8544158,144.9804421
"Balwyn, 7 Sevenoaks St, 3103",-37.806451,145.0746749
"Elwood, 3/9 Foam St, 3184",-37.8841408,144.9911748
"Fitzroy, 9/144 George St, 3065",-37.8043003,144.9812622
"Elwood, 6/4 Hartpury Av, 3184",-37.8749874,144.9891571
"Boronia, 2/374 Dorset Rd, 3155",-37.8475109,145.2870961
"Glen Waverley, 2/4 Myers Av, 3150",-37.8742729,145.1593072
"Eaglemont, 49a Hopetoun Gr, 3084",-37.7654925,145.0547257
"Kew, 5/20 Duke St, 3101",-37.7952077,145.0331372
"Nunawading, 4 Busana Wy, 3131",-37.805635,145.1711558
"Northcote, 301/231 St Georges Rd, 3070",-37.7652036,144.9915665
"Glenroy, 3/21 Hartington St, 3046",-37.6997358,144.9160655
"Doreen, 96 Laurimar Bvd, 3754",-37.5796412,145.1221643
"Wyndham Vale, 97 Eureka Dr, 3024",-37.8714248,144.5994338
"Elwood, 29 Mason Av, 3184",-37.8764976,144.9900449
"Seddon, 2/26 Emma St, 3011",-37.8044851,144.8897776
"Ashburton, 26 Tarakan Av, 3147",-37.8661415,145.0834325
"Doncaster, 52 Timber Rdg, 3108",-37.7774857,145.107069
"Dallas, 471 Barry Rd, 3047",-37.66549,144.9350689
"St Kilda, 8/24 Alma Rd, 3182",-37.8604098,144.9852598
"Brighton, 7 Dendy St, 3186",-37.9188753,144.9894179
"Brooklyn, 3/53 Stenhouse Av, 3012",-37.8208127,144.8443602
"Ormond, 9/498 North Rd, 3204",-37.9039302,145.0381423
"Campbellfield, 39 Cambridge Wy, 3061",-37.6769494,144.9671831
"Camberwell, 31a Morey St, 3124",-37.8411659,145.096099
"Camberwell, 64 Fordham Av, 3124",-37.8396556,145.073518
"Moonee Ponds, 5/20 Park St, 3039",-37.7618068,144.9198649
"Oakleigh, 3 Young St, 3166",-37.9066968,145.0951806
"Ivanhoe, 3/18 Belmont Rd, 3079",-37.7679839,145.033941
"Hampton East, 2a Evans Av, 3188",-37.9441959,145.0381195
"Glenroy, 98 Melbourne Av, 3046",-37.7034661,144.928385
"Kew East, 3/33 Woodlands Av, 3102",-37.7975716,145.0566004
"Kew, 2/7 College Pde, 3101",-37.8135228,145.0354719
"Northcote, 3/2 McCracken Av, 3070",-37.7697322,144.9916239
"Kew, 4/29 Walpole St, 3101",-37.8046069,145.0315275
"Viewbank, 82 Casey Cr, 3084",-37.7338992,145.0958724
"Sydenham, 3/42 Albert Rd, 3037",-37.6883388,144.7583189
"Melbourne, 74/431 St Kilda Rd, 3000",-37.8384414,144.9771288
"Oakleigh, 2/23 Dalgety St, 3166",-37.8916598,145.0908112
"St Kilda, 50/343 Beaconsfield Pde, 3182",-37.8585858,144.9708487
"Chadstone, 40 Mawarra Cr, 3148",-37.8792625,145.1086317
"Reservoir, 23 Pallant Av, 3073",-37.6966678,144.9948682
"Glen Iris, 4 Denman Av, 3146",-37.8501779,145.0689445
"East Melbourne, 510 Victoria Pde, 3002",-37.8099178,144.9883946
"Reservoir, 3/1 McCrae St, 3073",-37.7060633,145.0102424
"Hawthorn, 9/136 Church St, 3122",-37.8185021,145.0178377
"Elsternwick, 410/28 Riddell Pde, 3185",-37.8853439,145.0022834
"Brighton, 2/3 Foote St, 3186",-37.8973229,144.9928786
"Elwood, 3/210 Tennyson St, 3184",-37.8830094,144.9929749
"Camberwell, 36 Pine Av, 3124",-37.841044,145.059535
"Ascot Vale, 62 Langs Rd, 3032",-37.7831033,144.9068006
"Ormond, 2 Howard Av, 3204",-37.9043278,145.027276
"Essendon West, 3a Bourke St, 3040",-37.7542602,144.8861773
"Mentone, 2/8 Broome Av, 3194",-37.980638,145.0827148
"Black Rock, 5/315 Beach Rd, 3193",-37.9774175,145.0169795
"Carnegie, 8/36 Moonya Rd, 3163",-37.8966928,145.0599189
"Reservoir, 5/1 Griffiths St, 3073",-37.7145606,144.9957651
"Ashburton, 3 Lae Ct, 3147",-37.8693077,145.0844243
"Preston, 83A Tyler St, 3072",-37.7330851,145.0312351
"South Morang, 4 Flamingo Pt, 3752",-37.6395237,145.0733097
"Balwyn North, 45 Dempster Av, 3104",-37.7955077,145.0943194
"Heidelberg Heights, 9 Heffernan Wk, 3081",-37.7454231,145.0507605
"Newport, 3/58 Mason St, 3015",-37.8417675,144.8782042
"Rosanna, 36 Victoria Av, 3084",-37.7318287,145.0641041
"Footscray, 303/250 Barkly St, 3011",-37.7991858,144.8960777
"Seaford, 30 Larool Cr, 3198",-38.085411,145.1290435
"Parkdale, 2/23 Robert St, 3195",-37.9861886,145.0833695
"Clarinda, 45/104 Springs Rd, 3169",-37.9365905,145.1065649
"Hillside, 3/6 Lorraine Ct, 3037",-37.7031581,144.7438964
"Airport West, 95A Bowes Av, 3042",-37.7268974,144.8850151
"Hawthorn East, 3/50 Victoria Rd, 3123",-37.8226606,145.0485114
"Brunswick East, 5/146 Mitchell St, 3057",-37.7604668,144.9767121
"Kensington, 54 McCracken St, 3031",-37.7916527,144.9275388
"Camberwell, 4/11 Allambee Av, 3124",-37.8344413,145.0740605
"Hughesdale, 3/27 Latrobe St, 3166",-37.9028138,145.0848021
"Werribee, 30 Latham St, 3030",-37.8794829,144.655972
"Yarraville, 2/37 Kidman St, 3013",-37.8139705,144.8647533
"Yarraville, 3/14 Gordon Pde, 3013",-37.8228816,144.8831534
"Essendon, 31 Lawson St, 3040",-37.7580056,144.9321364
"Beaumaris, 8/1 Coles Ct, 3193",-37.9794264,145.0468484
"South Yarra, 29 Davis Av, 3141",-37.8413984,144.9899028
"Keilor East, 26 Heather Av, 3033",-37.7439329,144.8695913
"Keilor East, 71 Noga Av, 3033",-37.7419702,144.8705167
"Altona North, 61a First Av, 3025",-37.8363747,144.8543614
"Hawthorn, 4/1 Domville Av, 3122",-37.8212572,145.0223916
"Mont Albert, 33a Kingsley Cr, 3127",-37.8142993,145.1137881
"Southbank, 24/105 Southbank Bvd, 3006",-37.8231265,144.9668968
"Brighton, 9 Newbay Cr, 3186",-37.9053484,144.9919335
"Newport, 3/169 Mason St, 3015",-37.8413097,144.8689421
"Toorak, 9 Glyndebourne Av, 3142",-37.840394,145.0257371
"Glenroy, 3/95 Loongana Av, 3046",-37.7091966,144.9030434
"Brunswick East, 3 Temuka Av, 3057",-37.7643475,144.9754894
"Glenroy, 4/17 Finchley Av, 3046",-37.703724,144.91308
"Hawthorn, 2/9 Fordholm Rd, 3122",-37.8304174,145.0309793
"Port Melbourne, 406/2 Rouse St, 3207",-37.8443239,144.9437223
"Camberwell, 4/870 Riversdale Rd, 3124",-37.835063,145.0887439
"Burnley, 9/50 Gibdon St, 3121",-37.8297305,145.0098602
"Brighton East, 34a Pine St, 3187",-37.9198505,145.007113
"Balwyn, 22 Gordon St, 3103",-37.8074364,145.0638126
"Maidstone, 2/8 Bernard St, 3012",-37.7877086,144.864849
"St Kilda, 8/109 Wellington St, 3182",-37.8570682,144.9896394
"Kensington, 802/70 Speakmen St, 3031",-37.7939637,144.9159974
"Carnegie, 8/5 Gnarwyn Rd, 3163",-37.8943989,145.0615756
"Bentleigh East, 81 Kennedy St, 3165",-37.9198151,145.0819256
"Glenroy, 2/8 Becket St S, 3046",-37.7012171,144.9130475
"Ringwood, 2/22 Andrew St, 3134",-37.808385,145.223843
"Malvern East, 35 Carlyle Wy, 3145",-37.869618,145.0571041
"Northcote, 3/105 Arthurton Rd, 3070",-37.7686053,144.989775
"Kew, 35 Barrington Av, 3101",-37.805431,145.0440173
"Armadale, 7/377 Dandenong Rd, 3143",-37.8604328,145.0147329
"South Yarra, 2/35 Alexandra Av, 3141",-37.8300817,144.987026
"Thomastown, 3/6 Heyington Av, 3074",-37.6820186,145.015586
"Hawthorn, 2 Ercildoune Av, 3122",-37.8361528,145.0411758
"Sunshine West, 3/13 Mayne St, 3020",-37.7909173,144.8250057
"Toorak, 9/24 Mathoura Rd, 3142",-37.8470422,145.0072848
"Surrey Hills, 5/56 Windsor Cr, 3127",-37.8238544,145.1053985
"Middle Park, 48 Langridge St, 3206",-37.8544222,144.9653046
"Altona North, 2/33 Fifth Av, 3025",-37.8411485,144.8491794
"Altona North, 29 Cyclamen Av, 3025",-37.8285759,144.8527123
"Prahran, 4/261 Dandenong Rd, 3181",-37.8587938,145.0023782
"Bentleigh East, 3/1 Omeo Ct, 3165",-37.9218048,145.0596689
"Rosanna, 28 Stanton Cr, 3084",-37.7315095,145.0709914
"MacLeod, 2/32 Edward St, 3085",-37.7247779,145.0765969
"Elsternwick, 4/28 Clarence St, 3185",-37.8920568,145.0105969
"Burwood, 35 Barnes Av, 3125",-37.8565235,145.098195
"Altona North, 7 Seventh Av, 3025",-37.8444555,144.8468588
"Glen Iris, 4/17 Peate Av, 3146",-37.8477169,145.0633514
"Donvale, 45 Larne Av, 3111",-37.795066,145.1948637
"Essendon, 2/5 Kalimna St, 3040",-37.7502448,144.9227869
"Rosanna, 26 Laane Av, 3084",-37.7438877,145.0725521
"Melbourne, 310/74 Queens Rd, 3000",-37.8522676,144.9793122
"Northcote, 2/54 Gadd St, 3070",-37.7623043,144.9911254
"Essendon, 7/5 Queen St, 3040",-37.7452998,144.9090081
"Richmond, 6/11 River St, 3121",-37.8151184,145.0135911
"Richmond, 3/21 Somerset St, 3121",-37.8153701,145.0011728
"Airport West, 7 McNamara Av, 3042",-37.7314694,144.8805014
"Camberwell, 27 Lansell Cr, 3124",-37.836578,145.0703674
"Reservoir, 4/94 Purinuan Rd, 3073",-37.7078791,145.0223392
"Glen Iris, 2/4 Peace St, 3146",-37.862995,145.0643514
"Altona North, 61 Cooper Av, 3025",-37.8367674,144.8441649
"Bentleigh East, 9 Lancaster St, 3165",-37.9120131,145.0546133
"Malvern East, 47 Cairnes Cr, 3145",-37.8728601,145.0646987
"Doncaster, 36 Queens Av, 3108",-37.787707,145.1369946
"Templestowe Lower, 5/207 Manningham Rd, 3107",-37.7716928,145.1025114
"Reservoir, 36 Tambo Av, 3073",-37.7209241,145.0189525
"Essendon, 3/28 Gilbertson St, 3040",-37.741825,144.897954
"Altona North, 71a Clematis Av, 3025",-37.8264807,144.8502777
"Ashburton, 4A Derna Rd, 3147",-37.8669485,145.0864884
"Templestowe Lower, 33 Lowan Av, 3107",-37.7578098,145.1008448
"Sandringham, 28/170 Beach Rd, 3191",-37.9579746,145.0092657
"Ascot Vale, 301/8 Burrowes St, 3032",-37.7785937,144.9140606
"Hawthorn, 305/33 Wattle Rd, 3122",-37.8245906,145.0289674
"Glen Iris, 52 Denman Av, 3146",-37.8508654,145.0757452
"Armadale, 3/39 Kooyong Rd, 3143",-37.8597265,145.0197691
"Camberwell, 5/105 Wattle Valley Rd, 3124",-37.836305,145.0807695
"Richmond, 704/36 Regent St, 3121",-37.8111737,144.9919327
"Brighton, 3a Valda Gr, 3186",-37.912807,144.9994365
"Greensborough, 3/171 St Helena Rd, 3088",-37.6993918,145.1215417
"Port Melbourne, 27/39 Esplanade Pl, 3207",-37.8362817,144.9464282
"Yarraville, 7 Banool Av, 3013",-37.8218775,144.8896776
"West Footscray, 6/12 Carmichael St, 3012",-37.7987068,144.8786359
"Rosanna, 2/23 Ruthven St, 3084",-37.7299596,145.065216
"Glenroy, 3/19 Isla Av, 3046",-37.7047605,144.9307961
"Reservoir, 7/49 Storey Rd, 3073",-37.7239908,145.0109868
"Elwood, 4/7 Vautier St, 3184",-37.8859318,144.9869179
"Camberwell, 35 Allambee Av, 3124",-37.8347431,145.0779587
"Ashwood, 3/26 May Park Av, 3147",-37.8678657,145.0974139
"Yarraville, 56 Wembley Av, 3013",-37.8216925,144.8734322
"Brighton East, 30 Sunlight Cr, 3187",-37.9276976,145.0212715
"Sunshine, 92 Cornwall Rd, 3020",-37.7848234,144.8418409
"Hampton, 6b Poole Av, 3188",-37.9417514,145.018846
"MacLeod, 2/63 Harborne St, 3085",-37.7179505,145.0890419
"Preston, 9/4 Spring St, 3072",-37.7367325,144.9996139
"Abbotsford, 513/6 Acacia Pl, 3067",-37.8117587,145.0141491
"Craigieburn, 262A Waterview Bvd, 3064",-37.5835969,144.9071875
"Reservoir, 62 Liston Av, 3073",-37.6970417,145.0155428
"Strathmore, 48 Lebanon St, 3041",-37.7278666,144.9177105
"Hawthorn East, 5/866 Toorak Rd, 3123",-37.8456157,145.051994
"Rosanna, 4/49 Bellevue Av, 3084",-37.7391435,145.0630991
"Mordialloc, 2/64 White St, 3195",-37.9997296,145.0934599
"Sunshine West, 36 Lachlan Rd, 3020",-37.7921653,144.8122844
"Northcote, 506/17 Robbs Pde, 3070",-37.7685243,144.9995905
"Balwyn North, 38 Ferninand Av, 3104",-37.7950547,145.095071
"Balwyn North, 35 Walnut Rd, 3104",-37.7882848,145.0909455
"Werribee, 7 Squatter Ct, 3030",-37.8832584,144.663482
"Malvern East, 57a Midlothian St, 3145",-37.8839704,145.088025
"Bentleigh East, 76 Stockdale Av, 3165",-37.9184092,145.072649
"Bentleigh, 34b Marquis Rd, 3204",-37.9310077,145.0472072
"Brighton, 29 Lawrence St, 3186",-37.9155079,145.0006598
"Thomastown, 4/56 Heyington Av, 3074",-37.682503,145.0207281
"Preston, 24b Tynan St, 3072",-37.7340927,144.9896256
"Noble Park, 30/196 Corrigan Rd, 3174",-37.9719452,145.1657776
"Bundoora, 30 Tasman Dr, 3083",-37.6890284,145.0596656
"Fawkner, 7 Alec Cr, 3060",-37.6951396,144.9699042
"Bentleigh East, 30a Chesterville Dr, 3165",-37.9238098,145.0655646
"Melbourne, 301/442 St Kilda Rd, 3000",-37.8382389,144.9754034
"Albert Park, 78 Herbert St, 3206",-37.8459671,144.9600788
"Coburg North, 3/16 Lorensen Av, 3058",-37.7225682,144.9611091
"South Melbourne, 603/148 Wells St, 3205",-37.830791,144.9693648
"Newport, 5/38 Blenheim Rd, 3015",-37.845128,144.8640491
"Kew, 4/29 Barrington Av, 3101",-37.8059266,145.04408
"Reservoir, 3/67 Dundee St, 3073",-37.7021026,145.0247869
"Glen Waverley, 2 Ingleside Cr, 3150",-37.8850191,145.14742
"Glen Huntly, 5/32 Royal Av, 3163",-37.8947503,145.04165
"Roxburgh Park, 4/26 McKinley Dr, 3064",-37.6350403,144.9320586
"Bentleigh East, 3/45 Elizabeth St, 3165",-37.9228649,145.0566363
"Ivanhoe, 9/1 Mervyn Cr, 3079",-37.7755108,145.0476725
"Ashwood, 2/25 May Park Av, 3147",-37.8670598,145.0975422
"Coburg, 3 Glencairn Av, 3058",-37.7540652,144.9574058
"Brunswick West, 28 Yarrabin St, 3055",-37.7580467,144.9370316
"Balwyn, 2/4 Woods St, 3103",-37.8044709,145.0872723
"Tullamarine, 3/49 Waratah Av, 3043",-37.7035605,144.8809035
"Surrey Hills, 4/16 Bona Vista Av, 3127",-37.8284481,145.0989973
"Edithvale, 3/77 Northcliffe Rd, 3196",-38.0396101,145.1196412
"Mitcham, 5/10 Quarry Rd, 3132",-37.8088599,145.1948212
"Keilor East, 3/17 Cohen St, 3033",-37.7449372,144.8636385
"Blackburn North, 2/6 Charlton St, 3130",-37.8056624,145.1540013
"Airport West, 3/24 Elstone Av, 3042",-37.733662,144.888803
"Ormond, 6/249 Grange Rd, 3204",-37.8995864,145.0446851
"Preston, 5/492 Murray Rd, 3072",-37.7366416,144.9945411
"Mooroolbark, 57 Landscape Dr, 3138",-37.765723,145.325997
"Vermont South, 7 Hempstead Av, 3133",-37.8554431,145.1886674
"Prahran, 4/6 Karbarook Av, 3181",-37.8591688,145.0098707
"Avondale Heights, 7 Landau Pl, 3034",-37.7600331,144.8649783
"Prahran, 4 Green St, 3181",-37.8531463,144.9901105
"Niddrie, 2e The Avenue, 3042",-37.7328919,144.8786567
"Blackburn, 2/8 Service Rd, 3130",-37.8161415,145.1423941
"Reservoir, 61 Botha Av, 3073",-37.7013948,145.0024983
"Coburg North, 31 Ballard Av, 3058",-37.7310175,144.9776301
"Croydon, 2/331 Dorset Rd, 3136",-37.8018515,145.2901319
"Wollert, 51 Whitebark St, 3750",-37.6122979,145.0439097
"Ringwood, 2/3 Margaret St, 3134",-37.815541,145.2139121
"Kingsbury, 27 Keats Av, 3083",-37.7183296,145.0351545
"Kew, 33/380 High St, 3101",-37.8045522,145.0374592
"Bentleigh East, 75a Waratah St, 3165",-37.9128171,145.0826343
"Essendon West, 24a Emerald St, 3040",-37.7516762,144.8871529
"Brunswick West, 30 Smith St, 3055",-37.7677026,144.9470282
"Brunswick West, 7/22 Irvine Cr, 3055",-37.7542385,144.9479178
"St Kilda, 2b Lambeth Pl, 3182",-37.8612043,144.9872899
"Mernda, 30 Darvel Dr, 3754",-37.5996033,145.065536
"Ormond, 2/8 Bewdley St, 3204",-37.9077025,145.0494296
"Port Melbourne, 420/70 Nott St, 3207",-37.8403865,144.9391183
"Footscray, 42b Swan St, 3011",-37.7963393,144.8865231
"Melbourne, 304/18 Russell Pl, 3000",-37.8134924,144.9673838
"Caulfield North, 7/3 Payne St, 3161",-37.8783979,145.0339766
"Brunswick West, 5/1 Manica St, 3055",-37.7739687,144.9392763
"Roxburgh Park, 6 Spence Av, 3064",-37.6230557,144.9225044
"Preston, 37 Bailey Av, 3072",-37.751667,145.0119749
"Thornbury, 6/86 Flinders St, 3071",-37.7563229,145.0066319
"Coburg, 28 Lascelles St, 3058",-37.7452978,144.9508264
"Brooklyn, 7 Stenhouse Av, 3012",-37.8195381,144.8481916
"Ivanhoe, 3/10 Tate St, 3079",-37.7664119,145.0393765
"Hawthorn, 9/111 Riversdale Rd, 3122",-37.8287061,145.0354311
"Glenroy, 2/32 Gladstone Pde, 3046",-37.7076823,144.9112721
"Bentleigh East, 3/3 Dega Av, 3165",-37.9293574,145.0500823
"Huntingdale, 8/264 Huntingdale Rd, 3166",-37.9073308,145.1044309
"Balwyn, 89 Yarrbat Av, 3103",-37.8090352,145.0935832
"South Morang, 2/5 Briar Ct, 3752",-37.6522713,145.08998
"Brunswick East, 506/29 Nicholson St, 3057",-37.7788597,144.9779784
"Pascoe Vale, 6 Donnelly Ct, 3044",-37.7150171,144.9415466
"Mill Park, 36 Coventry Cr, 3082",-37.6771205,145.0693355
"Sunshine West, 22 McCoubrie Av, 3020",-37.8023425,144.8252014
"Moorabbin, 2/5 Rosebud Av, 3189",-37.9398372,145.0490309
"Melbourne, 401/142 Park St, 3000",-37.8337139,144.9660175
"South Yarra, 3/57 Adams St, 3141",-37.8356483,144.9772925
"Craigieburn, 51 Langdon Cr, 3064",-37.6055527,144.9328841
"Thornbury, 3/25 Wilmoth St, 3071",-37.7642521,145.0156522
"Mount Waverley, 67 Larch Cr, 3149",-37.868565,145.1481791
"Essendon, 2/5 Warner St, 3040",-37.7452928,144.9128589
"Carnegie, 2/52 Leila Rd, 3163",-37.9009138,145.0492539
"Maribyrnong, 4/9 Warrs Rd, 3032",-37.7701035,144.8929079
"Malvern East, 6/10 Ferncroft Av, 3145",-37.867078,145.0572519
"Surrey Hills, 4/537 Whitehorse Rd, 3127",-37.8140014,145.0926175
"Camberwell, 4/1016 Toorak Rd, 3124",-37.8476097,145.0667188
"Mentone, 2/5 Palermo St, 3194",-37.9903147,145.0663553
"Glen Iris, 8/64 Edgar St Nth, 3146",-37.8500251,145.0465505
"Altona North, 2/324 Blackshaws Rd, 3025",-37.8313765,144.8535016
"Taylors Hill, 30 Hardware La, 3037",-37.6962123,144.7713569
"Brunswick, 3 Latrobe St, 3056",-37.7613431,144.9713318
